firm_label;year;country;industry;SEN_Score;SUS_density;QUANT_Score;HEDGE_Score;Z_SEN;Z_SUS;Z_QUANT;Z_HEDGE;ESGSI;ESGSI_ext;n_passages;n_climate;n_commit;clim_share;clim_share_words;commit_share;CTI;CTI_prob;spec_share;sent_net;sent_net_prob;opp_share;risk_share;frame_share_clim;frame_wide_share_clim;sent_net_exFrame;sent_net_exFrameWide;SEN_clim;SEN_nonclim;QUANT_clim;HEDGE_clim;SUS_clim;SUS_nonclim;SUS_passages;SEN_exA;SEN_exB;SEN_exTop10;SEN_exTop25;cuota_N_exA;cuota_N_exB;Z_SEN_exA;Z_SEN_exB;Z_SEN_exTop10;Z_SEN_exTop25;Z_SEN_clim;Z_SEN_nonclim
Consumer Discretionary-01;2018;Germany;Consumer Discretionary;0.2727;4.271431;0.0039665523156089;0.0033997751761577;1.811325601228508;-1.2482031237180822;-0.0238469505523186;-1.3571830906736424;3.0597;2.393;411;95;71;0.23114355231143552;0.24131421003691284;0.7473684210526316;0.4507042253521127;0.45694905519485474;0.4421052631578947;0.3684210526315789;0.325547456741333;0.4105263157894737;0.042105263157894736;0.0;0.0;0.3684210526315789;0.3684210526315789;0.46987951807228917;0.22399020807833536;0.003503035964502569;0.0019106759016001911;8.191850594227503;2.5509496741993622;3.9398056223220816;0.3466666666666667;0.380859375;0.3314500941619586;0.3741496598639456;0.15099009900990099;0.21534653465346534;1.826288213954568;1.7615311957704591;1.819885694928555;1.7872279896286325;1.406369114510096;2.0405480775226774
Consumer Discretionary-01;2019;Germany;Consumer Discretionary;0.3549;4.187403;0.0048138377437515;0.003932286582815;2.305366024405901;-1.2929413593599732;0.311064454320124;-0.9702528759608277;3.5983;2.9577;381;91;68;0.2388451443569554;0.2557395773843518;0.7472527472527473;0.45588235294117646;0.43702811002731323;0.42857142857142855;0.42857142857142855;0.40449944138526917;0.4725274725274725;0.04395604395604396;0.0;0.0;0.42857142857142855;0.42857142857142855;0.583011583011583;0.27671232876712326;0.00401965163019205;0.0030853616729516627;7.6028250934773585;2.572118800625266;3.85429902583651;0.42916235780765255;0.4578059071729958;0.41598360655737704;0.4593453009503696;0.16109422492401215;0.2188449848024316;2.315179456274352;2.2163293473111487;2.317109956284795;2.2844409434095603;1.906476876307048;2.3497979426884905
Consumer Discretionary-01;2020;Germany;Consumer Discretionary;0.1851;4.699937;0.0043513997002369;0.0038921116565025;1.284829967769388;-1.0200577150214083;0.1282738979435575;-0.99944453771649;2.3046;1.7407;435;99;77;0.22758620689655173;0.23486459480925417;0.7777777777777778;0.4155844155844156;0.41766104102134705;0.48484848484848486;0.3838383838383838;0.39016246795654297;0.4444444444444444;0.06060606060606061;0.0;0.010101010101010102;0.3838383838383838;0.3979591836734694;0.4297872340425532;0.10817307692307693;0.004036216864841279;0.0016729868391701986;8.027569430366917;3.2922579039083897;4.404552164182658;0.29069767441860467;0.3188118811881188;0.25660377358490566;0.30973451327433627;0.20087336244541484;0.24890829694323144;1.494601191601143;1.3947949089429763;1.3796412828653635;1.4112927317254578;1.2291385261512788;1.3612045358416638
Consumer Discretionary-01;2021;Germany;Consumer Discretionary;0.2558;4.911152;0.0053840631730078;0.0042745006606046;1.7097528134949562;-0.9076025043642226;0.5364607532094964;-0.7215953543726227;2.6172;1.9882;541;137;103;0.2532347504621072;0.2763147378516624;0.7518248175182481;0.3786407766990291;0.4082956612110138;0.5036496350364964;0.291970802919708;0.2947150468826294;0.35766423357664234;0.06569343065693431;0.0;0.014598540145985401;0.291970802919708;0.3037037037037037;0.3333333333333333;0.23333333333333334;0.006363439149613132;0.003486646884272997;8.458646616541353;3.107663858639819;4.588348937434983;0.3504273504273504;0.3870710295291301;0.31666666666666665;0.3826571201272872;0.1883495145631068;0.2543689320388349;1.8485750186385892;1.7982456378392229;1.732929899429651;1.8368786453754322;0.802757690389487;2.095351643608172
Consumer Discretionary-01;2022;Germany;Consumer Discretionary;0.1175;5.948873;0.0045774859965066;0.0041864301917921;0.8785388168351812;-0.3550984982170022;0.2176403340831427;-0.7855885852808487;1.2334;0.7318;463;153;95;0.3304535637149028;0.3720766021183267;0.6209150326797386;0.42105263157894735;0.432208776473999;0.40522875816993464;0.1830065359477124;0.17528805136680603;0.28104575163398693;0.09803921568627451;0.006535947712418301;0.026143790849673203;0.18421052631578946;0.2080536912751678;0.2770448548812665;0.038605230386052306;0.005233193398125251;0.0033050047214353163;8.469887210044691;3.2217625673812207;5.167245187756389;0.21694036300777875;0.2571428571428571;0.17922948073701842;0.24933451641526175;0.18525179856115107;0.2517985611510791;1.057495894256822;1.0302955955750066;0.9245273934851169;1.058790415131648;0.5539307553492361;0.9531434244830288
Consumer Discretionary-01;2023;Germany;Consumer Discretionary;0.1355;6.836119;0.0057462765395584;0.004353220294713;0.9867228511076032;0.1172895226846631;0.6796349226519692;-0.6643965703712451;0.8696;0.1976;466;170;111;0.3648068669527897;0.3995803015442166;0.6529411764705882;0.38738738738738737;0.41890770196914673;0.4470588235294118;0.18235294117647058;0.1628718376159668;0.29411764705882354;0.11176470588235295;0.0;0.01764705882352941;0.18235294117647058;0.20359281437125748;0.28054298642533937;0.04225352112676056;0.007478022605320242;0.004581228709033243;9.49280688858553;4.0;6.200311277499685;0.24647887323943662;0.2826086956521739;0.20408163265306123;0.2745274527452745;0.20593692022263452;0.2653061224489796;1.2325489032527812;1.1808133116357127;1.0707072046559254;1.205819701223335;0.5693944767788444;0.9745430458356966
Consumer Discretionary-01;2024;Germany;Consumer Discretionary;-0.0892;8.792788;0.0032956685499058;0.0046156160108293;-0.3637745100597971;1.159060346638381;-0.2890310514641964;-0.4737361835564199;-1.5228;-1.6151;1179;502;236;0.4257845631891433;0.4591859948650727;0.4701195219123506;0.5847457627118644;0.537369430065155;0.2350597609561753;-0.10956175298804781;-0.10556931793689728;0.10956175298804781;0.21912350597609562;0.12350597609561753;0.13545816733067728;-0.10227272727272728;-0.08986175115207373;0.08687258687258688;-0.18791946308724833;0.004293769316063887;0.005087837189209945;10.01449522510232;5.346470098163509;7.490746724634276;0.11860718171926006;0.18569780853517878;0.05255972696245734;0.18935595834940225;0.3411062906724512;0.425704989154013;0.47474750465619187;0.6080143682618125;0.17945868674406654;0.7087476707006883;-0.2867383101425388;-0.3755726817384561
Financials-05;2018;Germany;Financials;-0.1162;4.977528;0.0035893104904385;0.0051752088789125;-0.52605056146843;-0.8722625566210163;-0.1729615056337312;-0.0671282012817041;0.3462;0.3991;377;78;33;0.20689655172413793;0.2187143276475001;0.4230769230769231;0.48484848484848486;0.4736812114715576;0.28205128205128205;-0.11538461538461539;-0.08971615135669708;0.10256410256410256;0.21794871794871795;0.0;0.0;-0.11538461538461539;-0.11538461538461539;-0.06756756756756757;-0.14754098360655737;0.005070086489710707;0.0028059236165237722;7.7834179357022;3.715846994535519;4.597701149425287;-0.08006814310051108;-0.045936395759717315;-0.09395973154362416;-0.02877697841726619;0.07038123167155426;0.13196480938416422;-0.7026549151068904;-0.7610766742047953;-0.6823655468122239;-0.5643048050315065;-0.969451208648247;-0.13872637942991128
Financials-05;2019;Germany;Financials;-0.0982;4.963504;0.0031938877755511;0.0051995866167161;-0.4178665271960081;-0.8797292226923482;-0.3292625260015022;-0.0494149970110759;0.4617;0.6016;355;67;31;0.18873239436619718;0.18499948487242007;0.4626865671641791;0.41935483870967744;0.4685361385345459;0.31343283582089554;-0.08955223880597014;-0.09727942943572998;0.11940298507462686;0.208955223880597;0.0;0.0;-0.08955223880597014;-0.08955223880597014;0.12903225806451613;-0.17494600431965443;0.0035270094672359385;0.004389312977099237;9.6514745308311;3.555520203627108;4.724865003857032;-0.05084745762711865;-0.024390243902439025;-0.06821963394342762;-0.0070921985815602835;0.09090909090909091;0.1378299120234604;-0.5294854195255023;-0.6337265550925509;-0.5309628586495951;-0.4377495811173742;-0.10036870034884353;-0.29947482523728786
Financials-05;2020;Germany;Financials;-0.1068;4.837393;0.0024927942665731;0.0050803276944355;-0.4695544546817208;-0.9468733131745032;-0.6063878066208961;-0.136070193176941;0.4771;0.7122;330;74;37;0.22424242424242424;0.20843692795278818;0.5;0.5405405405405406;0.5160481929779053;0.24324324324324326;-0.12162162162162163;-0.13294313848018646;0.12162162162162163;0.24324324324324326;0.0;0.013513513513513514;-0.12162162162162163;-0.1095890410958904;-0.01675977653631285;-0.16828478964401294;0.0036702057936820027;0.0037614185921547557;9.938036224976168;3.087655836186293;4.548457590079789;-0.05583756345177665;-0.03125;-0.07920792079207921;-0.021052631578947368;0.09761388286334056;0.14099783080260303;-0.5590581038946157;-0.6742716492649117;-0.5955957203049141;-0.5192245021130408;-0.744852014174756;-0.26040242614995845
Financials-05;2021;Germany;Financials;-0.0637;6.246687;0.0023798303487276;0.0055195352985128;-0.2105137948405328;-0.1965361986328864;-0.651039706876624;0.1830641773257919;-0.0142;0.4029;488;124;51;0.2540983606557377;0.25546593355292163;0.4112903225806452;0.5882352941176471;0.5889891982078552;0.20967741935483872;-0.056451612903225805;-0.06434279680252075;0.12903225806451613;0.18548387096774194;0.0;0.016129032258064516;-0.056451612903225805;-0.040983606557377046;0.021834061135371178;-0.12152777777777778;0.0029441624365482235;0.003939456769645449;10.76149692794638;3.944054089884661;5.733978589235958;-0.007371007371007371;0.035897435897435895;-0.027677496991576414;0.008739076154806492;0.10675381263616558;0.18082788671023964;-0.2718324987076242;-0.27739177873101634;-0.292494900458137;-0.3453561819550709;-0.5742454068658761;0.013858157951784689
Financials-05;2022;Germany;Financials;-0.0261;5.982756;0.0021599489125126;0.0050112320718852;0.015470632306304;-0.3370584920493652;-0.7379535121447588;-0.1862760361595922;0.3524;0.6283;590;162;80;0.2745762711864407;0.25620838308810134;0.49382716049382713;0.575;0.562614917755127;0.25308641975308643;-0.04938271604938271;-0.04032539948821068;0.11728395061728394;0.16666666666666666;0.0;0.012345679012345678;-0.04938271604938271;-0.0375;0.10144927536231885;-0.08391608391608392;0.003317797614345525;0.004364341711791805;10.614364003461208;3.7567917205692103;5.567614912982215;0.022104332449160036;0.060550458715596334;0.0008658008658008658;0.036771300448430494;0.09195402298850575;0.1592775041050903;-0.09715385424542758;-0.13167826974035793;-0.12460385001392546;-0.1817564383021846;-0.2223010963524167;0.23447544540965173
Financials-05;2023;Germany;Financials;-0.0611;7.022815;0.0028144620047629;0.0059370025313812;-0.194887212112294;0.2166903133901237;-0.4792403418811422;0.4864016909075144;-0.4116;0.0712;642;248;121;0.3862928348909657;0.417586873369646;0.4879032258064516;0.5289256198347108;0.5213040113449097;0.28225806451612906;-0.1774193548387097;-0.1546509712934494;0.14112903225806453;0.3185483870967742;0.04435483870967742;0.10483870967741936;-0.17721518987341772;-0.12612612612612611;-0.1539491298527443;0.023445463812436288;0.002783531848783014;0.00796036333608588;9.661273425678036;4.334854334854335;6.624305798769201;-0.0041249263406010605;0.032376298106292;-0.032073310423825885;0.016235718580877932;0.10785340314136126;0.1706806282722513;-0.2525953656443487;-0.2982037232528556;-0.31835097842028426;-0.30160479190067563;-1.351306607452686;0.8642214367559122
Financials-05;2024;Germany;Financials;-0.1824;8.849296;0.002043965786147;0.005456257461369;-0.9239273986258928;1.1891463681984802;-0.7837988323903571;0.1370856183568568;-2.1129;-1.6525;1101;605;220;0.5495004541326067;0.5683949129486091;0.36363636363636365;0.5727272727272728;0.5574934482574463;0.2743801652892562;-0.14214876033057852;-0.13791151344776154;0.10909090909090909;0.2512396694214876;0.1206611570247934;0.1537190082644628;-0.12218045112781954;-0.087890625;-0.13012729844413012;-0.23879231473010065;0.0019435253300780623;0.00627843642471584;9.995452736883989;4.8365961164277484;7.843429574781759;-0.06252587991718427;-0.022452504317789293;-0.11250490003920031;-0.020761245674740483;0.21624923640806354;0.2767257177764203;-0.5986948328022235;-0.6222734024113544;-0.7914478201691706;-0.517523935695871;-1.246000629045423;-0.6739753693696885
Basic Materials-01;2020;Germany;Basic Materials;0.2178;6.676888;0.0033733923676997;0.0033465576336598;1.481364296697621;0.0325116629296536;-0.2583087090931277;-1.3958516992475365;1.4487;0.8799;872;430;264;0.49311926605504586;0.5235088459567799;0.6139534883720931;0.5075757575757576;0.481743723154068;0.39069767441860465;0.3325581395348837;0.3212786316871643;0.4604651162790698;0.12790697674418605;0.0;0.002325581395348837;0.3325581395348837;0.3356643356643357;0.43707093821510296;-0.04033379694019471;0.002331673335444313;0.0026428613378751396;8.625071313728542;3.005008347245409;6.0105955121626495;0.2985781990521327;0.31889290012033694;0.29093050647820967;0.31414868105515587;0.1590909090909091;0.19602272727272727;1.5413032608235564;1.3952737773152346;1.5815503710363064;1.4370543947964534;1.2613366213003385;0.49011418290409725
Basic Materials-01;2021;Germany;Basic Materials;0.2595;7.057099;0.0038297057509414;0.0032295030732367;1.731990642762065;0.2349438202062636;-0.077939082557012;-1.480905175344745;1.4968;0.7953;895;508;327;0.5675977653631284;0.5841958082278663;0.6437007874015748;0.4923547400611621;0.4681108295917511;0.4015748031496063;0.35826771653543305;0.3374860882759094;0.4763779527559055;0.11811023622047244;0.0;0.001968503937007874;0.35826771653543305;0.3609467455621302;0.4701570680628272;-0.002785515320334262;0.003331030398736676;0.0027117963139657512;9.106322223709451;2.864087236418577;6.581464555213095;0.32839224629418473;0.34526558891454967;0.3178733031674208;0.34062140391254314;0.14014598540145987;0.17226277372262774;1.717989174877387;1.5511514988452915;1.7400273087979796;1.591552683191197;1.407596042566516;0.7103595159151279
Basic Materials-01;2022;Germany;Basic Materials;0.1821;7.586207;0.00364387071099;0.0033098725508845;1.266799295390651;0.5166518030692332;-0.1513951721313228;-1.4225075920182235;0.7502;0.1147;909;547;316;0.6017601760176018;0.6266069788797062;0.5776965265082267;0.5063291139240507;0.4767056703567505;0.3912248628884826;0.2870201096892139;0.2701064646244049;0.42230347349177333;0.13528336380255943;0.009140767824497258;0.010968921389396709;0.2896678966789668;0.2920517560073937;0.32515337423312884;-0.04804804804804805;0.003045429565854552;0.003536857781087118;8.855874175208532;3.3433994823123383;6.838573871858966;0.2597327135386403;0.2835997631734754;0.2474108170310702;0.27379553466509987;0.15066666666666667;0.19333333333333333;1.3110946595191524;1.186671089290027;1.3255685145320253;1.2015481311532168;0.7665976411639291;0.4448650335187576
Basic Materials-01;2023;Germany;Basic Materials;0.1487;7.769234;0.0033622194987039;0.003449925993523;1.0660578095740458;0.6140991427039784;-0.2627250735525739;-1.3207428073508884;0.452;-0.077;1010;587;319;0.5811881188118811;0.6090130038363808;0.5434412265758092;0.5172413793103449;0.4894944429397583;0.3696763202725724;0.21976149914821125;0.20524290204048157;0.3696763202725724;0.14991482112436116;0.008517887563884156;0.01192504258943782;0.22508591065292097;0.2293103448275862;0.3155473781048758;-0.09523809523809523;0.002863337014766638;0.0028370569706072553;9.237728513215448;3.176820749559619;6.928630935851153;0.22708757637474541;0.25980135912179825;0.21594349142280525;0.25064867669953295;0.15005599104143338;0.20716685330347145;1.1176309592577571;1.0460088675282033;1.1404783971447598;1.0664600271957352;0.7241337011120205;0.16806441282987883
Basic Materials-01;2024;Germany;Basic Materials;-0.0168;8.696618;0.0021629125069608;0.0039495508514936;0.0713657166803887;1.1078574604375837;-0.7367820750503069;-0.9577084175640094;-1.0367;-1.1472;1250;800;387;0.64;0.6835269679032318;0.48375;0.5891472868217055;0.5355005264282227;0.30875;0.0625;0.05641251429915428;0.26;0.1975;0.0725;0.09125;0.08490566037735849;0.10041265474552957;0.17574931880108993;-0.23893805309734514;0.0018288173199757952;0.003892591783216783;9.15160841938046;4.314219932024997;7.64394327695199;0.1516213847502191;0.18592057761732853;0.11639762107051826;0.1940027260336211;0.28771155261221487;0.3362766740250184;0.6703983866691584;0.6093310613462304;0.5549517763478865;0.7358668173652514;0.10614715079589597;-0.6748302206129814
Basic Materials-01;2019;Germany;Basic Materials;0.18;5.735952;0.0051831585347317;0.0032921939117816;1.254177824725535;-0.4684620183663219;0.457048016467447;-1.4353531377443405;1.7229;0.7767;771;344;187;0.4461738002594034;0.4493690579083838;0.5436046511627907;0.45989304812834225;0.47106313705444336;0.438953488372093;0.3313953488372093;0.3036626875400543;0.42441860465116277;0.09302325581395349;0.0;0.005813953488372093;0.3313953488372093;0.3391812865497076;0.4015503875968992;0.020833333333333332;0.004231420218495153;0.002044989775051125;7.839042049568365;2.701746106654082;5.05811725635458;0.24025513819985825;0.257183908045977;0.23066104078762306;0.2562814070351759;0.11842105263157894;0.14967105263157895;1.1956654065114958;1.0305382299645074;1.2270466989286113;1.0993333814228066;1.1043156823030935;0.8488995758765585
Basic Materials-01;2018;Germany;Basic Materials;0.1313;5.550005;0.0048465266558966;0.0035425682662479;0.9614799097773712;-0.5674640260649785;0.3239855894259872;-1.253427639959567;1.5288;0.7401;630;263;145;0.4174603174603175;0.4047055245378115;0.5513307984790875;0.4827586206896552;0.48799943923950195;0.45627376425855515;0.27756653992395436;0.2284805178642273;0.3726235741444867;0.09505703422053231;0.0;0.0;0.27756653992395436;0.27756653992395436;0.3068432671081678;0.055900621118012424;0.004133340490632884;0.003146737330241802;7.436302587398775;2.817096863724674;4.723286331404353;0.19931271477663232;0.24199288256227758;0.1860662701784197;0.2097053726169844;0.13059701492537312;0.20522388059701493;0.9530297976194462;0.9407505538355674;0.9647412386658022;0.82750952572837;0.6856566038246007;1.0545922505539835
Health Care-01;2018;Germany;Health Care;-0.0554;5.132703;0.0027353835928113;0.0051101043093456;-0.1606289345926937;-0.7896441946972478;-0.5104981225086913;-0.1144340895056336;0.6291;0.8272;454;167;63;0.36784140969163;0.3670499614802979;0.3772455089820359;0.6825396825396826;0.6160665154457092;0.2694610778443114;-0.059880239520958084;-0.03401758521795273;0.19161676646706588;0.25149700598802394;0.0;0.0;-0.059880239520958084;-0.059880239520958084;-0.13595166163141995;-0.01937984496124031;0.001554726368159204;0.004823659655226949;6.536585365853659;2.783779292005983;4.185538029048884;0.03314285714285714;0.08004778972520908;0.0044444444444444444;0.06352941176470588;0.16237623762376238;0.2376237623762376;-0.031736643040344244;-0.01643785730419073;-0.10355434716439349;-0.025592585369053338;-1.2717476110266241;0.6130228735926463
Health Care-01;2019;Germany;Health Care;-0.0537;4.047093;0.002658690594882;0.0067470374683197;-0.1504115535780761;-1.3676452895131803;-0.540813006758128;1.0749843731863644;1.2173;2.0252;333;123;47;0.36936936936936937;0.3677704033257968;0.3821138211382114;0.723404255319149;0.6284626126289368;0.1951219512195122;-0.07317073170731707;-0.07228152453899384;0.23577235772357724;0.3089430894308943;0.0;0.0;-0.07317073170731707;-0.07317073170731707;-0.10144927536231885;-0.034482758620689655;0.0010907288051561724;0.007070707070707071;5.639165911151405;2.4652476107732406;3.654146573388576;0.0035587188612099642;0.03676470588235294;-0.017421602787456445;0.020506634499396863;0.10828025477707007;0.16560509554140126;-0.20706005590510412;-0.2722657155428767;-0.2321699562355699;-0.27667916551748295;-1.1192275347515825;0.5244343655475042
Health Care-01;2020;Germany;Health Care;-0.0534;4.373269;0.0029756844074137;0.0071934031229896;-0.1486084863402025;-1.1939824777274737;-0.4155130316085622;1.3993198830789808;1.0454;1.9528;400;134;60;0.335;0.33382973442541575;0.44776119402985076;0.6833333333333333;0.5984488129615784;0.23134328358208955;-0.014925373134328358;0.004619897343218327;0.23134328358208955;0.2462686567164179;0.0;0.0;-0.014925373134328358;-0.014925373134328358;-0.047021943573667714;-0.06976744186046512;0.002509293680297398;0.007444168734491315;6.696200374850912;2.680286362842675;4.040870518963228;0.0;0.03788748564867968;-0.020585048754062838;0.021468926553672316;0.10139165009940358;0.16699801192842942;-0.2281499632816047;-0.2656294429534293;-0.2507772758596329;-0.27106310266960965;-0.8786279214058144;0.3174665237429248
Health Care-01;2021;Germany;Health Care;-0.0553;4.651601;0.0031378351488558;0.0073826913982449;-0.1600279121800692;-1.0457927956848352;-0.3514187715000874;1.5368593837760718;0.8858;1.8299;438;150;71;0.3424657534246575;0.36009091665049753;0.47333333333333333;0.676056338028169;0.5869604349136353;0.25333333333333335;0.04666666666666667;0.056648850440979004;0.28;0.23333333333333334;0.0;0.0;0.04666666666666667;0.04666666666666667;-0.01728395061728395;-0.1323283082077052;0.0021553383111384806;0.00757157504535058;6.909141974441792;2.654432246436179;4.222072747969163;-0.007874015748031496;0.03810504634397528;-0.025145067698259187;0.00398406374501992;0.0905861456483126;0.1705150976909414;-0.27481345913039723;-0.264343534423518;-0.2775992070328297;-0.3731070590584735;-0.7471691603045211;-0.049494046692832916
Health Care-01;2022;Germany;Health Care;-0.0361;4.982804;0.003086022888003;0.0067935383934498;-0.0446316089561525;-0.8694535056945799;-0.3718989031009014;1.1087725939080346;0.8246;1.5649;526;196;87;0.3726235741444867;0.38956598595152814;0.44387755102040816;0.5977011494252874;0.5321040153503418;0.33163265306122447;0.11224489795918367;0.09491809457540512;0.3112244897959184;0.1989795918367347;0.0;0.00510204081632653;0.11224489795918367;0.11794871794871795;0.01639344262295082;-0.10885341074020319;0.002328497223714849;0.006030398129345887;6.880980539726911;2.5692121557184544;4.286570743405275;0.013513513513513514;0.05263157894736842;-0.006622516556291391;0.024765157984628524;0.09457364341085271;0.16279069767441862;-0.14806531500056885;-0.1784833924555172;-0.16864996845254232;-0.251825863002985;-0.5982960201778282;0.0882016450161341
Health Care-01;2023;Germany;Health Care;-0.1287;5.528807;0.0030641229227706;0.0069972057363231;-0.6011783630465009;-0.5787502773042893;-0.3805554288465647;1.2567601256730336;-0.0224;0.7963;488;188;85;0.38524590163934425;0.4189546969994116;0.4521276595744681;0.5058823529411764;0.4725777506828308;0.3670212765957447;0.005319148936170213;0.006570055149495602;0.2553191489361702;0.25;0.005319148936170213;0.005319148936170213;0.0053475935828877;0.0053475935828877;-0.1650485436893204;-0.12857142857142856;0.003042715038033938;0.007892992709525818;7.576560347568082;2.5639015210914224;4.695597314226489;-0.07222222222222222;-0.02529182879377432;-0.0972972972972973;-0.059154929577464786;0.10785824345146379;0.18798151001540833;-0.6561579168724739;-0.6390554390650531;-0.7019970351956163;-0.7415945188427215;-1.400372299076425;-0.027457480147629144
Health Care-01;2024;Germany;Health Care;-0.0731;8.286886;0.0022313362723133;0.0053200856404029;-0.267009901627242;0.8897077155189465;-0.7097358181223404;0.0381412741315246;-1.1567;-0.7827;1180;608;243;0.5152542372881356;0.5496339764096324;0.3996710526315789;0.588477366255144;0.5444713830947876;0.24342105263157895;-0.08223684210526316;-0.0881594568490982;0.17763157894736842;0.2598684210526316;0.14967105263157895;0.15460526315789475;-0.0425531914893617;-0.03696498054474708;-0.021621621621621623;-0.12089447938504543;0.0026066308403706415;0.005447100972435476;10.376813454872256;4.066550902556234;7.58239596559309;0.07835128109914594;0.12037037037037036;0.046486486486486484;0.11179173047473201;0.26174895895300415;0.321832242712671;0.23618041111872712;0.22189172851183694;0.14373601979065723;0.25607264698463006;-0.7663441213427987;0.017572868968783965
Consumer Discretionary-04;2018;Germany;Consumer Discretionary;0.0202;5.06338;0.0027083730688537;0.0046890137570238;0.2937440093514782;-0.8265531858597507;-0.5211747283188624;-0.4204043575346012;1.1206;1.1709;296;79;41;0.2668918918918919;0.2837319776648054;0.5189873417721519;0.3902439024390244;0.4276171326637268;0.46835443037974683;0.13924050632911392;0.14674803614616394;0.34177215189873417;0.20253164556962025;0.0;0.0;0.13924050632911392;0.13924050632911392;0.3048780487804878;-0.15894039735099338;0.0030841533264796593;0.005956813104988831;5.281786005989654;4.404005599224723;4.652777777777778;0.05439330543933055;0.07462686567164178;0.05;0.06553911205073996;0.06611570247933884;0.10330578512396695;0.09419912310482409;-0.04847862859797626;0.16440242902904365;-0.013863710479553669;0.6769692264676528;-0.20559142805428982
Consumer Discretionary-04;2019;Germany;Consumer Discretionary;-0.0333;5.136252;0.0030890893364636;0.0050442965537705;-0.0278029814026646;-0.7877546340949123;-0.3706868103069363;-0.1622509224901345;0.7602;0.8644;258;76;45;0.29457364341085274;0.32347653292959877;0.5921052631578947;0.4222222222222222;0.4293309152126312;0.47368421052631576;0.3157894736842105;0.2868337333202362;0.47368421052631576;0.15789473684210525;0.0;0.0;0.3157894736842105;0.3157894736842105;0.4065934065934066;-0.28859060402684567;0.0017551557700745941;0.006185567010309278;4.428452809299751;4.557463672391017;4.51578288473576;0.012295081967213115;0.031315240083507306;0.00816326530612245;0.01646090534979424;0.08712121212121213;0.12121212121212122;-0.1552860619767278;-0.3044751849264624;-0.08168032461799046;-0.30029057233383555;1.1266086807062972;-0.9660750430799233
Consumer Discretionary-04;2020;Germany;Consumer Discretionary;0.1908;7.530945;0.0027932960893854;0.0037116063904179;1.3190882452889885;0.4872291775391459;-0.4876067155009697;-1.1306021814584672;0.8319;0.5104;680;330;194;0.4852941176470588;0.5266647741098224;0.5878787878787879;0.4329896907216495;0.4557059705257416;0.4818181818181818;0.3090909090909091;0.2900189757347107;0.3878787878787879;0.07878787878787878;0.0;0.01818181818181818;0.3090909090909091;0.3333333333333333;0.4186471663619744;-0.028790786948176585;0.002387094290224464;0.003357427815301971;8.385620432568096;4.358135731807032;6.474764324785662;0.2252410166520596;0.25493716337522443;0.21883173496076722;0.24821428571428572;0.06947368421052631;0.12631578947368421;1.1066877588995867;1.0172586799394996;1.1574669821341363;1.0522526015927685;1.1798931215262478;0.5578215178330275
Consumer Discretionary-04;2021;Germany;Consumer Discretionary;0.1006;6.620606;0.0035261367151252;0.0054862971357922;0.7769660291016295;0.0025459684183374;-0.1979325686763834;0.1589128647391625;0.7743;0.9527;951;357;187;0.3753943217665615;0.4032581818181818;0.5238095238095238;0.37967914438502676;0.4214845299720764;0.49859943977591037;0.20448179271708683;0.19765931367874146;0.33053221288515405;0.12605042016806722;0.0;0.014005602240896359;0.20448179271708683;0.2215909090909091;0.33611691022964507;-0.06896551724137931;0.004075890924830472;0.004970361915982475;8.034443013085633;3.860869565217391;5.625967769685152;0.1441374159820762;0.1712538226299694;0.13734224201930215;0.17304747320061256;0.08466453674121406;0.134185303514377;0.6260464121849777;0.5226421246394495;0.6781475762802448;0.6135692088789572;0.815062675825324;0.3221703383293925
Consumer Discretionary-04;2022;Germany;Consumer Discretionary;0.1339;7.351236;0.0040920716112531;0.006104688920639;0.97710649250561;0.3915484093551052;0.0257677864023558;0.6082449599694737;0.5856;0.8768;917;365;165;0.3980370774263904;0.43716997923464845;0.4520547945205479;0.3696969696969697;0.4161403775215149;0.4986301369863014;0.1643835616438356;0.1545284390449524;0.29041095890410956;0.12602739726027398;0.0;0.0136986301369863;0.1643835616438356;0.18055555555555555;0.2840466926070039;-0.016901408450704224;0.003969600325710796;0.00634799500485639;8.81211666040806;3.9298607529654457;6.135489708210812;0.18013343217197925;0.20514761544284632;0.1757754800590842;0.2088078967350038;0.09046052631578948;0.13651315789473684;0.8393683060954051;0.7229738859895644;0.9042110374371589;0.8222717385770993;0.584882841261952;0.6275605315375838
Consumer Discretionary-04;2023;Germany;Consumer Discretionary;0.1548;7.105308;0.0035581838227924;0.005469471739313;1.1027201767441444;0.2606112834573218;-0.1852651233333982;0.146687297003021;0.8421;1.0081;1115;431;193;0.3865470852017937;0.4508658905675068;0.44779582366589327;0.37823834196891193;0.40994033217430115;0.5011600928074246;0.13921113689095127;0.14675775170326233;0.2691415313225058;0.12993039443155452;0.004640371229698376;0.018561484918793503;0.13986013986013987;0.15602836879432624;0.3643410852713178;0.0013531799729364006;0.003760236198540471;0.005425781026900451;8.209526726910706;3.9496585888338474;5.936562366052294;0.19741100323624594;0.21870882740447958;0.19201030927835053;0.22192866578599735;0.08419497784342689;0.1240768094534712;0.9417597530310028;0.8031284291330538;0.9997039459659652;0.8988462704725049;0.9398295048956717;0.7346356820610493
Consumer Discretionary-04;2024;Germany;Consumer Discretionary;-0.0402;8.197337;0.0027980639104619;0.0048209495582359;-0.0692735278737597;0.8420299859110091;-0.4857221113264298;-0.3245379643398404;-0.9116;-0.831;1800;864;336;0.48;0.5330885741497434;0.3888888888888889;0.4732142857142857;0.4746130108833313;0.41087962962962965;0.04976851851851852;0.047689102590084076;0.1886574074074074;0.1388888888888889;0.0763888888888889;0.08449074074074074;0.06641604010025062;0.07585335018963338;0.20173160173160173;-0.15869017632241814;0.002665475607296199;0.004723307481485801;8.701329224662471;4.229541043140692;6.667615861037944;0.056196501674730184;0.11468970934799685;0.04607445632141541;0.1072961373390558;0.1755526657997399;0.2672301690507152;0.1048853399905555;0.18831576271397338;0.14131246741860343;0.22983577484560436;0.22100354778401696;-0.2041237173791955
Financials-03;2018;Germany;Financials;-0.0369;5.001116;0.000121813807595;0.0050099253237546;-0.049439788257149;-0.8597038202198061;-1.543578946780349;-0.1872255375758011;0.8102;1.4884;259;38;24;0.14671814671814673;0.1783916269210387;0.631578947368421;0.8333333333333334;0.730697751045227;0.10526315789473684;0.21052631578947367;0.18650615215301514;0.3157894736842105;0.10526315789473684;0.0;0.0;0.21052631578947367;0.21052631578947367;0.1717171717171717;-0.061946902654867256;0.0;0.002819548872180451;7.7842377260981905;3.532897735906397;4.3424775495140855;0.021352313167259787;0.0570902394106814;0.012345679012345678;0.04363636363636364;0.11003236245954692;0.1715210355987055;-0.10161051902260144;-0.15213015105792832;-0.057079459152523646;-0.14169102765397623;0.0883227784178571;0.3633391226304241
Financials-03;2019;Germany;Financials;-0.0651;4.793588;0.0002211838867538;0.0053261179151238;-0.2189281086172767;-0.9701959962360188;-1.5043003616566777;0.0425244090724594;0.7512;1.5246;247;39;21;0.15789473684210525;0.15474119834462904;0.5384615384615384;0.8095238095238095;0.7402878403663635;0.15384615384615385;0.23076923076923078;0.22711966931819916;0.28205128205128205;0.05128205128205128;0.0;0.0;0.23076923076923078;0.23076923076923078;0.4;-0.13168724279835392;0.0;0.0029533372711163615;6.78842177808408;3.530502748890508;4.055780876715373;-0.0017825311942959;0.029411764705882353;-0.0053285968028419185;0.021897810218978103;0.11912225705329153;0.1724137931034483;-0.2387137136787467;-0.3157258164857994;-0.16103916091086928;-0.26856008125518355;1.0974620915777844;-0.04573377702207007
Financials-03;2020;Germany;Financials;-0.0329;4.37314;0.0003573044948905;0.0049416103257529;-0.0253988917521663;-1.1940511599809815;-1.450495182682823;-0.2368641678744887;1.1688;1.7756;268;46;29;0.17164179104477612;0.18066796434791518;0.6304347826086957;0.7241379310344828;0.6561172008514404;0.1956521739130435;0.2608695652173913;0.24274243414402008;0.34782608695652173;0.08695652173913043;0.0;0.0;0.2608695652173913;0.2608695652173913;0.06293706293706294;-0.056466302367941715;0.00042529061525375673;0.004343419719125525;7.104523383593151;3.2482052489113804;3.9699622136126655;0.03367496339677892;0.0680786686838124;0.02467343976777939;0.050595238095238096;0.1246684350132626;0.1830238726790451;-0.02858324091802783;-0.08718222968156444;0.015432158572817569;-0.10107812210429329;-0.3925468738707399;0.3954864429130068
Financials-03;2021;Germany;Financials;-0.1482;3.323407;0.0001525220612267;0.0052851868891457;-0.7183777335082911;-1.7529506020130312;-1.5314407180048446;0.012783354754842;1.0348;1.8069;545;95;49;0.1743119266055046;0.17726097563936058;0.5157894736842106;0.40816326530612246;0.4790589213371277;0.43157894736842106;0.24210526315789474;0.2628815174102783;0.3157894736842105;0.07368421052631578;0.0;0.0;0.24210526315789474;0.24210526315789474;0.4232209737827715;-0.26671459381739754;0.0;0.0032091530626482487;6.285643441606744;1.7844218027949448;2.609802673456397;-0.1017156862745098;-0.08432229856339787;-0.11739915713425647;-0.09784615384615385;0.09008097165991903;0.1214574898785425;-0.8309439703185191;-0.9879593828509075;-0.8202357327971656;-0.9674015866540907;1.2001119391826969;-0.8377578752715256
Financials-03;2022;Germany;Financials;-0.0963;3.742484;0.0004147865106399;0.0051700010365916;-0.4064471013561413;-1.5298253868693086;-1.4277739343170637;-0.0709122921428997;1.1231;1.8015;481;96;41;0.1995841995841996;0.2303184821038694;0.4270833333333333;0.4878048780487805;0.5299434661865234;0.3541666666666667;0.0625;0.08154433965682983;0.19791666666666666;0.13541666666666666;0.0;0.0;0.0625;0.0625;0.2765957446808511;-0.2077125328659071;0.0;0.004672897196261682;5.691964285714286;2.0260242294550097;2.891941053963567;-0.047619047619047616;-0.02926481084939329;-0.06400550584996559;-0.04360056258790436;0.09333333333333334;0.12606060606060607;-0.5103530096052548;-0.6625380424257536;-0.5061754498556621;-0.6508171896689607;0.5519454340590213;-0.4916720358672342
Financials-03;2023;Germany;Financials;0.1815;6.667831;0.0018929282143377;0.0037252793959546;1.2631931609149036;0.0276895298286799;-0.843500325751406;-1.1206671849457943;1.2357;1.0971;420;90;33;0.21428571428571427;0.2240549215406562;0.36666666666666664;0.6666666666666666;0.6403912901878357;0.2;0.1;0.09652967751026154;0.18888888888888888;0.08888888888888889;0.0;0.0;0.1;0.1;0.5038759689922481;0.0784313725490196;0.00026528717336516777;0.002956989247311828;8.30952380952381;3.8854204921042967;4.92843109738984;0.23255813953488372;0.2619047619047619;0.22442244224422442;0.25549915397631134;0.10116731517509728;0.1556420233463035;1.1500509606245932;1.05844118475709;1.190351399458154;1.094768049804401;1.5566526701735035;1.1867499056538702
Financials-03;2024;Germany;Financials;0.0052;6.177089;0.0011478112216863;0.004645370197397;0.2035906474577933;-0.2335916054520934;-1.138027023030108;-0.4521163766314418;0.4373;0.7802;816;258;97;0.3161764705882353;0.32896587573385516;0.375968992248062;0.6082474226804123;0.5674962401390076;0.20155038759689922;-0.015503875968992248;-0.02198442630469799;0.13178294573643412;0.14728682170542637;0.16279069767441862;0.20930232558139536;0.004629629629629629;0.058823529411764705;0.35148514851485146;-0.13681868743047831;0.00018589952130873262;0.006762508275796841;9.726904922454484;2.94344143064944;5.227311425166014;0.07907627711686493;0.1222707423580786;0.06860706860706861;0.11175198269646719;0.13761467889908258;0.20969855832241152;0.24047692889895625;0.2331240172562637;0.27384879748085317;0.2558406737288947;0.8829989877427362;-0.07583307006753708
Industrials-01;2018;Germany;Industrials;-0.0031;3.623105;0.0045903288687668;0.0074380699825367;0.1537057872099543;-1.5933852220753506;0.2227168103783914;1.5770982354562586;1.747;2.4242;139;15;9;0.1079136690647482;0.08445780605467385;0.6;0.1111111111111111;0.2768804430961609;0.7333333333333333;0.4;0.3807857930660248;0.4;0.0;0.0;0.0;0.4;0.4;0.6756756756756757;-0.09225092250922509;0.006622516556291391;0.0016877637130801688;7.091172214182344;2.646180110968843;3.0440414507772022;0.04234527687296417;0.09965635738831616;0.03559870550161812;0.059602649006622516;0.08695652173913043;0.18633540372670807;0.022799325468742117;0.0994600275737371;0.07969433141638946;-0.04850968869553671;2.316104615410473;0.18558614282786318
Industrials-01;2019;Germany;Industrials;0.0968;3.775331;0.0080779522391073;0.0050285121824779;0.754127177421896;-1.5123369684120185;1.601289843538236;-0.1737200668069959;2.2663;1.3788;174;26;15;0.14942528735632185;0.13419603524229076;0.5769230769230769;0.26666666666666666;0.35015836358070374;0.6153846153846154;0.19230769230769232;0.14142106473445892;0.23076923076923078;0.038461538461538464;0.0;0.0;0.19230769230769232;0.19230769230769232;0.5806451612903226;0.024844720496894408;0.011899876897825195;0.005879882402351953;5.995558845299779;2.661776883946528;3.121175030599755;0.13624678663239073;0.17553191489361702;0.13043478260869565;0.15104166666666666;0.07692307692307693;0.14835164835164835;0.5792844597472449;0.5479281043799411;0.6375180518944442;0.48514043097967996;1.8960159528622031;0.8724289962271127
Industrials-01;2020;Germany;Industrials;0.1567;4.448511;0.0047568529482221;0.0057823603176814;1.1141396025840111;-1.1539220892121314;0.2885397450625315;0.374036501725688;2.2681;2.3108;239;40;27;0.16736401673640167;0.14963891638256535;0.675;0.6296296296296297;0.5861355066299438;0.35;0.1;0.14810994267463684;0.2;0.1;0.0;0.0;0.1;0.1;0.5038759689922481;0.04424778761061947;0.005389514943655071;0.003969238402381543;8.276797829036635;3.1275189424472027;3.90641034411986;0.24090121317157712;0.28545780969479356;0.23235800344234078;0.256140350877193;0.16091954022988506;0.23754789272030652;1.1994942173401189;1.197653210244773;1.237028195954244;1.0985101591538586;1.5566526701735035;0.9862407285764674
Industrials-01;2021;Germany;Industrials;0.1893;5.519994;0.0041828503137137;0.0058890577507598;1.3100729090996197;-0.5834424997862236;0.0616504084370784;0.4515643446492365;1.8935;2.0884;207;55;30;0.26570048309178745;0.2808957144005789;0.5454545454545454;0.5;0.5156832337379456;0.32727272727272727;-0.01818181818181818;0.033388473093509674;0.2;0.21818181818181817;0.0;0.05454545454545454;-0.01818181818181818;0.038461538461538464;0.3370165745856354;0.1167192429022082;0.0005724917704308;0.004916136495083863;9.696323921150771;3.0303030303030303;4.908435905133594;0.27720739219712526;0.326226012793177;0.26422764227642276;0.31223628691983124;0.16981132075471697;0.25471698113207547;1.4146542180891304;1.4386166804255283;1.4244847108905074;1.4258934113858877;0.8190397015048627;1.4113334123398555
Industrials-01;2022;Germany;Industrials;0.0394;5.875476;0.0036070031353181;0.004686353113884;0.4091403125753949;-0.3941765707810031;-0.1659680317042797;-0.4223376179464695;0.8035;0.6754;262;80;34;0.3053435114503817;0.329514109908763;0.425;0.5882352941176471;0.5393841862678528;0.3375;-0.025;-0.016432520002126694;0.2125;0.2375;0.0;0.05;-0.025;0.02631578947368421;0.2621359223300971;-0.037527593818984545;0.0024836721552755035;0.00334696913350688;8.862456022784386;2.674704933344655;4.756001352417446;0.1031390134529148;0.1808;0.09495548961424333;0.13713405238828968;0.12023460410557185;0.24926686217008798;0.38307905633419354;0.5790655098078474;0.42882963054873063;0.40397376696710596;0.48802483475149955;0.5065744072942494
Industrials-01;2023;Germany;Industrials;0.0381;6.570445;0.0042794210195091;0.0040802536514371;0.4013270212112756;-0.024160779785034;0.0998224690829755;-0.8627379402869351;0.4258;-0.0555;454;144;69;0.31718061674008813;0.3405615407929904;0.4791666666666667;0.43478260869565216;0.4477861225605011;0.4305555555555556;0.0763888888888889;0.06243748962879181;0.24305555555555555;0.16666666666666666;0.006944444444444444;0.04861111111111111;0.07692307692307693;0.12408759124087591;0.1188118811881188;-0.008298755186721992;0.0036407766990291263;0.0035052578868302454;10.7293550331525;3.224519115651688;5.823115053482911;0.10115606936416185;0.190625;0.09012875536480687;0.13224368499257058;0.11898016997167139;0.26628895184135976;0.3713276062209468;0.6371368966877807;0.4004388858141136;0.3754329403838207;-0.1455485510580044;0.6780207430616721
Industrials-01;2024;Germany;Industrials;-0.0234;8.869208;0.0033420237616139;0.0045254556882463;0.0316982374471673;1.199747926584986;-0.2707079591972101;-0.5392479313602241;-1.1682;-1.3025;610;217;65;0.3557377049180328;0.3994163268569601;0.2995391705069124;0.5692307692307692;0.5132287740707397;0.2903225806451613;-0.041474654377880185;-0.062437012791633606;0.10599078341013825;0.14746543778801843;0.2350230414746544;0.271889400921659;-0.03614457831325301;0.012658227848101266;0.1488095238095238;-0.043941411451398134;0.0028525673105795216;0.004613728405187882;11.239714259878832;4.671677952413493;7.34644277507733;0.1195840554592721;0.2495164410058027;0.0967741935483871;0.1566696508504924;0.24963072378138848;0.42688330871491875;0.48053671630759637;0.9852191007147261;0.4395272071033437;0.5179860860412304;-0.012941991470978815;0.46895315435318863
Telecommunications-01;2018;Germany;Telecommunications;0.2246;4.058508;0.000154631204577;0.0048043148185917;1.5222338207560917;-1.3615677087085418;-1.5306070247309047;-0.3366249981605926;2.8839;3.4808;432;70;50;0.16203703703703703;0.19157980690715212;0.7142857142857143;0.56;0.5277590751647949;0.32857142857142857;0.32857142857142857;0.304565966129303;0.4142857142857143;0.08571428571428572;0.0;0.0;0.32857142857142857;0.32857142857142857;0.47;0.15846994535519127;0.0;0.0030757400999615533;7.911466917824346;2.6286353467561523;3.642608577755683;0.2730964467005076;0.2981366459627329;0.2692307692307692;0.29145211122554066;0.0982367758186398;0.14609571788413098;1.3902916698983945;1.27259240679468;1.4539129936372355;1.3045942315560555;1.4069017128254964;1.6562287036422936
Telecommunications-01;2019;Germany;Telecommunications;0.2365;4.773567;0.0004031915796621;0.0051386337794104;1.5937554878584148;-0.9808555884646366;-1.4323571296538051;-0.0937041786721707;2.5748;3.2442;438;86;68;0.1963470319634703;0.23472780163457543;0.7906976744186046;0.45588235294117646;0.4553239941596985;0.46511627906976744;0.37209302325581395;0.33457982540130615;0.47674418604651164;0.10465116279069768;0.0;0.0;0.37209302325581395;0.37209302325581395;0.5130434782608696;0.15591397849462366;0.0003934297236156192;0.003036437246963563;9.294385432473444;2.908239058393326;4.386581189075262;0.2834331337325349;0.313585291113381;0.2796019900497512;0.3016194331983806;0.09571788413098237;0.15365239294710328;1.4515496058543724;1.3639027629589642;1.51491628647285;1.3639320583003751;1.5971782501144627;1.6412362792733146
Telecommunications-01;2020;Germany;Telecommunications;0.2027;4.4817;0.0029576790918185;0.0052051508362187;1.3906099123913116;-1.1362515829199582;-0.4226300966976768;-0.0453719575194547;2.527;2.7157;423;81;60;0.19148936170212766;0.21516983984504182;0.7407407407407407;0.48333333333333334;0.48633480072021484;0.41975308641975306;0.3333333333333333;0.3324373662471771;0.43209876543209874;0.09876543209876543;0.0;0.012345679012345678;0.3333333333333333;0.35;0.4857142857142857;0.08743169398907104;0.004610824459325941;0.0022609088853719197;8.855154965211891;2.780341485925242;4.085329951537661;0.25534079348931843;0.2814122533748702;0.2515212981744422;0.27479338842975204;0.10513447432762836;0.15403422982885084;1.285066981959453;1.1737416513441288;1.34974627424431;1.2073717368146946;1.4763677502484522;1.2395427022148173
Telecommunications-01;2021;Germany;Telecommunications;0.0899;4.85903;0.0025849124741033;0.0037342033371985;0.7126566309508009;-0.935353329305036;-0.5699757106806974;-1.1141829247808386;1.6479;1.3758;455;114;80;0.25054945054945055;0.28949027102860747;0.7017543859649122;0.4625;0.47458916902542114;0.43859649122807015;0.2719298245614035;0.28292885422706604;0.38596491228070173;0.11403508771929824;0.0;0.008771929824561403;0.2719298245614035;0.2831858407079646;0.35911602209944754;-0.03241296518607443;0.0031605562579013905;0.0021695111368238355;8.664886515353805;2.928916191311979;4.599175802814711;0.13682432432432431;0.16536796536796536;0.12635983263598327;0.1563573883161512;0.09074733096085409;0.1423487544483986;0.582707100563883;0.4878533313384925;0.6135492857467909;0.5161636808679727;0.9167317681971159;0.5365750634597558
Telecommunications-01;2022;Germany;Telecommunications;0.0686;5.452537;0.0028677492566723;0.0047351233671988;0.5846388570617683;-0.6193579941654187;-0.4581771820462114;-0.3869004717167728;1.2041;1.2398;506;155;87;0.30632411067193677;0.35137075594687023;0.5612903225806452;0.5287356321839081;0.490910142660141;0.3741935483870968;0.14193548387096774;0.14643625915050507;0.27741935483870966;0.13548387096774195;0.0;0.012903225806451613;0.14193548387096774;0.1568627450980392;0.37823834196891193;-0.07109004739336493;0.0030650104855621876;0.0038210211540591426;8.852493003006117;3.079326118487114;5.099191237805099;0.11954765751211632;0.14830157415078707;0.11504424778761062;0.14735099337748345;0.09768211920529801;0.1490066225165563;0.48032101246468323;0.38698116777441555;0.5469912644530855;0.4636011768094619;1.0012632455940396;0.3097085736192719
Telecommunications-01;2023;Germany;Telecommunications;0.0694;5.797145;0.0036149374950234;0.0045823168721566;0.5894470363627649;-0.4358816064365576;-0.1628317715168278;-0.4979318021202314;1.0255;0.858;568;188;103;0.33098591549295775;0.3850022467249663;0.5478723404255319;0.5242718446601942;0.49245452880859375;0.3776595744680851;0.09574468085106383;0.1028207391500473;0.2393617021276596;0.14361702127659576;0.005319148936170213;0.015957446808510637;0.0962566844919786;0.10810810810810811;0.33031674208144796;-0.06950672645739911;0.0037258158638954976;0.004021633615309943;8.731986015178647;2.9772800689135352;5.20444869806277;0.12415349887133183;0.14746543778801843;0.11326378539493294;0.14045801526717558;0.10461538461538461;0.14615384615384616;0.5076164441762189;0.3820391221554112;0.5365186238045976;0.42337285100700967;0.7894226496117359;0.3189957908170006
Telecommunications-01;2024;Germany;Telecommunications;-0.0551;7.86949;0.0019535338031117;0.004891775405768;-0.1588258673548201;0.6674774993531121;-0.8195444046352934;-0.2730749157549746;-0.8261;-0.5529;857;346;137;0.40373395565927656;0.4381930345150711;0.3959537572254335;0.5401459854014599;0.5371073484420776;0.30057803468208094;-0.005780346820809248;-0.0196159016340971;0.18208092485549132;0.18786127167630057;0.1936416184971098;0.24277456647398843;0.03942652329749104;0.10687022900763359;0.1723202170963365;-0.19295436349079265;0.0014850455908996406;0.004194706823188581;10.223782360684512;4.198792791998943;6.882650443450854;0.09783183500793231;0.14128642111050027;0.07453416149068323;0.1282608695652174;0.2640207075064711;0.3261432269197584;0.35162731591849083;0.34551758851493103;0.30871182750922377;0.35218870631567556;0.090988580328199;-0.4051056794740822
Technology-01;2018;Germany;Technology;0.2042;3.222668;0.0;0.0053032363339679;1.3996252485806802;-1.8065861177973936;-1.5917289940719288;0.0258983330880408;3.2061;4.015;172;39;7;0.22674418604651161;0.2496607869742198;0.1794871794871795;0.2857142857142857;0.4210965633392334;0.38461538461538464;0.48717948717948717;0.4794042408466339;0.5897435897435898;0.10256410256410256;0.0;0.0;0.48717948717948717;0.48717948717948717;0.4666666666666667;0.10469314079422383;0.0;0.004931824775166811;5.158324821246169;2.2561733878131105;3.005140371688414;0.22340425531914893;0.24661246612466126;0.21052631578947367;0.24661246612466126;0.039473684210526314;0.08552631578947369;1.0958026263857323;0.96805494307479;1.1086146891715147;1.0429041720319954;1.3921664927660817;1.3407924248610383
Technology-01;2019;Germany;Technology;0.1919;3.090623;0.0;0.0065878477736603;1.3256994918278584;-1.8768895919409356;-1.5917289940719288;0.959314920918177;3.2024;4.478;183;46;10;0.25136612021857924;0.291633170490384;0.21739130434782608;0.1;0.3395509421825409;0.41304347826086957;0.6521739130434783;0.6024863123893738;0.717391304347826;0.06521739130434782;0.0;0.0;0.6521739130434783;0.6521739130434783;0.5172413793103449;0.0641025641025641;0.0;0.007310255858955063;4.885381435550545;1.91994793361536;2.815941864426025;0.21939953810623555;0.2336448598130841;0.2054794520547945;0.23653395784543327;0.055865921787709494;0.08379888268156424;1.072069615045605;0.8914089498914554;1.0789291476444665;0.9840846736713095;1.6157353488399626;1.1027020331069777
Technology-01;2020;Germany;Technology;0.1632;2.81136;3.899091511677779e-05;0.0053673664122137;1.153206059404608;-2.025574957534088;-1.5763168298527843;0.0724961423274129;3.179;4.0034;278;66;27;0.23741007194244604;0.28119009917493126;0.4090909090909091;0.2962962962962963;0.40136608481407166;0.4696969696969697;0.7424242424242424;0.621146023273468;0.803030303030303;0.06060606060606061;0.0;0.0;0.7424242424242424;0.7424242424242424;0.5217391304347826;0.0091324200913242;0.0;0.0031423013616639233;5.326876513317192;1.4524407557060173;2.5710734814354512;0.19155844155844157;0.21322314049586777;0.1781701444622793;0.20922570016474465;0.056818181818181816;0.09848484848484848;0.9070759276112604;0.7707048722096767;0.9182964008076664;0.8247100942811255;1.6356179546172838;0.7802660346772621
Technology-01;2021;Germany;Technology;0.2488;3.948749;0.0001784970547985;0.0052935956672072;1.6676812446112366;-1.4200056580327944;-1.5211734322711783;0.0188932901668139;3.0876;3.8576;349;89;40;0.25501432664756446;0.2838395563293996;0.449438202247191;0.35;0.415577232837677;0.5056179775280899;0.6741573033707865;0.5898205041885376;0.7415730337078652;0.06741573033707865;0.0;0.0;0.6741573033707865;0.6741573033707865;0.5238095238095238;0.14391143911439114;0.0;0.0035603537383714252;6.167763157894736;2.23083548664944;3.3932256889644288;0.2752179327521793;0.301143583227446;0.25644171779141106;0.29784537389100124;0.05519480519480519;0.10714285714285714;1.402864156255207;1.2903651311939515;1.3786880742509866;1.3419061523732994;1.6447702652131937;1.5708335026685105
Technology-01;2022;Germany;Technology;0.1772;3.52266;5.391707553782283e-05;0.0053852071656225;1.2373491971720472;-1.6468642062121828;-1.5704168802137088;0.0854594825691899;2.8841;3.7121;221;53;23;0.2398190045248869;0.2681699913269731;0.4339622641509434;0.6521739130434783;0.5294977426528931;0.24528301886792453;0.5094339622641509;0.43668070435523987;0.6415094339622641;0.1320754716981132;0.0;0.0;0.5094339622641509;0.5094339622641509;0.46853146853146854;0.030120481927710843;0.00021561017680034498;0.004134929270946681;5.746677091477717;2.3393544566183;3.275343642611684;0.21174004192872117;0.2245762711864407;0.1868583162217659;0.2219873150105708;0.06930693069306931;0.09405940594059406;1.026677418799028;0.8378083882026237;0.9694000360788422;0.8991885550520357;1.4004099725196004;0.9033748020826413
Technology-01;2023;Germany;Technology;0.1309;3.505783;9.770873027505007e-05;0.0059018995189207;0.959075820126873;-1.6558498681692468;-1.5531070999170211;0.4608953524918404;2.6149;3.6219;244;64;29;0.26229508196721313;0.2875588717785892;0.453125;0.4482758620689655;0.459225058555603;0.359375;0.53125;0.47266900539398193;0.65625;0.125;0.0;0.0;0.53125;0.53125;0.5119047619047619;-0.05511811023622047;0.0001840264998159735;0.004094546808114647;5.805369127516778;2.161862527716186;3.2267555904276186;0.19337016574585636;0.22264150943396227;0.14893617021276595;0.20222634508348794;0.12048192771084337;0.17269076305220885;0.917812683391781;0.826372836218026;0.7463428070101201;0.783860938501162;1.5921444792867119;0.4033944752437523
Technology-01;2024;Germany;Technology;0.0704;3.958971;4.874957344123239e-05;0.0057685613406932;0.5954572604890106;-1.414563254967966;-1.5724594686135167;0.3640099725994863;2.0098;2.9781;247;64;28;0.2591093117408907;0.2886837246109206;0.4375;0.5357142857142857;0.49816617369651794;0.359375;0.40625;0.37508314847946167;0.546875;0.140625;0.0;0.0;0.40625;0.40625;0.4794520547945205;-0.12;0.0001827485380116959;0.003703703703703704;6.762967826657912;2.407951840963181;3.709883207380509;0.12233009708737864;0.15831663326653306;0.0946969696969697;0.1422924901185771;0.099601593625498;0.16334661354581673;0.49681048387604404;0.4461759130706891;0.42730902207914545;0.4340790872401157;1.4486851450487688;0.022819578046587154
Consumer Discretionary-08;2018;Germany;Consumer Discretionary;0.0037;3.987488;0.0019531815156688;0.0057400029511583;0.1945753112684248;-1.3993802175780503;-0.8196836553275431;0.3432590484757177;1.5938;2.1753;697;211;124;0.30272596843615496;0.3166216093071292;0.5876777251184834;0.33064516129032256;0.40000420808792114;0.4834123222748815;0.2796208530805687;0.26013508439064026;0.4597156398104265;0.18009478672985782;0.0;0.0;0.2796208530805687;0.2796208530805687;-0.01838235294117647;-0.012560386473429951;0.0012951503813498344;0.005343437287476926;4.910084626234132;3.16953839608594;3.73611868346294;0.04939063502245029;0.07208387942332896;0.04203821656050955;0.07208387942332896;0.0874384236453202;0.12807881773399016;0.06455197764549099;-0.06350913630852326;0.11757139388571337;0.024332411712108162;-0.7520247202914198;0.6530234765711926
Consumer Discretionary-08;2019;Germany;Consumer Discretionary;0.0209;4.127544;0.0019799774777561;0.0048359807065834;0.2979511662398502;-1.3248115222495804;-0.8090918606270832;-0.3136161223195782;1.6227;1.8704;841;265;174;0.3151010701545779;0.3443718021603184;0.6566037735849056;0.3735632183908046;0.40767326951026917;0.4716981132075472;0.37735849056603776;0.36029282212257385;0.5320754716981132;0.15471698113207547;0.0;0.0;0.37735849056603776;0.37735849056603776;0.024817518248175182;0.0053285968028419185;0.002026038344651634;0.003920523751522534;4.915720431624233;3.2796864893657496;3.8529978745489593;0.07927519818799547;0.10556844547563805;0.06898485698261357;0.10173410404624278;0.11050328227571116;0.15645514223194748;0.24165578767622728;0.13440386010168773;0.27607094039975427;0.19737501784816555;-0.561056837737378;0.7579541127797824
Consumer Discretionary-08;2020;Germany;Consumer Discretionary;-0.2083;4.271491;0.0023634111357412;0.0059240717563621;-1.0795922034956555;-1.248171178483892;-0.6575298240266413;0.4770060094403683;0.1684;0.7357;619;181;101;0.2924071082390953;0.31128398016755;0.5580110497237569;0.45544554455445546;0.44384700059890747;0.3812154696132597;-0.0055248618784530384;0.02970673330128193;0.30939226519337015;0.3149171270718232;0.0;0.0;-0.0055248618784530384;-0.0055248618784530384;-0.1963302752293578;-0.23776223776223776;0.001977261492832427;0.005608618391825855;5.582300522380415;3.3266474242943107;4.055754204741094;-0.15555555555555556;-0.1297709923664122;-0.1678832116788321;-0.1324200913242009;0.10344827586206896;0.14942528735632185;-1.1500132479388616;-1.2565872384257137;-1.1171818316860511;-1.1691796278552646;-1.538655258501022;-0.667933291409616
Consumer Discretionary-08;2021;Germany;Consumer Discretionary;-0.378;5.956919;0.0009478015627167;0.0048312577687093;-2.0995272377195446;-0.3508146423121293;-1.2170859961324831;-0.3170478748470453;-1.749;-1.299;429;176;94;0.41025641025641024;0.4170809185479764;0.5340909090909091;0.4787234042553192;0.48000186681747437;0.3693181818181818;-0.03977272727272727;-0.01947884075343609;0.23863636363636365;0.2784090909090909;0.0;0.0;-0.03977272727272727;-0.03977272727272727;-0.38943248532289626;-0.391304347826087;0.0006976744186046512;0.004403734366742998;7.017349983423584;4.666234607906675;5.660730145374656;-0.3225806451612903;-0.2874251497005988;-0.3333333333333333;-0.29516288252714706;0.11883691529709228;0.1845764854614412;-2.13984801902246;-2.1884137589125765;-2.0903558096718298;-2.1189679373121435;-2.3922763264073175;-1.5685586117529564
Consumer Discretionary-08;2022;Germany;Consumer Discretionary;-0.2869;6.644195;0.0011398698976082;0.0048543689320388;-1.5519958198185646;0.0151052372401175;-1.1411660360653766;-0.3002549812535456;-1.5671;-1.1466;545;242;110;0.44403669724770645;0.45941116582517816;0.45454545454545453;0.509090909090909;0.47857367992401123;0.3347107438016529;-0.05371900826446281;-0.009423941373825073;0.21487603305785125;0.26859504132231404;0.0;0.004132231404958678;-0.05371900826446281;-0.04979253112033195;-0.32972972972972975;-0.29508196721311475;0.001085432590113518;0.004662857142857143;7.519766242695085;4.954619848236869;6.1448281362150095;-0.22171945701357465;-0.18791312559017942;-0.2328278322925959;-0.19324577861163228;0.13015463917525774;0.18943298969072164;-1.542117993449188;-1.6002406035617962;-1.499184662263929;-1.5241663297131616;-2.1283563538616863;-1.0041511516254384
Consumer Discretionary-08;2023;Germany;Consumer Discretionary;-0.2464;7.227651;0.0033523959771248;0.0038685916778855;-1.3085817427056152;0.3257492132323474;-0.2666080736651339;-1.0165344821994275;-1.6344;-2.0094;609;277;111;0.4548440065681445;0.47413929560743967;0.4007220216606498;0.4594594594594595;0.4779954254627228;0.36823104693140796;-0.02527075812274368;-0.00026625761529430747;0.20216606498194944;0.22743682310469315;0.0;0.0;-0.02527075812274368;-0.02527075812274368;-0.35753176043557167;-0.2737030411449016;0.0017109710804156409;0.005246012607352879;8.550011712344812;4.796386578720964;6.593160156980003;-0.17922077922077922;-0.1397459165154265;-0.18974358974358974;-0.14594594594594595;0.13137755102040816;0.1989795918367347;-1.2902596103542514;-1.3155447630420394;-1.2457640948407334;-1.248118292358852;-2.2512570660264437;-0.8787497087849419
Consumer Discretionary-08;2024;Germany;Consumer Discretionary;-0.1311;9.53806;0.002749761447934;0.0035714285714285;-0.6156029009494903;1.5558584895586374;-0.5048149046717246;-1.2324573397169591;-2.1716;-2.5354;1048;648;229;0.6183206106870229;0.6290157778102151;0.3533950617283951;0.519650655021834;0.5209696292877197;0.25771604938271603;0.010802469135802469;0.011439485475420952;0.17901234567901234;0.16820987654320987;0.11265432098765432;0.12191358024691358;0.03304347826086956;0.0421792618629174;-0.023305084745762712;-0.2079207920792079;0.0018142694401080124;0.004406233207952714;9.705620672314415;5.95643294758339;8.34710539947214;0.0097757331799885;0.05783132530120482;-0.0011376564277588168;0.06877662811929397;0.24671916010498687;0.31583552055993;-0.170216387929366;-0.1477499082630331;-0.136388141766636;0.00503085861848281;-0.7737859812216374;-0.4928936129356716
Financials-10;2018;Germany;Financials;-0.3316;4.752475;0.0030279674080598;0.0081971879091478;-1.8206528382617455;-0.9920854031235452;-0.3948468279707294;2.128683907920517;-0.8287;0.433;191;18;5;0.09424083769633508;0.09302608378427676;0.2777777777777778;0.6;0.53136146068573;0.3888888888888889;-0.16666666666666666;-0.2017907053232193;0.2222222222222222;0.3888888888888889;0.0;0.0;-0.16666666666666666;-0.16666666666666666;-0.3076923076923077;-0.34365325077399383;0.00196078431372549;0.0046449900464499;4.491725768321513;3.7157334026243993;3.792578719419408;-0.2994652406417112;-0.28415300546448086;-0.30687830687830686;-0.27823691460055094;0.06896551724137931;0.09961685823754789;-2.0028600300014574;-2.1690735091555737;-1.9347479257035154;-2.0201857648786152;-2.030938474882603;-1.2890536308105502
Financials-10;2019;Germany;Financials;-0.2136;5.121951;0.0032391988685615;0.0078437033828978;-1.1114463913647576;-0.7953687806640876;-0.3113521485627066;1.871837121298399;-0.316;0.7756;245;23;7;0.09387755102040816;0.08514803034010276;0.30434782608695654;0.7142857142857143;0.7207425236701965;0.21739130434782608;-0.17391304347826086;-0.13512270152568817;0.13043478260869565;0.30434782608695654;0.0;0.043478260869565216;-0.17391304347826086;-0.13636363636363635;-0.20634920634920634;-0.2215568862275449;0.0011494252873563218;0.005780346820809248;8.979591836734693;4.357321131447588;4.784824462061155;-0.17766497461928935;-0.15625;-0.17974683544303796;-0.16062176165803108;0.072;0.112;-1.2810395015957308;-1.4130933652945976;-1.186963405833505;-1.3337682808594162;-1.5829446049443485;-0.5728782611567427
Financials-10;2020;Germany;Financials;-0.2739;5.661275;0.0034628218850343;0.0069316688567674;-1.4738629061773707;-0.5082215892597087;-0.2229593872556986;1.2091401149820444;-0.9654;-0.2494;360;81;42;0.225;0.20395753544312303;0.5185185185185185;0.5;0.510898768901825;0.30864197530864196;-0.08641975308641975;-0.05861782282590866;0.20987654320987653;0.2962962962962963;0.0;0.012345679012345678;-0.08641975308641975;-0.075;-0.18072289156626506;-0.3051224944320713;0.0037885027178389064;0.005176156286525296;9.423305588585018;4.302477183833116;5.404195446405731;-0.2175379426644182;-0.1916376306620209;-0.22795341098169716;-0.19444444444444445;0.11302211302211303;0.1597051597051597;-1.5173372356100499;-1.62225456539011;-1.4705134232822386;-1.53116190098569;-1.4696617886528056;-1.0630454382757157
Financials-10;2021;Germany;Financials;-0.2144;6.359627;0.0036250933945817;0.0044730062565467;-1.116254570665754;-0.1364046194759963;-0.1588173904407241;-0.5773584199157725;-0.9797;-1.189;430;161;67;0.3744186046511628;0.36709614068497637;0.4161490683229814;0.5223880597014925;0.48772338032722473;0.3105590062111801;-0.062111801242236024;-0.05817221850156784;0.18012422360248448;0.2422360248447205;0.006211180124223602;0.018633540372670808;-0.0625;-0.05063291139240506;-0.13924050632911392;-0.2545454545454545;0.004133906136013618;0.004542451271886356;9.465328740452298;3.982729755925632;6.013536003550427;-0.15350223546944858;-0.10832025117739404;-0.1634756995581738;-0.12883435582822086;0.11845102505694761;0.1958997722095672;-1.137844731087946;-1.1298010511026813;-1.0912569422958904;-1.1482528044321654;-1.2862861661351523;-0.7663778808808086
Financials-10;2022;Germany;Financials;-0.177;6.938628;0.0033348750030427;0.0037592100646584;-0.8914721883441662;0.1718674228776294;-0.2735336902869366;-1.096012687853818;-1.063;-1.4743;478;170;73;0.35564853556485354;0.3555339958570417;0.4294117647058823;0.4794520547945205;0.5008705258369446;0.3588235294117647;-0.07058823529411765;-0.06867323815822601;0.15294117647058825;0.2235294117647059;0.0;0.011764705882352941;-0.07058823529411765;-0.05952380952380952;-0.06103286384976526;-0.23809523809523808;0.005162622612287042;0.0038833472930785047;10.279101429543909;4.43331055947772;6.525977190759333;-0.09774436090225563;-0.06542056074766354;-0.10979228486646884;-0.07264296754250386;0.14918414918414918;0.20279720279720279;-0.8074088478406759;-0.8762392678991949;-0.7754922773627151;-0.8203124803696882;-0.9405641194567789;-0.6698865570737269
Financials-10;2023;Germany;Financials;-0.1924;7.692308;0.0036554921540656;0.004211931504327;-0.9840296398883494;0.5731421579490382;-0.1468014972045484;-0.7670589759406068;-1.5569;-1.867;523;215;81;0.4110898661567878;0.41333861857100385;0.3767441860465116;0.5432098765432098;0.5117805004119873;0.32558139534883723;-0.07906976744186046;-0.1020137369632721;0.13023255813953488;0.20930232558139536;0.0;0.013953488372093023;-0.07906976744186046;-0.0660377358490566;-0.1111111111111111;-0.2392638036809816;0.004735075521457684;0.004976041282712864;10.332306338028168;4.44339399669109;6.900509618474818;-0.11286089238845144;-0.0889487870619946;-0.12207792207792208;-0.0901749663526245;0.15030060120240482;0.1903807615230461;-0.8969934037809643;-1.015304584224706;-0.8477561253284913;-0.922631528655515;-1.161938317532495;-0.6767409617355152
Financials-10;2024;Germany;Financials;-0.2403;9.149626;0.0033535057626334;0.0045066190967984;-1.2719193755355167;1.3490482379362942;-0.2661694023373148;-0.552934861409607;-2.6209;-2.7643;877;418;121;0.4766248574686431;0.4875124448869293;0.2894736842105263;0.5041322314049587;0.5022145509719849;0.3349282296650718;-0.11244019138755981;-0.13284754753112793;0.08851674641148326;0.20095693779904306;0.12200956937799043;0.14354066985645933;-0.10626702997275204;-0.08379888268156424;-0.014388489208633094;-0.3805774278215223;0.004667853079324328;0.004885242879528067;10.819372852233675;6.046630796822957;8.377251632187525;-0.0919446704637917;-0.03710094909404659;-0.11075697211155379;-0.05102040816326531;0.26344676180021953;0.3402854006586169;-0.7730383513418339;-0.7088541152654384;-0.7811665465286932;-0.6941203832135827;-0.734369581995517;-1.505638180599633
Technology-03;2018;Germany;Technology;0.1464;5.895656;0.002978353750421;0.005756698044895;1.0522342940836809;-0.383432323681782;-0.41445790498065;0.3553899364218204;1.4354;1.8203;696;193;87;0.27729885057471265;0.2640144665461121;0.45077720207253885;0.5862068965517241;0.544604480266571;0.3005181347150259;0.24870466321243523;0.2500532567501068;0.30569948186528495;0.05699481865284974;0.0;0.0;0.24870466321243523;0.24870466321243523;0.44150943396226416;0.06744868035190615;0.004386639987686625;0.004788820850997017;9.889660809154066;3.310215926417786;5.055651922520959;0.22561863173216884;0.2548435171385991;0.19179051663128097;0.23189465983906365;0.15151515151515152;0.2025518341307815;1.1089256055444228;1.0167051769535536;0.9984111304482627;0.9570091210279881;1.2809572847704978;1.1223292026028024
Technology-03;2019;Germany;Technology;0.1117;6.50149;0.0031635330912751;0.0061230118598878;0.8436795169029563;-0.0608738401778385;-0.3412609973756821;0.6215586631673227;0.9047;1.3861;704;202;94;0.2869318181818182;0.2780012086103065;0.46534653465346537;0.4787234042553192;0.4894255995750427;0.35148514851485146;0.2376237623762376;0.22539006173610687;0.28217821782178215;0.04455445544554455;0.0;0.0;0.2376237623762376;0.2376237623762376;0.4626865671641791;-0.029239766081871343;0.004197586387826999;0.004588910133843212;11.353482260183968;3.3844254706305934;5.6262013899157175;0.2;0.2243060765191298;0.15991471215351813;0.20710059171597633;0.1656441717791411;0.20705521472392638;0.9571028312777257;0.8362113827005058;0.8109183493314264;0.8123076821924012;1.374572200157825;0.5551879603292055
Technology-03;2020;Germany;Technology;0.1097;6.677976;0.0033876007235652;0.0055333176359783;0.831659068650465;0.0330909365096316;-0.2526924902065926;0.1930786159426791;0.7985;1.0214;757;232;93;0.30647291941875826;0.2930346557227542;0.40086206896551724;0.5268817204301075;0.5095909237861633;0.3103448275862069;0.2025862068965517;0.1916302591562271;0.2543103448275862;0.05172413793103448;0.0;0.0;0.2025862068965517;0.2025862068965517;0.3673469387755102;0.025023169601482854;0.0033067496595992995;0.003505059189207063;11.52904518139328;3.3064478090656104;5.754132573624408;0.1869031377899045;0.21678321678321677;0.1584553928095872;0.19834710743801653;0.14613180515759314;0.1977077363896848;0.8794873686053547;0.7917469655842029;0.8023346650350164;0.7612211979753952;0.9531170787508633;0.8734757174289909
Technology-03;2021;Germany;Technology;0.1195;7.974513;0.0026293886198547;0.0035503647369237;0.8905592650876725;0.7233939048586377;-0.5523953676674178;-1.247762615633524;0.1673;-0.1803;609;236;101;0.38752052545155996;0.3785657961872072;0.4279661016949153;0.49504950495049505;0.4901113510131836;0.3940677966101695;0.2033898305084746;0.18145330250263214;0.2457627118644068;0.0423728813559322;0.0;0.0;0.2033898305084746;0.2033898305084746;0.4838709677419355;0.023391812865497075;0.0034307418979354284;0.002694066787795251;11.357519646894175;3.9954106769251534;6.8323239027627976;0.19389587073608616;0.22355105795768168;0.1728395061728395;0.20471014492753623;0.14149139579349904;0.1931166347992352;0.9209281499356993;0.8317487898268789;0.8869417035885828;0.7983567206950781;1.4682192414598358;0.8639067387147445
Technology-03;2022;Germany;Technology;-0.0202;7.730092;0.0026208026208026;0.004543000242045;0.0509309546511535;0.593259136759592;-0.5557892051031403;-0.5264998138861073;-0.5423;-0.5277;606;245;101;0.4042904290429043;0.3831700622587196;0.4122448979591837;0.5247524752475248;0.48282814025878906;0.37551020408163266;0.11020408163265306;0.09861459583044052;0.1836734693877551;0.07346938775510205;0.0;0.004081632653061225;0.11020408163265306;0.11475409836065574;0.2198581560283688;-0.16459197786998617;0.003610739036748005;0.0034542314335060447;10.564811052417715;3.929820018127671;6.512455516014234;0.0728110599078341;0.109628217349857;0.039285714285714285;0.08785046728971962;0.16996699669966997;0.22937293729372937;0.20334759787133122;0.15839944108408371;0.10138123602187636;0.11634828980312763;0.30113317772855547;-0.2387416596959381
Technology-03;2023;Germany;Technology;-0.0537;8.30135;0.0025382081330669;0.0043563332964152;-0.1504115535780761;0.897408646641004;-0.588436805313763;-0.6621346199191219;-1.0477;-1.0845;632;260;106;0.41139240506329117;0.3790713947136763;0.4076923076923077;0.4811320754716981;0.4828333556652069;0.38076923076923075;0.14615384615384616;0.1357109546661377;0.2076923076923077;0.06153846153846154;0.0038461538461538464;0.011538461538461539;0.14671814671814673;0.1556420233463035;0.2158273381294964;-0.1945578231292517;0.0023222579492675954;0.0033416367944589585;11.839950880065492;3.991651447951996;7.046685787125558;0.03429602888086643;0.07403936269915651;0.0035026269702276708;0.059149722735674676;0.1614420062695925;0.22570532915360503;-0.024902642914932507;-0.05195110823240917;-0.10909409684093971;-0.05115302591503727;0.28331468110076147;-0.4145110233888186
Technology-03;2024;Germany;Technology;-0.124;8.413385;0.0028277706580486;0.0053108181222769;-0.5729303096531462;0.9570583851821958;-0.4739797536297116;0.0314073662123132;-1.5299;-1.2772;797;285;108;0.3575909661229611;0.3661887489734465;0.37894736842105264;0.5462962962962963;0.5256743431091309;0.2982456140350877;0.007017543859649123;0.01801374927163124;0.1368421052631579;0.12982456140350876;0.1649122807017544;0.18596491228070175;0.029411764705882353;0.05603448275862069;0.15759312320916904;-0.19569471624266144;0.0024762883707891417;0.005077587434157453;11.56614544551998;3.9908390995029728;6.798736545125579;0.04132231404958678;0.09090909090909091;0.0033178500331785005;0.09090909090909091;0.2824742268041237;0.35051546391752575;0.01673697774305035;0.04775866412773594;-0.11018095072215761;0.13419881906610948;0.025886489549276245;-0.4211796481982275
Industrials-09;2020;Germany;Industrials;-0.2899;8.082484;0.0027418723070896;0.0058370920668612;-1.5700264921973015;0.7808798862040293;-0.5079332909388212;0.4138053539924649;-2.3511;-1.8903;44;17;4;0.38636363636363635;0.410706450197455;0.23529411764705882;0.5;0.44359779357910156;0.29411764705882354;0.11764705882352941;0.08659066259860992;0.35294117647058826;0.23529411764705882;0.0;0.0;0.11764705882352941;0.11764705882352941;0.15384615384615385;-0.47368421052631576;0.00641025641025641;0.00974025974025974;9.022556390977442;8.052708638360176;8.477366255144032;-0.1724137931034483;-0.14893617021276595;-0.1780821917808219;-0.14285714285714285;0.22018348623853212;0.25688073394495414;-1.249919613763786;-1.3698644351013711;-1.1771720084112018;-1.230091631747501;0.009322764113301933;-2.0517706127042348
Industrials-09;2018;Germany;Industrials;-0.3521;2.694532;0.0011451368623249;0.0089066110158753;-1.943862432849782;-2.0877765878664865;-1.1390841325012258;2.6441606311918053;0.1439;2.0355;255;58;21;0.22745098039215686;0.2603354594849988;0.3620689655172414;0.47619047619047616;0.4002421498298645;0.41379310344827586;0.3103448275862069;0.2672058343887329;0.5172413793103449;0.20689655172413793;0.0;0.0;0.3103448275862069;0.3103448275862069;0.043478260869565216;-0.4573055028462998;0.0006049606775559589;0.006985573272589218;3.07809717629102;2.3892773892773893;2.5796021648977296;-0.2868217054263566;-0.267515923566879;-0.3040847201210287;-0.2744479495268139;0.13541666666666666;0.17083333333333334;-1.9279311027659156;-2.070738809977073;-1.9183161098169976;-1.998072866940862;-0.4785657930378927;-1.9556987348005754
Industrials-09;2019;Germany;Industrials;-0.2554;2.705684;0.0015091839363934;0.0089551129607609;-1.3626737598418264;-2.0818390336717134;-0.995185142897175;2.679402820774901;0.7191;2.5564;254;55;18;0.21653543307086615;0.2489158716392021;0.32727272727272727;0.6111111111111112;0.5020824670791626;0.2909090909090909;0.14545454545454545;0.18439537286758423;0.4;0.2545454545454545;0.0;0.0;0.14545454545454545;0.14545454545454545;0.2108843537414966;-0.3896353166986564;0.0009502692429521698;0.007955449482895784;3.7900874635568513;2.111342548759705;2.553191489361702;-0.1848341232227488;-0.15960912052117263;-0.20123839009287925;-0.16639741518578352;0.13793103448275862;0.18160919540229886;-1.323525768680038;-1.432947694797024;-1.3133762577705999;-1.3674757536118767;0.2614638922885328;-1.5587686479887481
Industrials-09;2021;Germany;Industrials;-0.3058;4.056313;0.002304599391978;0.0109582186639979;-1.6655890558046078;-1.362736371859324;-0.6807766816646053;4.134887360929844;-0.3027;2.1051;173;38;14;0.21965317919075145;0.24679029957203993;0.3684210526315789;0.6428571428571429;0.5375264883041382;0.2894736842105263;0.13157894736842105;0.13301487267017365;0.3684210526315789;0.23684210526315788;0.0;0.0;0.13157894736842105;0.13157894736842105;0.26732673267326734;-0.4806378132118451;0.002261874842925358;0.007386653082017321;5.115089514066496;2.2178036096665648;2.982890589824404;-0.22794117647058823;-0.2;-0.2526690391459075;-0.21200750469043153;0.15443037974683543;0.20253164556962025;-1.5789895453161353;-1.6716809659049878;-1.6158902047463792;-1.633662227891865;0.5109711545594897;-2.0925580595068802
Industrials-09;2022;Germany;Industrials;-0.3029;4.491188;0.0020415346708905;0.0094370204949032;-1.6481594058384954;-1.1311999765533869;-0.7847597933592434;3.029563555974659;-0.517;1.3901;262;68;23;0.2595419847328244;0.28062419875337075;0.3382352941176471;0.5217391304347826;0.5104917883872986;0.2647058823529412;0.04411764705882353;0.06326371431350708;0.22058823529411764;0.17647058823529413;0.0;0.0;0.04411764705882353;0.04411764705882353;0.15328467153284672;-0.4548736462093863;0.004410838059231254;0.007584314991124738;5.984079055723305;2.6327734906945075;3.613006824568447;-0.2413793103448276;-0.20634920634920634;-0.26174496644295303;-0.22425952045133993;0.1245136186770428;0.1867704280155642;-1.6586274739566584;-1.7092084181477654;-1.6692746095642843;-1.7051666014556728;0.0068406944794869575;-1.941434298407598
Industrials-09;2024;Germany;Industrials;-0.082;4.968919;0.0074965924579736;0.0073459107763345;-0.3205008963508284;-0.8768461653067052;1.371492405073303;1.5101340709373876;0.5564;0.6257;396;124;46;0.31313131313131315;0.34563196786734984;0.3709677419354839;0.5217391304347826;0.48923155665397644;0.29838709677419356;0.1774193548387097;0.17481811344623566;0.2661290322580645;0.08870967741935484;0.0;0.0;0.1774193548387097;0.1774193548387097;0.17770034843205576;-0.25287356321839083;0.0032777115613825984;0.005012531328320802;6.895213454075032;2.0559389756629134;3.796231681786462;-0.021105527638190954;0.014583333333333334;-0.043222003929273084;-0.0020491803278688526;0.11498257839721254;0.1759581881533101;-0.3532268913506797;-0.40337035338736016;-0.38392734850417465;-0.4083178640727728;0.1147718060823121;-0.7565711401672035
Industrials-09;2023;Germany;Industrials;-0.2019;5.26723;0.0071982281284606;0.0088922764227642;-1.041126769087683;-0.7180192526993825;1.253556213275382;2.6337449159207726;-0.3232;0.3669;295;88;28;0.2983050847457627;0.28590363324497114;0.3181818181818182;0.5714285714285714;0.49372398853302;0.2727272727272727;0.10227272727272728;0.11383000016212463;0.23863636363636365;0.13636363636363635;0.0;0.0;0.10227272727272728;0.10227272727272728;0.16312056737588654;-0.37521222410865873;0.004226888464685029;0.005717473155766281;6.650943396226415;2.051901025950513;3.4268791425750957;-0.13583441138421734;-0.09973045822102426;-0.1554993678887484;-0.1164021164021164;0.1272365805168986;0.18886679920477137;-1.0331405417339312;-1.0790304465237626;-1.0443403347839402;-1.0756966218817632;0.050320921398089635;-1.4741677370151618
Consumer Discretionary-05;2018;Germany;Consumer Discretionary;-0.13;3.534639;0.0016779592616979;0.0064687308130865;-0.6089916544106202;-1.6404863402061585;-0.9284723452636228;0.8727628761083374;1.0314;1.932;314;112;68;0.35668789808917195;0.3972675774741753;0.6071428571428571;0.4411764705882353;0.4555191397666931;0.5;-0.044642857142857144;-0.018787993118166924;0.26785714285714285;0.3125;0.0;0.0;-0.044642857142857144;-0.044642857142857144;-0.20373831775700935;-0.093841642228739;0.0010624615556673936;0.006735544266225241;4.056731671707165;2.4835024480238417;3.1205134701461024;-0.09364548494983277;-0.05492589363557106;-0.11074651353568499;-0.07429547395388557;0.07102272727272728;0.140625;-0.7831178269548698;-0.8142097641798631;-0.7811050294153751;-0.8299567248811124;-1.5714029995573568;0.17625552690518287
Consumer Discretionary-05;2019;Germany;Consumer Discretionary;-0.0754;3.232556;0.0019470479317387;0.0065196961390868;-0.2808334171176069;-1.8013215432028895;-0.8221081124734951;0.909794992764733;1.5203;2.3863;373;128;83;0.34316353887399464;0.3850978524076059;0.6484375;0.43373493975903615;0.46101126074790955;0.5234375;0.1015625;0.10674205422401428;0.3828125;0.28125;0.0;0.0;0.1015625;0.1015625;-0.10256410256410256;-0.06351183063511831;0.001546232347180703;0.00582005033557047;4.086330935251799;2.222496604519076;2.95233444765804;-0.03537906137184116;0.005267118133935289;-0.06113843991567112;-0.007429420505200594;0.07722007722007722;0.1492921492921493;-0.4378156200809087;-0.458434530191529;-0.4893114310654471;-0.43971765256556955;-1.1241557019955342;0.3541597921982595
Consumer Discretionary-05;2020;Germany;Consumer Discretionary;-0.1169;3.318457;0.0019136185856008;0.0066601270070731;-0.530257718356802;-1.7555860838337023;-0.8353219232002591;1.0118340199535176;1.2254;2.149;431;125;79;0.2900232018561485;0.3243420938803052;0.632;0.46835443037974683;0.4528316557407379;0.48;0.016;0.023595647886395454;0.28;0.264;0.0;0.0;0.016;0.016;-0.1650853889943074;-0.10402999062792877;0.001973754400938867;0.0054291763939410395;4.603095356964553;2.306182531894013;3.0630037835170256;-0.07512953367875648;-0.0409670920080591;-0.09505703422053231;-0.05116279069767442;0.08084163898117387;0.14174972314507198;-0.6733874120150318;-0.7317052380026123;-0.6888198570325036;-0.6949513463896042;-1.400535176179567;0.11649417194546448
Consumer Discretionary-05;2021;Germany;Consumer Discretionary;-0.1749;4.415771;0.0022848786729424;0.0074680498703246;-0.8788507176790504;-1.1713535386684493;-0.6885718041793105;1.5988820400355326;0.2923;1.436;511;187;91;0.3659491193737769;0.38378932858905934;0.48663101604278075;0.46153846153846156;0.4514566659927368;0.43315508021390375;-0.0213903743315508;-0.0008104905718937516;0.26737967914438504;0.2887700534759358;0.0;0.0053475935828877;-0.0213903743315508;-0.016129032258064516;-0.21232876712328766;-0.14959016393442623;0.0022551680935477135;0.006902134549017937;5.519580635214308;2.9351158466100418;3.955094465910128;-0.1346779440468445;-0.09769335142469471;-0.1534054742202419;-0.10857908847184987;0.0791974656810982;0.1457233368532207;-1.0262870110167426;-1.066989976611763;-1.0320240982621263;-1.030040403146667;-1.6093776481037685;-0.15074616793262696
Consumer Discretionary-05;2022;Germany;Consumer Discretionary;-0.2393;4.394885;0.0019377437706506;0.0073934566000279;-1.265909151409271;-1.1824736746899722;-0.8257858219651177;1.5446815295278034;-0.0836;1.1016;577;208;111;0.36048526863084923;0.3792987231836153;0.5336538461538461;0.40540540540540543;0.42940983176231384;0.4423076923076923;-0.028846153846153848;-0.021089406684041023;0.2644230769230769;0.2932692307692308;0.0;0.004807692307692308;-0.028846153846153848;-0.024154589371980676;-0.3278236914600551;-0.19117647058823528;0.002255562010867708;0.007422895974908521;5.793068555527448;2.7008533247464177;3.903482880755608;-0.206698063840921;-0.17831978319783198;-0.22136620441705188;-0.18625872249060654;0.06639676113360324;0.11983805668016194;-1.453097252268877;-1.5435384460516004;-1.4317676190953035;-1.4833889522808563;-2.1199305858580897;-0.39467716989950347
Consumer Discretionary-05;2023;Germany;Consumer Discretionary;-0.1746;4.77953;0.001858072772466;0.0070562487422016;-0.8770476504411767;-0.9776807646067248;-0.8572778375755784;1.2996615971838024;0.1004;1.1789;522;210;120;0.40229885057471265;0.4349024080790475;0.5714285714285714;0.38333333333333336;0.4152262806892395;0.49047619047619045;0.08571428571428572;0.07478450238704681;0.32857142857142857;0.24285714285714285;0.0;0.004761904761904762;0.08571428571428572;0.09090909090909091;-0.13020134228187918;-0.20591133004926107;0.0017386179460733755;0.006919067872761037;5.783915515840779;2.968056401775612;4.222667277948025;-0.1372093023255814;-0.10763680096211665;-0.15248429468874927;-0.10763680096211665;0.07386363636363637;0.1278409090909091;-1.0412885083862615;-1.1257614682157044;-1.026605740510938;-1.0245410894487978;-1.2463279447184057;-0.4811067983368226
Consumer Discretionary-05;2024;Germany;Consumer Discretionary;-0.1687;7.508686;0.0021330199099996;0.0058514011102088;-0.8415873280963272;0.4753780280752428;-0.7485978945027003;0.4242025044489463;-1.3168;-0.7304;1676;909;431;0.5423627684964201;0.5357119867041976;0.47414741474147415;0.5359628770301624;0.5148577690124512;0.3388338833883388;0.047304730473047306;0.043009012937545776;0.22552255225522552;0.1782178217821782;0.0671067106710671;0.0781078107810781;0.06839622641509434;0.081145584725537;-0.011052937754508435;-0.25471698113207547;0.0023704707077548256;0.005586654104084687;8.733806109108198;4.163290596253753;6.659166630608801;-0.05180621674600952;0.011652225873916941;-0.07612551159618008;-0.0076201641266119575;0.21092436974789916;0.3050420168067227;-0.5351672791503755;-0.42069488013162765;-0.577465057184477;-0.4408308573986737;-0.7196245565867087;-0.7673839969681716
Consumer Staples-02;2018;Belgium;Consumer Staples;0.0406;5.586699;0.0041986687147977;0.0059221658206429;0.4163525815268897;-0.5479273856755419;0.067903039196329;0.4756211299658323;0.964;1.1679;368;99;75;0.26902173913043476;0.2683464447231407;0.7575757575757576;0.36;0.37523388862609863;0.5151515151515151;0.5757575757575758;0.5065352916717529;0.6363636363636364;0.06060606060606061;0.0;0.0;0.5757575757575758;0.5757575757575758;0.1941747572815534;0.030732860520094562;0.007364395977906812;0.005564504319812564;7.878017789072427;3.728004771846108;4.894954980706017;0.10385756676557864;0.179080824088748;0.07050359712230216;0.12898330804248861;0.119533527696793;0.24489795918367346;0.38733739294356684;0.5689041938325827;0.28500413651038525;0.35640495217788615;0.18759801800614792;0.9069668047306944
Consumer Staples-02;2019;Belgium;Consumer Staples;-0.0162;5.482411;0.0037007373857328;0.0065149359886201;0.0749718511561361;-0.6034524620622408;-0.1289171531592814;0.906336201048536;0.6785;1.1962;426;125;93;0.2934272300469484;0.2618531236821495;0.744;0.25806451612903225;0.3215188980102539;0.624;0.592;0.5353173613548279;0.68;0.088;0.0;0.0;0.592;0.592;0.05531914893617021;-0.0512396694214876;0.00598182445645922;0.004614292475153809;8.538135593220339;3.6351060559483552;4.940221069253328;0.05433526011560694;0.11764705882352941;0.015590200445434299;0.07294117647058823;0.1316348195329087;0.2356687898089172;0.09385513119405153;0.205795394829273;-0.03799525541713721;0.029335709905533875;-0.4262223656297955;0.42614407794068637
Consumer Staples-02;2020;Belgium;Consumer Staples;-0.0058;6.298465;0.0038206826286296;0.0071112932018378;0.137478182069091;-0.1689685263680954;-0.0815057042283092;1.3396576692294038;0.3067;1.0172;432;113;81;0.26157407407407407;0.24637496007665283;0.7168141592920354;0.32098765432098764;0.3638264238834381;0.5929203539823009;0.5309734513274337;0.503147304058075;0.6017699115044248;0.07079646017699115;0.0;0.0;0.5309734513274337;0.5309734513274337;0.28780487804878047;-0.1588447653429603;0.008685506870624839;0.005349023803155924;10.194866920152093;4.177377892030849;5.697646493756004;0.056372549019607844;0.12239583333333333;0.02497027348394768;0.07080745341614907;0.11697247706422019;0.22706422018348624;0.10592864302801049;0.23386337668824392;0.01717812796513405;0.01688302184638834;0.6014961481145521;-0.20503048351709374
Consumer Staples-02;2021;Belgium;Consumer Staples;-0.062;6.042768;0.003786177244433;0.0077375220004649;-0.2002964138259151;-0.3051068688125735;-0.0951448467334319;1.7946842479709175;0.1047;1.0496;360;87;59;0.24166666666666667;0.20825367050250712;0.6781609195402298;0.3389830508474576;0.36049899458885193;0.5747126436781609;0.4942528735632184;0.4444858431816101;0.5402298850574713;0.04597701149425287;0.0;0.0;0.4942528735632184;0.4942528735632184;0.23308270676691728;-0.23660714285714285;0.006755586350251169;0.006929248723559446;9.846055163566389;3.9193729003359454;5.174169892035038;0.01639344262295082;0.08391608391608392;-0.025157232704402517;0.014729950900163666;0.1452991452991453;0.2535612535612536;-0.1309980948751022;0.006425980713487777;-0.2776707613315049;-0.3103926499024285;0.3595931773243782;-0.661157901137231
Consumer Staples-02;2022;Belgium;Consumer Staples;-0.0835;5.683339;0.0039551520154078;0.0090307043949428;-0.3295162325401969;-0.4964742618069228;-0.0283532130578146;2.734328611082406;0.1672;1.5486;323;69;51;0.21362229102167182;0.17252629154832272;0.7391304347826086;0.3333333333333333;0.3533167243003845;0.5797101449275363;0.5797101449275363;0.5348731875419617;0.6376811594202898;0.057971014492753624;0.0;0.0;0.5797101449275363;0.5797101449275363;0.1875;-0.24675324675324675;0.014460511679644048;0.007004436142890497;8.496476115896632;4.121627559539503;4.923562764659441;0.015126050420168067;0.07092198581560284;-0.04430379746835443;0.010033444816053512;0.1792717086834734;0.2661064425770308;-0.138508995625857;-0.07037659414135632;-0.3902904343167409;-0.3378020764030364;0.1580918127900866;-0.7206714643406121
Consumer Staples-02;2023;Belgium;Consumer Staples;-0.1518;7.749374;0.0071410982516621;0.0094156176440487;-0.7400145403627756;0.6035252701871038;1.2309741569065735;3.014011946050263;-1.3434;-0.4519;457;171;81;0.3741794310722101;0.35317986088108644;0.47368421052631576;0.345679012345679;0.39131447672843933;0.4444444444444444;0.1871345029239766;0.17545045912265778;0.32748538011695905;0.14035087719298245;0.011695906432748537;0.03508771929824561;0.1893491124260355;0.21212121212121213;0.19718309859154928;-0.3806921675774135;0.015005861664712778;0.008403361344537815;11.602821186557875;4.019498162058494;6.796657381615599;-0.0425273390036452;0.028720626631853787;-0.09736540664375716;-0.03194103194103194;0.19813084112149532;0.30467289719626167;-0.4801782002778171;-0.3198108390287373;-0.7023976528740413;-0.5827706370671694;0.20089658937113325;-1.5063112046277816
Consumer Staples-02;2024;Belgium;Consumer Staples;-0.2021;7.742465;0.0061884133860141;0.0106244312732102;-1.0423288139129323;0.5998467764701304;0.8544009076128639;3.8923527876393735;-1.642;-0.123;438;176;75;0.4018264840182648;0.42353249475890986;0.42613636363636365;0.37333333333333335;0.39146557450294495;0.36363636363636365;0.022727272727272728;0.033762309700250626;0.24431818181818182;0.2215909090909091;0.14772727272727273;0.1875;0.06666666666666667;0.0979020979020979;-0.053824362606232294;-0.3467153284671533;0.008724167801014726;0.01097701887276929;10.561128872230183;4.302984191394032;7.019138755980861;-0.07228915662650602;-0.027777777777777776;-0.12895927601809956;-0.06326034063260341;0.23275862068965517;0.2982758620689655;-0.6565545878211216;-0.6537488238196426;-0.8882320979111831;-0.7655542371003689;-0.9086984638201717;-1.3070147276208726
Financials-04;2018;Spain;Financials;-0.0295;6.041124;0.0037436862434386;0.0068007005540932;-0.0049641297229311;-0.3059821682293781;-0.111940510112966;1.113976719718094;0.3008;0.9137;1357;127;51;0.09358879882092852;0.0902071538690746;0.4015748031496063;0.7254901960784313;0.6397015452384949;0.14960629921259844;0.07086614173228346;0.06965116411447525;0.2440944881889764;0.1732283464566929;0.0;0.015748031496062992;0.07086614173228346;0.088;-0.008264462809917356;-0.07109004739336493;0.0014361625736033319;0.002376002376002376;8.810692853246046;4.463707748163576;4.870270683980917;0.02183984116479153;0.0744606819763396;0.017798286090969017;0.04677966101694915;0.09768009768009768;0.18803418803418803;-0.09872129941509938;-0.04946086958149082;-0.025007344197067974;-0.12334633119670849;-0.7072979190050943;0.3097085736192719
Financials-04;2019;Spain;Financials;0.0799;7.097909;0.0054256131564459;0.0063958243353764;0.6525543896883443;0.2566719036611304;0.5528844551444605;0.8197880126187267;0.3961;0.5296;1451;250;127;0.17229496898690558;0.1778777323097388;0.508;0.6614173228346457;0.6240230798721313;0.192;0.108;0.10924243181943893;0.272;0.164;0.0;0.028;0.108;0.13580246913580246;0.39501779359430605;0.0028776978417266188;0.002154762659230623;0.0029862373409504026;9.486540969998815;4.748482220294883;5.62994992168369;0.1457592686642966;0.1930195663670016;0.13537996980372421;0.16770186335403728;0.12486992715920915;0.2060353798126951;0.6356579393048041;0.6512901577471016;0.6666055342507279;0.5823715275459429;1.0754379192469863;0.7435779806485664
Financials-04;2020;Spain;Financials;0.006;7.405398;0.0052606850444038;0.0063381574640984;0.2083988267587898;0.4203853722583766;0.4876923677176246;0.77788645970085;-0.212;-0.0669;1653;345;167;0.20871143375680581;0.21151357035958418;0.48405797101449277;0.6646706586826348;0.6216850280761719;0.19130434782608696;0.05217391304347826;0.06855586171150208;0.27246376811594203;0.22028985507246376;0.0;0.02608695652173913;0.05217391304347826;0.08035714285714286;0.27956989247311825;-0.0610079575596817;0.0034421762202992783;0.0037606837606837607;10.116115411681914;4.745427582797825;5.923439067685421;0.05887300252312868;0.1000436871996505;0.05179615705931495;0.08628127696289906;0.10048231511254019;0.1720257234726688;0.12074699054157918;0.10174936898077303;0.17496738536162917;0.10719028890667984;0.5650928507215052;0.3688466523028029
Financials-04;2021;Spain;Financials;0.0487;7.291864;0.0049743550091497;0.0062245088369365;0.4650353969494796;0.3599375352830062;0.374513040918196;0.6953077822118678;0.1054;0.2658;1934;476;274;0.24612202688728024;0.276799013816837;0.5756302521008403;0.5766423357664233;0.5463402271270752;0.2773109243697479;0.012605042016806723;0.02773280069231987;0.23739495798319327;0.22478991596638656;0.004201680672268907;0.0273109243697479;0.012658227848101266;0.0367170626349892;0.1641337386018237;-0.051970302684180465;0.003494773303643224;0.0042113929261264685;10.4978772674643;4.358288168754357;6.136988051881668;0.09696767744085305;0.1379191151054269;0.09078860172299535;0.120108880571623;0.09243134628265237;0.16476892163429338;0.34650609006188937;0.32561487810640805;0.40432008758559773;0.3046126275984209;0.054799711689705016;0.42185843398286504
Financials-04;2022;Spain;Financials;0.0312;7.570543;0.0050359808458842;0.0064095901326958;0.3598564747401805;0.5083119672633758;0.3988722413383581;0.829790432934793;-0.1486;0.0668;1917;484;222;0.2524778299426187;0.2544309372797745;0.45867768595041325;0.6261261261261262;0.5787016749382019;0.19834710743801653;-0.05991735537190083;-0.04522128403186798;0.20454545454545456;0.2644628099173554;0.004132231404958678;0.047520661157024795;-0.06016597510373444;-0.021691973969631236;0.12195121951219512;-0.07349665924276169;0.0028044178236332792;0.004577714691270405;10.588163662932294;4.596566041970599;6.21033470539038;0.09066930431915596;0.1301674069012641;0.08387942332896461;0.11455525606469003;0.11261261261261261;0.18082368082368083;0.3091802683435451;0.27979783524592045;0.36368045217708933;0.2722009453800648;-0.13167089874413868;0.2955922144855872
Financials-04;2023;Spain;Financials;0.0419;7.196209;0.0049980620939797;0.0061430240541549;0.4241658728910091;0.3090088456756718;0.3838838772646509;0.6360998026205847;0.1152;0.2413;2150;510;241;0.2372093023255814;0.2513666389778885;0.4725490196078431;0.5933609958506224;0.5584841966629028;0.23529411764705882;-0.027450980392156862;-0.016729243099689484;0.2;0.22745098039215686;0.00980392156862745;0.045098039215686274;-0.027722772277227723;0.006160164271047228;0.16056338028169015;-0.04834605597964377;0.0024233650154214135;0.004927853645967534;10.054029967136412;4.339539362811974;5.852766346593507;0.09888751545117429;0.13719219699392388;0.08979466748391052;0.1249604555520405;0.10825688073394496;0.1749235474006116;0.3578835568960617;0.32131837501397825;0.39847378824393664;0.33292705654973287;0.039016707028265804;0.44311702127152036
Financials-04;2024;Spain;Financials;0.0011;8.042454;0.0064501730932526;0.0065254696531791;0.1789487285401861;0.7595670907936318;0.9578681789459792;0.913990108624165;-0.5807;-0.6026;2339;722;271;0.30867892261650276;0.3198467712513681;0.37534626038781166;0.5830258302583026;0.565075695514679;0.21606648199445982;-0.06371191135734072;-0.05904172360897064;0.19390581717451524;0.25761772853185594;0.04293628808864266;0.09695290858725762;-0.05788712011577424;-0.006134969325153374;0.10738255033557047;-0.03208556149732621;0.0028744154214668644;0.005960450656818288;9.47752624671916;4.531796665980655;6.184394441856004;0.06512301013024602;0.10743304243153777;0.05202973127501429;0.09426107641986321;0.12037037037037036;0.19226579520697168;0.15778618545334366;0.14542469788298018;0.17634126376301051;0.15376144686711735;-0.19607266263125225;0.538495501129512
Financials-08;2018;Spain;Financials;0.1546;8.572162;0.0048329190831262;0.0035677879714576;1.1015181319188951;1.0415945259985016;0.318606845543387;-1.2351026504291869;0.0602;-0.7167;454;154;102;0.3392070484581498;0.32736945669205264;0.6623376623376623;0.47058823529411764;0.47283756732940674;0.37012987012987014;0.36363636363636365;0.3387303352355957;0.4935064935064935;0.12987012987012986;0.0;0.01948051948051948;0.36363636363636365;0.39072847682119205;0.3291139240506329;0.13002364066193853;0.005342831700801425;0.004433833560709414;9.161588569027106;4.807796426637792;6.288409318279263;0.2479108635097493;0.28;0.2409972299168975;0.30043541364296084;0.17682926829268292;0.23170731707317074;1.2410352556011306;1.1653944236490066;1.2878439361355731;1.3570219646268333;0.7841055130990884;1.489372443387101
Financials-08;2019;Spain;Financials;-0.1698;5.752097;0.0036177631075601;0.0058847833126751;-0.8481985746351975;-0.4598660882663752;-0.1617148753294948;0.4484584783237199;-0.3885;-0.0834;934;107;67;0.1145610278372591;0.10002854412549486;0.6261682242990654;0.6567164179104478;0.5587044954299927;0.22429906542056074;0.35514018691588783;0.32617709040641785;0.4766355140186916;0.12149532710280374;0.0;0.018691588785046728;0.35514018691588783;0.38095238095238093;0.3055555555555556;-0.17270429654591407;0.0024813895781637717;0.003276209677419355;9.85576923076923;4.8804226918798665;5.396311066799601;-0.12433155080213903;-0.09090909090909091;-0.1335978835978836;-0.08199018920812894;0.08884073672806067;0.14842903575297942;-0.9649715534822579;-1.0268911046427165;-0.9155162857110571;-0.8748640939821258;0.6799641898943632;-0.2863257368145646
Financials-08;2020;Spain;Financials;-0.0593;6.508728;0.0029114574413426;0.0048980163033971;-0.1840688086850518;-0.0570201800933908;-0.4409003954449624;-0.2685401924993968;-0.1268;-0.0406;1364;268;150;0.19648093841642228;0.18925333838620567;0.5597014925373134;0.6866666666666666;0.6079127192497253;0.1865671641791045;0.17537313432835822;0.1706041842699051;0.3246268656716418;0.14925373134328357;0.0;0.07835820895522388;0.17537313432835822;0.27125506072874495;0.29213483146067415;-0.16978516978516978;0.0019497286188544028;0.0032185387833923397;9.602278506764318;4.454012322767427;5.461348618740546;-0.00392156862745098;0.03779366700715015;-0.014070839398350316;0.03991811668372569;0.1048951048951049;0.17657342657342656;-0.25139021415531704;-0.2661839649512726;-0.2124608396507239;-0.1633912053465489;0.6206369930259324;-0.2692031411115038
Financials-08;2021;Spain;Financials;-0.0557;8.391264;0.0032517338979754;0.0054616471003619;-0.1624320018305675;0.9452807097569296;-0.3063973550873188;0.1410018052153306;-1.1078;-0.8841;1122;370;174;0.32976827094474154;0.33334650335835636;0.4702702702702703;0.6896551724137931;0.6300380229949951;0.20540540540540542;0.05945945945945946;0.04738331213593483;0.26756756756756755;0.20810810810810812;0.0;0.08648648648648649;0.05945945945945946;0.15384615384615385;0.15768463073852296;-0.13905079100749376;0.0029631385563588953;0.004270921471453322;10.178311777760772;4.020020656232621;6.12431683271881;0.010796915167095116;0.05869682283252558;-0.0030425963488843813;0.06442880346507851;0.12465878070973613;0.20473157415832574;-0.16416459390950716;-0.1426343212925542;-0.14759295650069182;-0.020343617249960345;0.026291004623913226;-0.0889258235685349
Financials-08;2022;Spain;Financials;-0.1294;8.378708;0.0032126754650165;0.0054391939170592;-0.6053855199348727;0.9385956370821116;-0.321836207473915;0.1246870090857966;-1.5441;-1.3209;1345;511;214;0.37992565055762084;0.3910441578826889;0.4187866927592955;0.6261682242990654;0.5968254804611206;0.22700587084148727;0.0019569471624266144;0.0024412102065980434;0.21526418786692758;0.21330724070450097;0.0019569471624266144;0.07436399217221135;0.00196078431372549;0.07610993657505286;0.0028169014084507044;-0.18027961736571008;0.0022857780007805094;0.004856023172601806;10.405606285835631;4.146254881079162;6.65446964217334;-0.051626898047722344;-0.00545950864422202;-0.06978723404255319;-0.0013704888076747374;0.14527503526093088;0.22073342736248236;-0.5341045892090673;-0.5218350486191143;-0.5401834479673995;-0.40435693119922983;-0.6583120169102407;-0.33075996881251785
Financials-08;2023;Spain;Financials;-0.1121;8.158399;0.0032660961079021;0.0063508064516129;-0.5014086425508228;0.8212985937628687;-0.3007203214173921;0.7870773904371603;-1.3228;-0.7789;1601;678;293;0.42348532167395375;0.44070501196779577;0.43215339233038347;0.6348122866894198;0.5897201299667358;0.24336283185840707;0.03982300884955752;0.03737689182162285;0.2374631268436578;0.1976401179941003;0.008849557522123894;0.08997050147492626;0.03869047619047619;0.1085899513776337;-0.00881057268722467;-0.1875;0.002489302172481896;0.006721277042638101;9.762080915852186;4.449220504266376;6.849001846803271;-0.02922201138519924;0.013872374157748711;-0.05224157095220452;0.021973631642029565;0.15355805243445692;0.22347066167290885;-0.40132731656636444;-0.40757253001242005;-0.4369802434288773;-0.2681175774693731;-0.7097120337707173;-0.3731122552328666
Financials-08;2024;Spain;Financials;0.0141;9.437095;0.0029831141010453;0.0064538362730661;0.2570816421813797;1.502102646725492;-0.4125762536949022;0.861940295603805;-1.245;-0.6077;2042;895;271;0.4382957884427032;0.4403553299492386;0.3027932960893855;0.5756457564575646;0.5597835183143616;0.19217877094972066;-0.00782122905027933;-0.011854037642478943;0.19329608938547485;0.2011173184357542;0.04357541899441341;0.12513966480446928;0.009345794392523364;0.08301404853128991;0.08678500986193294;-0.005003573981415297;0.002915949047627168;0.007579962533823631;9.588870172811776;4.449842507073835;6.819620253164557;0.11192930780559647;0.15091463414634146;0.08011444921316166;0.154434250764526;0.1784741144414169;0.24114441416893734;0.4351726610667688;0.40242585153444765;0.3415349572046487;0.504939997468483;-0.28712545009977825;0.6973491450706363
Utilities-01;2018;Spain;Utilities;-0.0477;7.291492;0.004355375404324;0.004269472665699;-0.1143502088206021;0.3597394748310283;0.1298453974606553;-0.7252487655936105;-0.4741;-0.9016;2242;1086;459;0.48438893844781444;0.48369644259577066;0.42265193370165743;0.4335511982570806;0.4509987235069275;0.4106813996316759;0.17495395948434622;0.16608081758022308;0.3351749539594843;0.16022099447513813;0.0;0.004604051565377533;0.17495395948434622;0.18038852913968548;0.097953216374269;-0.23268698060941828;0.0056678092489025195;0.0041952174521046005;7.513524343818874;4.692224313993953;6.100435745410387;0.01738609112709832;0.07541191381495564;-0.0017647058823529412;0.06261740763932373;0.12212104981253348;0.2185324049276915;-0.12511539780732236;-0.04383854366670376;-0.14007643287225077;-0.030915161257432988;-0.23775565591129963;-0.638163574833609
Utilities-01;2019;Spain;Utilities;0.2145;12.431116;0.008545791197835;0.0031541003304295;1.4615305570810104;3.0961810136361625;1.7862152508652884;-1.5356938598679142;-1.6345;-3.2955;125;76;40;0.608;0.6141781681304893;0.5263157894736842;0.325;0.3416956663131714;0.47368421052631576;0.4342105263157895;0.40782809257507324;0.4868421052631579;0.05263157894736842;0.0;0.013157894736842105;0.4342105263157895;0.4533333333333333;0.10810810810810811;0.1111111111111111;0.008171603677221655;0.002930207778369739;10.65939514129896;8.103727714748784;9.689326361119656;0.2646048109965636;0.3237410071942446;0.24745762711864408;0.2777777777777778;0.10084033613445378;0.21008403361344538;1.3399679951559973;1.4239288716179554;1.3258438504379682;1.2247890251177305;-0.19286528659800395;1.378438036023976
Utilities-01;2020;Spain;Utilities;0.4186;10.891946;0.0100033344448149;0.0036483582387925;2.68821730124775;2.276695245166972;2.3623467884729528;-1.1765591705157126;0.4115;-1.3579;234;163;102;0.6965811965811965;0.7295282085120423;0.6257668711656442;0.35294117647058826;0.3850480020046234;0.4785276073619632;0.5276073619631901;0.48842158913612366;0.6073619631901841;0.07975460122699386;0.0;0.006134969325153374;0.5276073619631901;0.5370370370370371;0.4357142857142857;0.2807017543859649;0.010401591895803183;0.0035859205435500616;8.895289732294136;7.139567019806541;8.423138857921467;0.4495049504950495;0.5186721991701245;0.4437869822485207;0.4581673306772908;0.07333333333333333;0.22666666666666666;2.4357350304309495;2.5760840537246095;2.480648800815148;2.2775661541424723;1.2553394493572294;2.3731985441551573
Utilities-01;2021;Spain;Utilities;0.2739;11.704349;0.0065986184142695;0.0030987871988032;1.8185378701800023;2.7092353133606584;1.0165450183641795;-1.5758851527285862;-0.8905;-2.1867;211;135;75;0.6398104265402843;0.6255391804457225;0.5555555555555556;0.4533333333333333;0.49828848242759705;0.35555555555555557;0.3925925925925926;0.36561501026153564;0.4962962962962963;0.1037037037037037;0.0;0.007407407407407408;0.3925925925925926;0.40298507462686567;0.14814814814814814;0.11627906976744186;0.0043097256141359;0.00279452860714811;10.965588084232152;5.638249887235002;9.032891507118311;0.3119266055045872;0.3586698337292161;0.29705215419501135;0.3271461716937355;0.07975460122699386;0.17177914110429449;1.620409441076984;1.6303782760937227;1.617557768316001;1.5129094576815654;-0.015865646244672273;1.4087515078034347
Utilities-01;2022;Spain;Utilities;0.3248;10.609971;0.0079177313018516;0.0040277686816425;2.1244582782059065;2.126565954988433;1.5379583882765535;-0.9008742513179268;-0.002;-1.2214;401;263;164;0.655860349127182;0.6561365127980748;0.623574144486692;0.34146341463414637;0.3584287464618683;0.4714828897338403;0.45627376425855515;0.43225815892219543;0.5513307984790875;0.09505703422053231;0.0076045627376425855;0.011406844106463879;0.45977011494252873;0.4653846153846154;0.37341772151898733;0.22448979591836735;0.007868765004001067;0.0037855323835088443;9.83754512635379;6.6716085989621945;8.752012200288062;0.37961595273264404;0.4259541984732824;0.3654970760233918;0.3919523099850969;0.11764705882352941;0.21008403361344538;2.0215543808967404;2.0280674746711496;2.02014929368064;1.8911265945218887;0.9799533746482734;2.043478488328425
Utilities-01;2023;Spain;Utilities;0.392;10.08793;0.0075194443647217;0.0028358208955223;2.528345339489616;1.848620588292471;1.380525210240033;-1.7669601361348275;0.6795;-0.8943;397;264;180;0.6649874055415617;0.7234364310661434;0.6818181818181818;0.3333333333333333;0.36944684386253357;0.5265151515151515;0.4962121212121212;0.47818994522094727;0.5871212121212122;0.09090909090909091;0.0;0.003787878787878788;0.4962121212121212;0.5019011406844106;0.391705069124424;0.2549019607843137;0.006022297431813657;0.003182588162825317;8.558600692170986;7.684529828109202;8.322523383628047;0.4427083333333333;0.48326639892904955;0.4241645244215938;0.4521625163826999;0.11570247933884298;0.2024793388429752;2.3954564830085796;2.366815460992487;2.365229935296477;2.2425212690492224;1.0607938020290102;2.221865809652442
Utilities-01;2024;Spain;Utilities;0.4856;10.434838;0.0056968181186605;0.0032824730368286;3.090902317706209;2.0333215433319465;0.6600852069652446;-1.4424164610567811;1.0578;0.0065;348;213;129;0.6120689655172413;0.640268456375839;0.6056338028169014;0.4728682170542636;0.44550755620002747;0.38497652582159625;0.5352112676056338;0.4974183142185211;0.6009389671361502;0.06572769953051644;0.009389671361502348;0.014084507042253521;0.5402843601895735;0.5476190476190477;0.5541795665634675;0.31313131313131315;0.004698908407431504;0.0031178086259371985;8.984589983489268;7.482156042333251;8.44585649986762;0.5502248875562219;0.595679012345679;0.5250737463126843;0.573820395738204;0.16201117318435754;0.2681564245810056;3.032627964778922;3.0312385005753337;2.958775759869949;2.952532635519391;1.779023044171153;2.5634192055846308
Consumer Discretionary-07;2018;Spain;Consumer Discretionary;0.2724;7.955178;0.0035349192700869;0.0024550019121874;1.809522533990634;0.7130995531409251;-0.1944610374510322;-2.0436685204931093;1.0965;0.1719;1161;409;275;0.35228251507321273;0.365125397647407;0.6723716381418093;0.4909090909090909;0.4811784327030182;0.39853300733496333;0.3422982885085575;0.3288325369358063;0.4083129584352078;0.06601466992665037;0.0;0.0;0.3422982885085575;0.3422982885085575;0.5491949910554562;0.12018140589569161;0.0038092150585565506;0.0018193094893529046;8.217741935483872;6.118864959792957;6.883483165873436;0.3436569386539607;0.3883076923076923;0.3341218214074512;0.40037243947858475;0.14573643410852713;0.22945736434108527;1.8084517712649515;1.8055550243688818;1.8356007358459534;1.9402675764229234;1.7569883990671584;1.431641272208332
Consumer Discretionary-07;2019;Spain;Consumer Discretionary;0.2691;8.324249;0.0029939217360727;0.0028952120042338;1.7896887943740234;0.9096005452696002;-0.408304257375649;-1.7238057282508523;0.8803;0.2226;1380;467;273;0.3384057971014493;0.34422221940746556;0.5845824411134903;0.5860805860805861;0.5520554184913635;0.29764453961456105;0.3340471092077088;0.3113211989402771;0.39400428265524623;0.059957173447537475;0.0;0.0;0.3340471092077088;0.3340471092077088;0.48205928237129486;0.1575091575091575;0.0019870473947600823;0.0023576961940047153;8.897234057918684;6.106198078174649;7.073158526821458;0.3409429280397022;0.37296747967479676;0.3382862803368004;0.39855072463768115;0.14652956298200515;0.2069408740359897;1.7923678279398838;1.7148855665953127;1.8600959917086008;1.9296358092874029;1.4602105666753922;1.6505930518901044
Consumer Discretionary-07;2020;Spain;Consumer Discretionary;0.2049;8.991621;0.0038887479922225;0.002739250371342;1.403832405469052;1.2649231257999;-0.0546011148339074;-1.8371296258187804;0.139;-0.7522;1390;565;341;0.4064748201438849;0.3981419555674453;0.6035398230088496;0.624633431085044;0.5641331672668457;0.27256637168141595;0.32212389380530976;0.28581640124320984;0.40353982300884955;0.08141592920353982;0.0;0.012389380530973451;0.32212389380530976;0.33512544802867383;0.4153846153846154;0.06030150753768844;0.003054181174027243;0.0023646546359676417;9.398099260823653;6.097463391213891;7.435775451950523;0.2719155844155844;0.30637765735723216;0.26116700201207244;0.3387441264416916;0.13249516441005801;0.195357833655706;1.3832935682824197;1.321301512237113;1.4064820921468286;1.5805966452478752;1.1654707995443145;1.0804063398606054
Consumer Discretionary-07;2022;Spain;Consumer Discretionary;0.1165;8.027441;0.0042531758912082;0.004178398323498;0.8725285927089355;0.7515738607787357;0.0894484056347507;-0.791424652799265;0.1212;-0.3192;2152;592;342;0.275092936802974;0.2774284130796231;0.5777027027027027;0.4824561403508772;0.49355077743530273;0.3530405405405405;0.21114864864864866;0.21505136787891388;0.32094594594594594;0.1097972972972973;0.0;0.02702702702702703;0.21114864864864866;0.24479166666666666;0.4815756035578145;0.0017035775127768314;0.0033827877367285514;0.0034906869562846;9.211687165914164;6.281193696025846;7.117058440404997;0.18500350385423966;0.22270426608821403;0.17512161223071576;0.2347572106608251;0.13079222720478326;0.19656203288490284;0.8682296364509223;0.8267437640499186;0.9003650012466323;0.973715343685462;1.4580724325489791;0.7366909937695771
Consumer Discretionary-07;2023;Spain;Consumer Discretionary;0.086;8.140555;0.0041718371447142;0.0045610243071456;0.6892167568584429;0.8117980811147772;0.057297169517581;-0.5134032768126299;-0.1227;-0.408;2190;655;352;0.2990867579908676;0.29207745439518273;0.5374045801526718;0.4772727272727273;0.46848344802856445;0.3419847328244275;0.18931297709923664;0.17780819535255432;0.3190839694656489;0.1297709923664122;0.012213740458015267;0.03969465648854962;0.19165378670788252;0.22575516693163752;0.3325526932084309;0.01580381471389646;0.003991915108640728;0.004837666537317294;9.287414387720409;6.226279834696804;7.152833933691098;0.14822804314329738;0.1877590054191903;0.1384051329055912;0.20738820479585224;0.11862244897959184;0.1875;0.6502885485566663;0.620197224413176;0.6843994771046804;0.8139862299111285;0.7993068191811931;0.8193981458394208
Consumer Discretionary-07;2024;Spain;Consumer Discretionary;-0.007;8.658328;0.0033096379392899;0.0046995196894609;0.1302659131175962;1.0874710768186937;-0.2835092902389275;-0.4127706005054739;-0.9575;-1.0221;2543;798;355;0.31380259535981125;0.3109877957791516;0.4448621553884712;0.6253521126760564;0.5583997368812561;0.22556390977443608;0.07769423558897243;0.0730290487408638;0.20426065162907267;0.12656641604010024;0.05137844611528822;0.06265664160401002;0.0845442536327609;0.09759358288770054;0.2698412698412698;-0.09090909090909091;0.003363108626266521;0.004701707695719671;10.182484792933924;6.396088408332008;7.619021987781576;0.10902483343428225;0.1606973058637084;0.08503703703703704;0.1677295918367347;0.20786214324178784;0.2870220786214324;0.4179599792401381;0.4602470539790886;0.370489510556679;0.5825333546137369;0.522086832114918;0.1934568664633214
Consumer Discretionary-07;2021;Spain;Consumer Discretionary;0.1686;8.90844;0.0033557697903128;0.0039170828705766;1.1856612696863345;1.2206358503806574;-0.265274487040063;-0.9813001053108404;-0.0347;-0.3927;2092;655;381;0.31309751434034416;0.3276821123834704;0.5816793893129771;0.6141732283464567;0.5761857628822327;0.2748091603053435;0.3114503816793893;0.2803129553794861;0.39541984732824426;0.08396946564885496;0.0;0.021374045801526718;0.3114503816793893;0.34009360374414976;0.49729144095341277;-0.012448132780082987;0.0034055484242789405;0.0032848177326745896;9.515817312582648;7.635308443661424;8.269966872071267;0.22509225092250923;0.2614853195164076;0.21936560934891486;0.2782639131956598;0.11085450346420324;0.17705927636643573;1.1058061339161656;1.0559620395959737;1.1606072195474597;1.2276261752815216;1.5275453292816157;0.6536819182097001
Telecommunications-02;2018;Finland;Telecommunications;0.0159;5.351783;0.0026114905584572;0.0040010002500625;0.2679000456086219;-0.6730014962583292;-0.5594700377703532;-0.9203245670281588;0.9407;0.7603;299;37;25;0.12374581939799331;0.12112053410321184;0.6756756756756757;0.6;0.5447808504104614;0.2702702702702703;0.13513513513513514;0.14670738577842712;0.32432432432432434;0.1891891891891892;0.0;0.0;0.13513513513513514;0.13513513513513514;0.30526315789473685;-0.05714285714285714;0.00484171322160149;0.0065109153581003444;7.85997357992074;4.493742889647327;4.916265959210745;0.08067542213883677;0.11627906976744186;0.06273062730627306;0.0888468809073724;0.12186379928315412;0.1827956989247312;0.24995388442994507;0.19770979465384553;0.23928369894899879;0.12216349057752059;0.6786716267312566;0.39151800480417365
Telecommunications-02;2019;Finland;Telecommunications;-0.0154;5.469626;0.0021718641150678;0.0046274676289535;0.0797800304571327;-0.6102594590475502;-0.7332437212118142;-0.4651246325395528;0.6898;0.8239;293;33;18;0.11262798634812286;0.11011298388590479;0.5454545454545454;0.6111111111111112;0.5221096873283386;0.21212121212121213;0.06060606060606061;0.050361454486846924;0.3333333333333333;0.2727272727272727;0.0;0.0;0.06060606060606061;0.06060606060606061;0.2222222222222222;-0.11320754716981132;0.00336417157275021;0.007741935483870968;9.050772626931568;4.532304725168756;5.055844488021144;0.05514705882352941;0.08712121212121213;0.036101083032490974;0.0570902394106814;0.13175675675675674;0.1858108108108108;0.09866606462997536;0.025370127278351536;0.08264930500771232;-0.0631724411600462;0.3115836884089914;0.06266177510615478
Telecommunications-02;2021;Finland;Telecommunications;0.0785;7.157593;0.0039585296889726;0.0047094221146613;0.6441400759116004;0.2884488929510177;-0.0270181005193423;-0.4055753602513554;0.3555;0.1662;379;76;42;0.20052770448548812;0.2011978221415608;0.5526315789473685;0.5238095238095238;0.4610306918621063;0.3026315789473684;0.13157894736842105;0.13940805196762085;0.27631578947368424;0.14473684210526316;0.0;0.0;0.13157894736842105;0.13157894736842105;0.2727272727272727;-0.025056947608200455;0.004510193036261952;0.005017654711020256;12.015503875968992;4.5373438694876365;6.094853683148335;0.1524390243902439;0.1794071762870515;0.1368421052631579;0.16307692307692306;0.1393188854489164;0.18575851393188855;0.6752439350105678;0.5708331225620279;0.6752057828766099;0.5553797684967727;0.5348445984001257;0.5797229379078082
Telecommunications-02;2022;Finland;Telecommunications;0.0907;7.53345;0.0050054291692046;0.0041734164355728;0.7174648102517974;0.4885628910665766;0.3867959036390339;-0.795044562045249;0.2289;-0.3621;456;106;64;0.2324561403508772;0.23693712512309392;0.6037735849056604;0.609375;0.5336946845054626;0.3113207547169811;0.2641509433962264;0.25329089164733887;0.3490566037735849;0.08490566037735849;0.0;0.0;0.2641509433962264;0.2641509433962264;0.391304347826087;-0.08494208494208494;0.010075566750629723;0.003912873353332464;12.63823064770932;4.623853211009174;6.590607000443066;0.1554993678887484;0.18393782383419688;0.1425;0.1673052362707535;0.12335958005249344;0.1732283464566929;0.6933803384301375;0.597611848926089;0.7084853953242543;0.5800567597818388;1.059022387074963;0.2284572755256342
Telecommunications-02;2023;Finland;Telecommunications;0.0417;7.759156;0.0064721192159753;0.0047375312462802;0.42296382806576;0.6087334082012057;0.9665429496294172;-0.3851508731949237;-0.186;-0.8618;537;138;85;0.2569832402234637;0.24708150369497697;0.6159420289855072;0.4470588235294118;0.4722483456134796;0.38405797101449274;0.21739130434782608;0.223053976893425;0.2971014492753623;0.07971014492753623;0.007246376811594203;0.007246376811594203;0.21897810218978103;0.21897810218978103;0.34439834024896265;-0.10919540229885058;0.007585609016038145;0.004058624577226606;11.836261826607451;4.457554900032776;6.327689145541744;0.12244897959183673;0.16156282998944033;0.09126984126984126;0.12130479102956167;0.15019762845849802;0.21541501976284586;0.49751501297920975;0.46536279813779546;0.4071507280196138;0.3115921181412057;0.8516712839477106;0.08619563990826211
Telecommunications-02;2024;Finland;Telecommunications;0.0021;9.399467;0.0072672714911972;0.0040846999503048;0.1849589526664317;1.4820687255238325;1.2808473820399646;-0.8595071975196822;-1.2971;-2.3672;1079;443;148;0.41056533827618164;0.4027344547124158;0.3340857787810384;0.5945945945945946;0.5489116907119751;0.22121896162528218;0.056433408577878104;0.04589022323489189;0.16252821670428894;0.10609480812641084;0.1986455981941309;0.21218961625282168;0.09577464788732394;0.11461318051575932;0.36656891495601174;-0.13413654618473897;0.004668838219326819;0.004340567612687813;11.44578313253012;4.986842672878651;7.634345645699157;0.1311787072243346;0.17414898865318204;0.1033843300880853;0.20141342756183744;0.22869198312236286;0.2936708860759494;0.5492496833400093;0.5397542168751359;0.47840788489940167;0.7791166450494573;0.9496777730933302;-0.06010055005953683
Telecommunications-02;2020;Finland;Telecommunications;-0.1078;5.720054;0.0037144938091769;0.0047037402321523;-0.4755646788079665;-0.4769264405855201;-0.1234795722111443;-0.409703895324403;0.0011;-0.142;301;38;19;0.12624584717607973;0.1410146173688736;0.5;0.5789473684210527;0.5058342218399048;0.2631578947368421;0.10526315789473684;0.10842413455247879;0.2894736842105263;0.18421052631578946;0.0;0.0;0.10526315789473684;0.10526315789473684;0.0743801652892562;-0.2;0.006097560975609756;0.006238859180035651;9.183673469387756;4.266594808227792;5.002673184144199;-0.03873239436619718;-0.010869565217391304;-0.05536332179930796;-0.033628318584070796;0.12979351032448377;0.17699115044247787;-0.457688356594151;-0.5538115868687673;-0.4553423132767328;-0.5926178635797256;-0.3419618844741472;-0.4464329650994322
Financials-06;2018;Finland;Financials;-0.2095;4.412567;0.0021447392609841;0.0057570163636932;-1.0868044724471502;-1.173059414174193;-0.7439655189512647;0.3556212313000393;0.0864;0.6362;429;38;21;0.08857808857808858;0.10244313395113733;0.5526315789473685;0.7142857142857143;0.5962271690368652;0.18421052631578946;0.10526315789473684;0.12153217941522598;0.3157894736842105;0.21052631578947367;0.0;0.0;0.10526315789473684;0.10526315789473684;0.40540540540540543;-0.26382978723404255;0.002631578947368421;0.004025494800402549;8.159722222222223;3.734104824059745;4.195045506599964;-0.16698656429942418;-0.14398422090729784;-0.17333333333333334;-0.14398422090729784;0.08433734939759036;0.12650602409638553;-1.2177564232303737;-1.3405955736329076;-1.1492393274314652;-1.2366694073157456;1.1213570430254842;-0.8208365899499792
Financials-06;2019;Finland;Financials;-0.3034;4.135165;0.0028421800573699;0.006297093649085;-1.651164517901618;-1.3207539450868868;-0.4682840671352313;0.7480489190183189;-0.3306;0.2776;477;45;21;0.09433962264150944;0.10065576587153861;0.4666666666666667;0.7142857142857143;0.5572052597999573;0.2222222222222222;-0.022222222222222223;0.010360896587371826;0.26666666666666666;0.28888888888888886;0.0;0.044444444444444446;-0.022222222222222223;0.023255813953488372;0.46153846153846156;-0.410958904109589;0.0048364153627311526;0.002909514111143439;7.934943321833415;3.353675606069089;3.821015585721468;-0.25559105431309903;-0.21680672268907564;-0.26498422712933756;-0.24717285945072698;0.09862385321100918;0.16972477064220184;-1.7428500202264356;-1.771018339488811;-1.68832786970322;-1.8388918580484588;1.3694969234439052;-1.6838454932584552
Financials-06;2020;Finland;Financials;-0.2261;4.84932;0.0031953704868536;0.0070502556686121;-1.1865741929428282;-0.9405231330381104;-0.3286764461411897;1.2953069463316684;-0.2462;0.5658;501;60;29;0.11976047904191617;0.1284103814087472;0.48333333333333334;0.6551724137931034;0.6104393005371094;0.25;-0.1;-0.06679602712392807;0.21666666666666667;0.31666666666666665;0.0;0.06666666666666667;-0.1;-0.03571428571428571;0.056179775280898875;-0.2961240310077519;0.006255392579810181;0.0035413899955732625;10.159817351598171;3.639759990943055;4.484083965704149;-0.18193891102257637;-0.14563106796116504;-0.196870925684485;-0.16756756756756758;0.08811475409836066;0.15368852459016394;-1.3063679769245546;-1.3503293845639204;-1.2876869281434875;-1.3743049166383092;-0.42241791005624346;-1.010263540197362
Financials-06;2021;Finland;Financials;-0.0814;6.480564;0.0042932024294866;0.0055857145350765;-0.316894761875081;-0.0720152730221549;0.1052699266024712;0.2311509335773669;-0.2448;-0.1818;759;255;126;0.3359683794466403;0.32855885712145894;0.49411764705882355;0.6190476190476191;0.5775645971298218;0.27450980392156865;0.058823529411764705;0.05443186312913895;0.2196078431372549;0.1607843137254902;0.0;0.03529411764705882;0.058823529411764705;0.08943089430894309;0.24561403508771928;-0.24031007751937986;0.004672897196261682;0.00411329180867317;9.684253001109653;3.948041321468753;5.877761563783215;-0.02313624678663239;0.010638297872340425;-0.03553299492385787;-0.0034965034965034965;0.11028315946348734;0.16840536512667661;-0.3652614690789565;-0.42668777634007016;-0.3387007665848568;-0.41676463222400256;0.4149887414575168;-0.6828780449792093
Financials-06;2022;Finland;Financials;-0.0639;6.510992;0.0042620501779515;0.0054868208714362;-0.2117158396657819;-0.0558147799232898;0.0929561962112613;0.159293418362311;-0.1562;-0.123;851;298;151;0.3501762632197415;0.3691591100540112;0.5067114093959731;0.5629139072847682;0.5422701835632324;0.28187919463087246;0.03691275167785235;0.03276895731687546;0.20134228187919462;0.1644295302013423;0.0;0.040268456375838924;0.03691275167785235;0.07692307692307693;0.27896995708154504;-0.2860576923076923;0.004876957494407159;0.003960760834523097;9.467738085766568;3.929442133945217;6.008122312470139;-0.003620564808110065;0.028400597907324365;-0.019943019943019943;0.028400597907324365;0.11381074168797954;0.16879795396419436;-0.24960638606508279;-0.32170239240022225;-0.24700087650872257;-0.23060895801575618;0.5624407967166264;-0.9512178522577098
Financials-06;2023;Finland;Financials;-0.061;7.030222;0.0041981045270518;0.0054154008717474;-0.1942861896996694;0.2206339525508738;0.067680029447431;0.1073986505340657;-0.4151;-0.3952;1096;447;212;0.40784671532846717;0.41778553641568045;0.4742729306487696;0.5801886792452831;0.5601018667221069;0.2684563758389262;0.008948545861297539;0.009594633243978024;0.21476510067114093;0.2058165548098434;0.0044742729306487695;0.04697986577181208;0.008988764044943821;0.051643192488262914;0.1595900439238653;-0.2441860465116279;0.004393511122035148;0.004906431828903915;9.495947179129317;3.878302895852316;6.263676148796499;0.016222479721900347;0.052189562087582485;0.0;0.052189562087582485;0.1432896064581231;0.20282542885973764;-0.13201126615628242;-0.18109596569440597;-0.1296964716710703;-0.09177343783396534;0.03471400940095226;-0.7056131488138031
Financials-06;2024;Finland;Financials;-0.0768;9.121926;0.0056096236209675;0.005816744838793;-0.2892477308943509;1.3343001881519323;0.6256193342503853;0.3990207743068483;-1.6235;-1.7368;1330;638;254;0.47969924812030074;0.49488176188929517;0.3981191222570533;0.5354330708661418;0.5244832038879395;0.26959247648902823;-0.07366771159874608;-0.08495728671550751;0.13009404388714735;0.20376175548589343;0.06269592476489028;0.13166144200626959;-0.05518394648829431;0.007220216606498195;0.10826542491268917;-0.2300395256916996;0.0041284695022547795;0.006008155474579212;9.887269332950384;4.652331550418207;7.269659492739315;0.006439742410303588;0.0636849781234808;-0.01218961625282167;0.051923076923076926;0.1536050156739812;0.24529780564263323;-0.18998634984133186;-0.11315146167746548;-0.20139552646929218;-0.09332868026295528;-0.1921698572776402;-0.6226345129210599
Basic Materials-02;2019;France;Basic Materials;0.2255;6.251245;0.0049983120147042;0.0072218852009128;1.5276430224697128;-0.1941094256755894;0.3839826648728835;1.420015358121417;1.7219;2.24;1390;429;187;0.30863309352517987;0.3111250420831447;0.4358974358974359;0.32620320855614976;0.37522733211517334;0.44755244755244755;0.34032634032634035;0.3104666769504547;0.44755244755244755;0.10722610722610723;0.0;0.0;0.34032634032634035;0.34032634032634035;0.23788546255506607;0.2289156626506024;0.004328358208955224;0.004865070315469403;8.123711340206185;4.275381911585778;5.543975712537949;0.2663316582914573;0.3219672131147541;0.2655367231638418;0.2923076923076923;0.08320251177394035;0.18838304552590268;1.3502017480662472;1.4134447309324158;1.4321846958888567;1.3095875151516818;0.38082407635337845;2.069439103575008
Basic Materials-02;2020;France;Basic Materials;0.0878;7.047001;0.0053681886366317;0.0064179285701895;0.700035160285685;0.2295674372920942;0.5301859335290973;0.8358492579092257;0.4703;0.6231;1474;485;188;0.32903663500678426;0.3326447170217344;0.38762886597938145;0.44680851063829785;0.4474230110645294;0.3670103092783505;0.23917525773195877;0.21678850054740906;0.3628865979381443;0.12371134020618557;0.0;0.002061855670103093;0.23917525773195877;0.24173553719008264;0.19114688128772636;0.05717151454363089;0.004204942424634493;0.0049800468322284885;8.57954881875777;4.600569472438174;5.996344452290948;0.13398692810457516;0.19107551487414187;0.12906724511930587;0.16704035874439463;0.08934707903780069;0.19014891179839633;0.5658919415702341;0.639799698067064;0.6294742264485297;0.578510899740273;0.17421309228164966;1.0620468752044712
Basic Materials-02;2021;France;Basic Materials;0.0786;7.06445;0.0051026870532887;0.0047879616963064;0.644741098324225;0.2388576438151027;0.4252395892160426;-0.3485074048808896;0.4058;0.0189;2107;716;300;0.33981964878974846;0.3486367557614377;0.41899441340782123;0.43666666666666665;0.43391838669776917;0.4092178770949721;0.20670391061452514;0.1995040476322174;0.33379888268156427;0.1270949720670391;0.0;0.002793296089385475;0.20670391061452514;0.21008403361344538;0.20051085568326948;0.029523088569265707;0.004865674124594527;0.003981662828487184;9.154686601495111;4.478645461043603;6.20016089650403;0.1252600915522264;0.18700614574187885;0.12199170124481327;0.15456874466268147;0.09004329004329005;0.19826839826839826;0.5141744045135648;0.6157473917834096;0.5878560329416558;0.505724921526975;0.21560715928636592;0.8998706976737798
Basic Materials-02;2022;France;Basic Materials;0.0701;7.430325;0.0050489755853052;0.0050209978893313;0.5936541932511368;0.4336570198025929;0.4040087470433675;-0.1791800570049408;0.1597;-0.1319;2409;897;406;0.3723536737235367;0.3847884191304238;0.45261984392419174;0.4482758620689655;0.4462052881717682;0.40914158305462656;0.19843924191750278;0.1914559006690979;0.3333333333333333;0.13489409141583056;0.0;0.007803790412486065;0.19843924191750278;0.20786516853932585;0.17915904936014626;0.02204928664072633;0.004499400627288701;0.004280763742610587;9.647630619684085;4.518863049095607;6.595731594809029;0.12296681847755368;0.18097844680123162;0.11642949547218628;0.14990006662225183;0.10133333333333333;0.202;0.5005838629113474;0.5801202327830952;0.5551392608777073;0.4784779031451381;0.12122008983519798;0.8560319406495707
Basic Materials-02;2023;France;Basic Materials;0.065;8.004234;0.0051380897255313;0.0045918729168144;0.563002050207284;0.7392179766146316;0.4392334079496124;-0.4909882467991543;-0.176;-0.6411;2223;906;394;0.407557354925776;0.43288607045615213;0.434878587196468;0.4010152284263959;0.42591190338134766;0.4194260485651214;0.20309050772626933;0.1924092024564743;0.3487858719646799;0.1456953642384106;0.0;0.01545253863134658;0.20309050772626933;0.21973094170403587;0.1391941391941392;-0.0014925373134328358;0.004689066390712415;0.003909774436090226;10.10320316450049;4.697822960091664;7.132713485705098;0.11554921540656206;0.18216175359032502;0.10921985815602837;0.15211786372007366;0.0968681718863802;0.21194464675892208;0.4566251890672239;0.5871142548031557;0.512732332695136;0.49142125836651784;-0.05544743395006013;0.7179436811397574
Basic Materials-02;2024;France;Basic Materials;-0.0652;8.532112;0.0048525971267359;0.0052037084184576;-0.2195291310299012;1.020271082176707;0.3263850994960471;-0.0464200383812967;-1.24;-1.4264;2088;832;248;0.39846743295019155;0.4293237555913007;0.2980769230769231;0.45161290322580644;0.46608588099479675;0.32572115384615385;0.0985576923076923;0.0820731371641159;0.25721153846153844;0.15865384615384615;0.06971153846153846;0.09615384615384616;0.1111111111111111;0.13696808510638298;0.07628004179728318;-0.1536050156739812;0.00544036132211045;0.004525526799604016;10.482460325032598;4.973613077616166;7.437969496926929;0.0432;0.10602205258693809;0.027176053564395432;0.10321489001692047;0.19515477792732167;0.29071332436069985;0.02786464034321068;0.1370849383766794;0.030152477902051892;0.20601707930822466;-0.3335633549447002;-0.17429591029688174
Basic Materials-02;2018;France;Basic Materials;0.1785;5.649771;0.0056327266315315;0.0073099859267583;1.2451624885361663;-0.5143465554950623;0.6347513946727268;1.4840305742118154;1.7596;2.1843;1323;377;140;0.2849584278155707;0.2953660953854335;0.3713527851458886;0.37142857142857144;0.3981982171535492;0.4244031830238727;0.3660477453580902;0.334316223859787;0.47480106100795755;0.10875331564986737;0.0;0.0;0.3660477453580902;0.3660477453580902;0.34545454545454546;0.11557788944723618;0.004910385465259023;0.004947796553314604;7.147714393653192;3.901664249706512;4.919781027087234;0.22711390635918938;0.2770909090909091;0.22625698324022347;0.2542857142857143;0.09640522875816994;0.18790849673202614;1.1177869976959716;1.1482000273486792;1.2011421292624063;1.0876862563569552;0.8563403087873592;1.404638624697679
Industrials-07;2019;France;Industrials;-0.0691;5.430363;0.0032279181056861;0.0054544621166979;-0.2429690051222593;-0.6311638878808863;-0.3158111608590965;0.135781095880224;0.388;0.6138;540;141;71;0.2611111111111111;0.26944080654328006;0.5035460992907801;0.6197183098591549;0.5918278098106384;0.20567375886524822;0.12056737588652482;0.08574320375919342;0.2978723404255319;0.1773049645390071;0.0;0.0;0.12056737588652482;0.12056737588652482;0.07317073170731707;-0.11673699015471167;0.0031181217901687453;0.006405495729669514;7.459477340390341;4.020785969470608;4.990438878783639;0.010570824524312896;0.06104328523862375;-0.013415892672858616;0.043668122270742356;0.14754098360655737;0.22950819672131148;-0.16550446674041386;-0.12876538224077347;-0.20860845741103895;-0.14150568009151734;-0.34730826546728305;0.04195927389923771
Industrials-07;2024;France;Industrials;-0.1688;7.37296;0.0022756964052425;0.0072702497585207;-0.8421883505089519;0.4031147138141479;-0.6922013321673487;1.4551577201924784;-1.2452;-0.1715;1304;522;191;0.4003067484662577;0.4148892593474637;0.36590038314176243;0.5445026178010471;0.5223327279090881;0.2471264367816092;-0.011494252873563218;-0.019096925854682922;0.2049808429118774;0.2164750957854406;0.1360153256704981;0.16283524904214558;0.024390243902439025;0.05263157894736842;0.027253668763102725;-0.2584650112866817;0.0013776318508483916;0.007447132385658415;9.156012299724877;4.127390050254244;6.257605621732797;-0.04822429906542056;0.016367265469061875;-0.09588068181818182;-0.0007849293563579278;0.21675977653631284;0.311731843575419;-0.5139398894463778;-0.39282629097296445;-0.6936645340931638;-0.4009395293146871;-0.5502876735567838;-0.7893686554911333
Industrials-07;2021;France;Industrials;-0.0302;6.979838;0.0051793344555224;0.0055480957931858;-0.0091712866113031;0.1938084745604297;0.4555364505915612;0.2038166310722809;-0.2027;-0.3286;839;288;151;0.3432657926102503;0.37158648657487653;0.5243055555555556;0.5033112582781457;0.49961206316947937;0.34375;0.1284722222222222;0.13490207493305206;0.3020833333333333;0.1736111111111111;0.0;0.003472222222222222;0.1284722222222222;0.1254355400696864;0.1259259259259259;-0.1390593047034765;0.004444640028164056;0.005787348586810229;8.836374980502262;4.253041362530414;6.014023732470335;0.05060858424087124;0.09772423025435073;0.03015075376884422;0.08108108108108109;0.14925373134328357;0.2261768082663605;0.07176986621931492;0.08804004769610625;0.04764959910286775;0.07684126257544717;-0.1141004466407714;-0.08897576198717826
Industrials-07;2020;France;Industrials;-0.0307;6.577664;0.004159870989023;0.0053538782972055;-0.0121763986744259;-0.0203172356914126;0.0525672380442462;0.0626954898513362;0.0084;0.0135;708;233;114;0.3290960451977401;0.3366433938699044;0.4892703862660944;0.5350877192982456;0.5182948112487793;0.30472103004291845;0.16738197424892703;0.14883403480052948;0.33047210300429186;0.1630901287553648;0.0;0.0;0.16738197424892703;0.16738197424892703;0.16243654822335024;-0.14754098360655737;0.0029193528767789806;0.006310319227913883;9.33218254396375;4.36378466557912;6.106003858812848;0.046493301812450746;0.08941755537325677;0.030256012412723042;0.07356507679870655;0.14305949008498584;0.21388101983002833;0.04738161622588344;0.03894283337490203;0.04826872813194667;0.03297687418404334;0.04729716957684659;-0.13872637942991128
Industrials-07;2023;France;Industrials;0.0294;7.631962;0.0046492602089174;0.005436226523063;0.3490380713129383;0.5410127062419221;0.2460109415710953;0.1225308592235906;-0.1918;-0.2536;1158;490;259;0.4231433506044905;0.46811683285525657;0.5285714285714286;0.5366795366795367;0.4928549826145172;0.32653061224489793;0.17755102040816326;0.1643170565366745;0.35306122448979593;0.17551020408163265;0.0;0.01020408163265306;0.17755102040816326;0.18969072164948453;0.1288604898828541;-0.057391304347826085;0.0038905775075987843;0.005952822032851674;8.956810066315253;4.337692094970964;6.56264717324979;0.11295527893038267;0.16337349397590362;0.09181365897783808;0.15061963775023832;0.1546572934973638;0.23725834797891038;0.44125283678071886;0.47606486112685115;0.4103494518216762;0.482677414780231;-0.10112801293564222;0.3900606987695587
Industrials-07;2022;France;Industrials;0.008;7.52851;0.0048720436501726;0.0053822695414905;0.2204192750112811;0.4859327334516035;0.3340718391327112;0.083324963905467;-0.2655;-0.3909;1085;438;258;0.40368663594470044;0.4512156128986417;0.589041095890411;0.437984496124031;0.45525267720222473;0.4018264840182648;0.22146118721461186;0.20860722661018372;0.3744292237442922;0.15296803652968036;0.0;0.0091324200913242;0.22146118721461186;0.22811059907834103;0.1845102505694761;-0.15398230088495576;0.004671670778436827;0.005854988771254411;8.91176744619398;4.213640361397617;6.3833907056798616;0.07539118065433854;0.12277227722772277;0.057342657342657345;0.11504424778761062;0.12634408602150538;0.2060931899641577;0.21863807449680572;0.23608837608057756;0.20759177808290655;0.27505476531530226;0.14487542805570258;-0.17650893585614677
Industrials-07;2018;France;Industrials;-0.073;5.535805;0.0039863879436071;0.0050354207291486;-0.2664088792146174;-0.5750243981566008;-0.0160064073082401;-0.1687002204464701;0.3086;0.2323;537;106;53;0.1973929236499069;0.2024829707756537;0.5;0.6792452830188679;0.5984546542167664;0.19811320754716982;0.08490566037735849;0.06427957862615585;0.27358490566037735;0.18867924528301888;0.0;0.0;0.08490566037735849;0.08490566037735849;0.0;-0.12984822934232715;0.004340748779164406;0.005211190345584202;6.310916179337232;4.839466452175079;5.156915313042107;0.0012515644555694619;0.05401844532279315;-0.0196078431372549;0.02564102564102564;0.13822894168466524;0.22462203023758098;-0.22073286193893052;-0.17028621649235584;-0.2450293739064091;-0.24671418429495562;-0.6707643155519997;-0.034946755258066155
Financials-11;2018;France;Financials;-0.3159;5.298246;0.0036731886497007;0.0058781511354504;-1.726292319479689;-0.7015056963054555;-0.1398065011647062;0.4436394458570144;-1.0246;-0.7328;850;154;61;0.1811764705882353;0.19046136281073225;0.3961038961038961;0.7540983606557377;0.6608008146286011;0.16883116883116883;-0.12337662337662338;-0.12154503911733627;0.19480519480519481;0.3181818181818182;0.0;0.03896103896103896;-0.12337662337662338;-0.08783783783783784;-0.16845878136200718;-0.37915742793791574;0.004995458673932788;0.0043377941855099215;8.210154241645244;3.654953105502557;4.567547558502591;-0.26704089815557336;-0.22934232715008432;-0.28871595330739297;-0.25509372453137735;0.1012514220705347;0.17064846416382254;-1.8107048172842388;-1.8451109538836257;-1.8279173613168642;-1.8851190672463478;-1.415447479845009;-1.497308948641515
Financials-11;2019;France;Financials;-0.3163;5.78011;0.0038643851040464;0.0058268629697201;-1.7286964091301873;-0.4449513908436557;-0.0642311743566682;0.4063727493502888;-1.2834;-1.0481;899;184;85;0.20467185761957732;0.21089094282008766;0.46195652173913043;0.6235294117647059;0.5754796862602234;0.2608695652173913;-0.016304347826086956;-0.03544548153877258;0.23369565217391305;0.25;0.0;0.03804347826086957;-0.016304347826086956;0.01694915254237288;-0.13402061855670103;-0.413716814159292;0.006616845710727075;0.004401760704281713;10.338530692512991;3.746049088851602;5.179258535393636;-0.26917057902973396;-0.23000824402308326;-0.2886519421172887;-0.2569610182975338;0.09788654060066741;0.17018909899888765;-1.823325868322331;-1.8490469046583633;-1.8275408489040206;-1.8960168389774805;-1.2632113076315665;-1.7000224470658438
Financials-11;2020;France;Financials;-0.2181;5.754145;0.0051151873867898;0.0057642820380854;-1.1384923999328629;-0.458775690939358;0.4301806682375559;0.3609005716436537;-0.6795;-0.7141;1003;226;90;0.22532402791625125;0.23058603641625466;0.39823008849557523;0.6444444444444445;0.5750131607055664;0.252212389380531;-0.035398230088495575;-0.03411876782774925;0.2168141592920354;0.252212389380531;0.0;0.035398230088495575;-0.035398230088495575;-0.0045871559633027525;-0.11428571428571428;-0.29547471162378;0.004967969669237808;0.004530234390388024;9.236900715039267;3.702480551886101;5.02193779168879;-0.16603295310519645;-0.13477975016436555;-0.19015384615384615;-0.15532734274711169;0.1024390243902439;0.15804878048780488;-1.2121050715659663;-1.2861918706774014;-1.248177214025965;-1.3028693565519927;-1.1759718604462235;-1.0064548555443265
Financials-11;2021;France;Financials;-0.2405;6.444991;0.0050977329336767;0.0058137054104796;-1.2731214203607657;-0.090955069952809;0.4232813457433582;0.396812283305094;-1.182;-1.1953;1193;376;152;0.31517183570829843;0.32472708369433373;0.40425531914893614;0.5263157894736842;0.5293254256248474;0.2925531914893617;-0.0851063829787234;-0.08236265182495117;0.20212765957446807;0.2872340425531915;0.007978723404255319;0.03723404255319149;-0.0777479892761394;-0.049723756906077346;-0.1326530612244898;-0.3201793721973094;0.0049550236316511665;0.004910611524591422;10.026149187998898;3.6914129319192615;5.7949819478086;-0.1879531511433352;-0.1564310544611819;-0.21382289416846653;-0.17925591882750846;0.10428931875525652;0.16063919259882253;-1.3420099514759558;-1.4141635010362397;-1.3873980340603262;-1.4425196701242164;-1.2571659301613667;-1.151363915565425
Financials-11;2022;France;Financials;-0.2906;7.128921;0.005414797753263;0.0056596654508866;-1.574233649085674;0.2731833303727782;0.5486093882615279;0.2848847003566344;-1.8472;-1.9791;1219;436;178;0.3576702214930271;0.3704600484261501;0.40825688073394495;0.5449438202247191;0.5347099304199219;0.28211009174311924;-0.10550458715596331;-0.07593884319067001;0.1628440366972477;0.268348623853211;0.0045871559633027525;0.02981651376146789;-0.10368663594470046;-0.08274231678486997;-0.17159763313609466;-0.3835616438356164;0.008915540326162827;0.005396814885938483;11.230724469013676;3.587094948351493;6.477020218687435;-0.23843782117163412;-0.20663811563169165;-0.26231956197112993;-0.22932917316692666;0.10608308605341246;0.163946587537092;-1.6411954326431906;-1.7109160377626669;-1.6726543678279648;-1.7347537607189425;-1.429322981332528;-1.523142567523517
Financials-11;2023;France;Financials;-0.3374;7.285073;0.0048941914133937;0.00547261038202;-1.8555121381939703;0.3563218671932729;0.3428263134205617;0.1489678785668572;-2.2119;-2.3088;1471;571;191;0.3881713120326309;0.39730868700606886;0.3345008756567426;0.5706806282722513;0.5581331253051758;0.2539404553415061;-0.1436077057793345;-0.12982703745365143;0.1295971978984238;0.2732049036777583;0.01576182136602452;0.03677758318739054;-0.13701067615658363;-0.11818181818181818;-0.30138713745271123;-0.3576864535768645;0.006664937759336099;0.0054546891881208995;11.224820560314887;3.4842425211966086;6.647114474929045;-0.2926829268292683;-0.2628234226055379;-0.31563421828908556;-0.2743521000893655;0.09456985967053082;0.1513117754728493;-1.9626662480025758;-2.043003437075241;-1.9862500041142674;-1.9975134770318923;-2.0030660535848446;-1.3713675821071867
Financials-11;2024;France;Financials;-0.3609;7.888266;0.0042207639661085;0.0069352892766685;-1.996752405160744;0.6774742279722883;0.076636756798139;1.211770762574128;-2.6742;-2.1066;1605;724;234;0.45109034267912773;0.4808933868434828;0.32320441988950277;0.5769230769230769;0.5584497451782227;0.22375690607734808;-0.1477900552486188;-0.15210214257240295;0.10359116022099447;0.2513812154696133;0.07458563535911603;0.11464088397790055;-0.15074626865671642;-0.11232449297971919;-0.28460038986354774;-0.4287643484132343;0.0047169811320754715;0.008335048363860877;9.500280741156654;3.9297224243684377;6.607644137335349;-0.27727437477346867;-0.23366641045349731;-0.2973925299506695;-0.23922167111789394;0.1700423928403203;0.24399434762129063;-1.8713511010813288;-1.870668767055489;-1.8789527943694224;-1.7924876783671775;-1.9288591276423916;-1.7882861185250847
Financials-07;2019;France;Financials;-0.1422;6.588865;0.0028801211843377;0.005915713805708;-0.6823163887508172;-0.0143535928887181;-0.4532868587410281;0.4709330059314732;-0.6682;-0.2061;1320;332;213;0.2515151515151515;0.2682702282157676;0.641566265060241;0.4647887323943662;0.44611355662345886;0.3674698795180723;0.28313253012048195;0.2799409031867981;0.44879518072289154;0.16566265060240964;0.0;0.02108433734939759;0.28313253012048195;0.31076923076923074;0.18974358974358974;-0.27090909090909093;0.0035767799313644933;0.003218937255484574;9.970089730807578;4.287614694545827;5.841387856257745;-0.08775981524249422;-0.054458408138839016;-0.1012514220705347;-0.06949352179034157;0.10456273764258556;0.16254752851711027;-0.7482377946124886;-0.8114466566845467;-0.7252551101764204;-0.8019319012081687;0.16800974936853888;-0.862361355615222
Financials-07;2018;France;Financials;-0.1303;5.959024;0.0027923172948468;0.0056376141616867;-0.6107947216484938;-0.3496938970126316;-0.4879936092715208;0.2688619260871168;-0.2608;0.1176;1183;243;134;0.20540997464074387;0.2100468357322367;0.551440329218107;0.5;0.4792213439941406;0.32510288065843623;0.1934156378600823;0.1871187835931778;0.3786008230452675;0.18518518518518517;0.0;0.01646090534979424;0.1934156378600823;0.21338912133891214;0.21138211382113822;-0.25958378970427165;0.00469068660774983;0.0033893517864708373;8.907563025210084;4.0716325307575705;5.107750263143316;-0.06800286327845383;-0.035555555555555556;-0.08050847457627118;-0.05377906976744186;0.1182033096926714;0.17375886524822695;-0.631152881975722;-0.6997199528170452;-0.6032455490695587;-0.7102202947490007;0.2636642735816261;-0.7959310257120205
Financials-07;2020;France;Financials;-0.1212;6.536398;0.002834318804179;0.0058258135205195;-0.5561016820996584;-0.0422881029261234;-0.4713914300884368;0.4056102049250581;-0.514;-0.0755;1492;419;259;0.2808310991957105;0.2908044049415842;0.6181384248210023;0.47876447876447875;0.47710463404655457;0.34844868735083534;0.24821002386634844;0.24470651149749756;0.4105011933174224;0.162291169451074;0.002386634844868735;0.028639618138424822;0.2511961722488038;0.28255528255528256;0.2474437627811861;-0.29447388342165026;0.003190957671754258;0.003137993253314505;9.75415762834418;4.211997811949188;5.852019856213626;-0.07369402985074627;-0.04427333974975938;-0.08647654093836246;-0.05921364282330649;0.09155485398579322;0.143646408839779;-0.6648802373962833;-0.7512470590437504;-0.6383495841974862;-0.7419371770587845;0.4230771735211285;-1.0005843408055561
Financials-07;2021;France;Financials;-0.1075;6.057833;0.0031903246775462;0.0057147850401957;-0.4737616115700928;-0.2970859529280459;-0.3306709323293576;0.324935362670348;-0.1769;0.1509;1511;404;239;0.2673726009265387;0.27745369060316494;0.5915841584158416;0.5481171548117155;0.5208547711372375;0.2896039603960396;0.26485148514851486;0.2351871132850647;0.4282178217821782;0.16336633663366337;0.0;0.019801980198019802;0.26485148514851486;0.2904040404040404;0.2972972972972973;-0.2786885245901639;0.003373475071588279;0.004288061555724762;9.42145147187409;3.895014034783112;5.465918270126965;-0.06227758007117438;-0.030804597701149426;-0.0721830985915493;-0.03832116788321168;0.0871559633027523;0.14296636085626913;-0.5972233423703641;-0.6716390661388288;-0.5542758705691221;-0.6200059486028502;0.6434580140714885;-0.9079928436037131
Financials-07;2022;France;Financials;-0.1081;6.781648;0.0029275578790141;0.0060194085873844;-0.4773677460458401;0.0882880418253131;-0.4345362824547957;0.5462790804700617;-0.5658;-0.0753;1777;604;291;0.33989870568373665;0.3624906924795235;0.4817880794701987;0.5463917525773195;0.531815767288208;0.26158940397350994;0.061258278145695365;0.05301173776388168;0.31125827814569534;0.25;0.0016556291390728477;0.046357615894039736;0.06135986733001658;0.1111111111111111;0.12753277711561384;-0.26515151515151514;0.0031838956503877163;0.005881122902399498;10.07381470616069;3.8979287862181375;6.199199534531092;-0.055034651447207504;-0.02482120319730753;-0.06720321931589537;-0.026050420168067228;0.10138888888888889;0.15416666666666667;-0.5542998354086116;-0.6362737717787404;-0.5249843301573401;-0.5483922528932493;-0.10699725487593616;-0.8285893922827431
Financials-07;2023;France;Financials;-0.1081;7.387946;0.0051679410623216;0.00602936954223;-0.4773677460458401;0.4110935684736589;0.4510329182559471;0.553516849180738;-0.8884;-0.8371;1914;692;331;0.361546499477534;0.37751052837233534;0.47832369942196534;0.486404833836858;0.47434958815574646;0.30057803468208094;0.09104046242774566;0.08608023822307587;0.3265895953757225;0.23554913294797689;0.002890173410404624;0.03901734104046243;0.0927536231884058;0.13233082706766916;0.058402860548271755;-0.22351233671988388;0.006187321740730518;0.005462293692463448;9.751571133324898;4.09965058280654;6.289215686274511;-0.05382215288611544;-0.01900525677315002;-0.06692307692307692;-0.026484751203852328;0.10351692103516921;0.1639017916390179;-0.547114248868944;-0.6018981916392784;-0.5233365387619919;-0.5509270658774297;-0.4125906148685687;-0.5843482626133202
Financials-07;2024;France;Financials;-0.2742;8.08237;0.0033306371032973;0.0059471942770441;-1.4756659734152446;0.7808191902590684;-0.275208829396274;0.4938071554446907;-2.2564;-1.8719;2147;855;254;0.39823008849557523;0.4109813382757078;0.2970760233918129;0.5748031496062992;0.549302339553833;0.2152046783625731;-0.056140350877192984;-0.057181425392627716;0.20116959064327486;0.2573099415204678;0.03742690058479532;0.09590643274853801;-0.053462940461725394;0.0038809831824062097;-0.02262443438914027;-0.40911713791113674;0.0033044999514044125;0.005804048967948972;9.30048267415892;4.498934462890368;6.525672408812394;-0.1867911941294196;-0.14665733286664334;-0.2027468933943754;-0.14844568634299685;0.16869158878504673;0.23457943925233646;-1.3351238874864495;-1.3563951989524525;-1.32224924102405;-1.2627071057142487;-0.7707771213851322;-1.673042324852154
Industrials-08;2018;France;Industrials;-0.0479;5.969785;0.0055028806159092;0.0047799243178649;-0.1155522536458513;-0.3439645192606635;0.5834264101224008;-0.3543474761492297;0.2286;-0.2403;940;276;144;0.2936170212765957;0.2994918945076216;0.5217391304347826;0.5833333333333334;0.5483042597770691;0.2717391304347826;0.2826086956521739;0.2631033658981323;0.43478260869565216;0.15217391304347827;0.0;0.0036231884057971015;0.2826086956521739;0.2872727272727273;0.26370757180156656;-0.1507177033492823;0.0023697958744008187;0.0037618580307491006;7.191514207862982;3.419191003083621;4.618287552585993;0.009602194787379973;0.058231488138030196;0.0034083162917518746;0.040282685512367494;0.10864197530864197;0.19135802469135801;-0.17124482225337892;-0.14538471631267605;-0.10964883017821998;-0.161263533768122;0.49497241499700934;-0.15735992715660932
Industrials-08;2019;France;Industrials;-0.0062;6.978166;0.0041647567284395;0.0049872637082718;0.1350740924185927;0.1929182673676696;0.0544984524820921;-0.2036917834342882;-0.058;-0.1871;913;334;171;0.3658269441401972;0.3772725012843672;0.5119760479041916;0.5614035087719298;0.545518159866333;0.30538922155688625;0.2844311377245509;0.2652217745780945;0.4311377245508982;0.1467065868263473;0.0;0.008982035928143712;0.2844311377245509;0.29003021148036257;0.22178988326848248;-0.12467532467532468;0.002415989457500549;0.004675185894296273;7.578573159893351;4.002692626346313;5.399349932153113;0.05075807514831905;0.09327846364883402;0.04183006535947712;0.08509189925119129;0.10780669144981413;0.1809169764560099;0.07265578879838357;0.06176301639566363;0.11634705309765245;0.10024892432912452;0.3096725055219078;-0.004604271877530877
Industrials-08;2020;France;Industrials;-0.0174;7.48124;0.0054552172306622;0.0056099722867369;0.0677595822046413;0.460765213115618;0.5645862285450378;0.2487769542429362;-0.393;-0.5509;1121;391;185;0.3487957181088314;0.3563096500530223;0.4731457800511509;0.6054054054054054;0.574934720993042;0.2557544757033248;0.2531969309462916;0.23484575748443604;0.4040920716112532;0.15089514066496162;0.0;0.0076726342710997444;0.2531969309462916;0.2603092783505155;0.20913884007029876;-0.16167664670658682;0.003205128205128205;0.0050619110661163464;8.609131324536024;4.4493692465052845;6.015676896505912;0.03727714748784441;0.0738255033557047;0.028387787895018748;0.06430155210643015;0.10362173038229376;0.16700201207243462;-0.007235747115765165;-0.05321513964935353;0.03727987259359001;-0.02108627289641533;0.25374773386998756;-0.2216413276642133
Industrials-08;2021;France;Industrials;0.0927;7.706774;0.0056225974870431;0.0048955259235863;0.7294852585042888;0.5808441539122363;0.6307475892276291;-0.270349737201812;0.1484;-0.3021;1235;495;277;0.4008097165991903;0.42570491345616973;0.5595959595959596;0.5270758122743683;0.5179750919342041;0.3212121212121212;0.3151515151515151;0.3099612593650818;0.4444444444444444;0.1292929292929293;0.0;0.010101010101010102;0.3151515151515151;0.32448979591836735;0.3254994124559342;-0.03262955854126679;0.004508566275924256;0.004682535258375606;8.758603109864898;4.519476308216124;6.397055502867724;0.15667131566713158;0.1973051010587103;0.14866112650046168;0.18532634587899;0.12197483059051308;0.19264278799612777;0.7003256103271688;0.6766201265073654;0.7447250059414569;0.685230322941386;0.768127325972531;0.5353046011753491
Industrials-08;2022;France;Industrials;0.1035;8.038939;0.0073463553211316;0.0044436111371519;0.7943956790677418;0.7576956324906703;1.3121073042648592;-0.59871732362512;0.0366;-0.9188;1272;608;364;0.4779874213836478;0.5003723579016537;0.5986842105263158;0.4532967032967033;0.46162235736846924;0.3881578947368421;0.3404605263157895;0.33549079298973083;0.4605263157894737;0.12006578947368421;0.0;0.014802631578947368;0.3404605263157895;0.3606010016694491;0.314572864321608;-0.1019522776572668;0.005537437895335858;0.004199793379149261;8.8416133792425;4.726171669299632;6.854018311291964;0.17282809611829944;0.21030042918454936;0.1652892561983471;0.20113582584003786;0.13191076624636275;0.19689621726479145;0.7960749562313101;0.7534299715177754;0.8425312992383973;0.7774965249316849;0.7198257985978053;0.12868132313809694
Industrials-08;2023;France;Industrials;0.0438;8.346278;0.0063488583858891;0.0048999412708291;0.4355852987308758;0.9213292380024416;0.9178209294001946;-0.2671414843168664;-0.4859;-1.0784;1461;652;368;0.4462696783025325;0.46586630229574544;0.5644171779141104;0.48097826086956524;0.4859703779220581;0.3450920245398773;0.33588957055214724;0.31448620557785034;0.455521472392638;0.1196319018404908;0.0;0.013803680981595092;0.33588957055214724;0.3545878693623639;0.23961661341853036;-0.14457831325301204;0.00523911875335841;0.005050620996808926;8.955970647098066;5.134425707922367;7.000081419964175;0.10481331533963113;0.1417945141794514;0.09888143176733781;0.13598519888991675;0.11555555555555555;0.17955555555555555;0.39300141128502597;0.3485207100597732;0.45192193597747715;0.3972689070223572;0.38847674303213614;-0.1213483719561055
Industrials-08;2024;France;Industrials;0.0245;9.308054;0.0062968581991722;0.0046933308912749;0.3195879730943346;1.4333985639737283;0.8972665152576207;-0.4172674675790837;-1.114;-1.7713;1641;833;404;0.5076173065204144;0.5122532926499556;0.4849939975990396;0.4752475247524752;0.4996359348297119;0.3433373349339736;0.234093637454982;0.2090572863817215;0.368547418967587;0.13445378151260504;0.03361344537815126;0.057623049219687875;0.24347826086956523;0.2751592356687898;0.18518518518518517;-0.13291139240506328;0.004655897155567285;0.005088077708823189;9.31883348485908;5.241264559068219;7.407132243684993;0.10695404636030907;0.15046491969568893;0.09669621273166801;0.14610526315789474;0.1527777777777778;0.22453703703703703;0.40568794840831784;0.39976778111721206;0.4390685256538881;0.45633093159271965;0.14785902108215956;-0.05291421847381463
Consumer Staples-01;2018;France;Consumer Staples;-0.0194;5.930899;0.00475555297802;0.004837176135013;0.05573913395215;-0.3646682255391726;0.2880258983324717;-0.3127475073506853;0.4202;0.1198;1072;326;180;0.3041044776119403;0.3089401586157174;0.5521472392638037;0.5222222222222223;0.5159597396850586;0.36809815950920244;0.15950920245398773;0.1576651632785797;0.2852760736196319;0.12576687116564417;0.0;0.0;0.15950920245398773;0.15950920245398773;0.3490566037735849;-0.18036529680365296;0.007090925410645364;0.004290855402786749;8.691099476439792;3.8187702265372168;5.382626680455015;0.04054982817869416;0.08375089477451682;0.029931972789115645;0.05065926439972242;0.11308767471410419;0.18678526048284624;0.01215902255688498;0.0054496181131511645;0.046362734190222396;-0.1007044561799999;0.8722634453867268;-0.33126253498939306
Consumer Staples-01;2021;France;Consumer Staples;0.0677;6.591986;0.0057710619715871;0.0039110969932201;0.5792296553481472;-0.0126919082902706;0.6894320035238661;-0.9856495272797589;0.5917;-0.2459;1249;412;226;0.32986389111289033;0.34690275189124;0.5485436893203883;0.42920353982300885;0.4537162184715271;0.4077669902912621;0.1529126213592233;0.1592406928539276;0.2669902912621359;0.11407766990291263;0.0;0.0024271844660194173;0.1529126213592233;0.15571776155717762;0.36059479553903345;-0.0536779324055666;0.008343604816535507;0.002974342212779866;9.477869379641;4.275383095989041;6.110286232780665;0.12985436893203883;0.16886377903327057;0.11630695443645084;0.14514145141451415;0.11808118081180811;0.1857318573185732;0.5414013050305818;0.5085155957474591;0.5544184771996983;0.45070599963958274;0.9232687838122108;0.4118420641139629
Consumer Staples-01;2022;France;Consumer Staples;0.1305;7.292391;0.0065246375989333;0.0038064857036616;0.9566717304763748;0.360218120923308;0.9873021941931636;-1.0616615492274428;0.5966;-0.4279;1242;465;257;0.3743961352657005;0.3941355715323639;0.5526881720430108;0.45525291828793774;0.47090595960617065;0.3956989247311828;0.11827956989247312;0.13145385682582855;0.23870967741935484;0.12043010752688173;0.0064516129032258064;0.010752688172043012;0.11904761904761904;0.12391304347826088;0.33541341653666146;0.01857282502443793;0.00751114290430859;0.0028801186266681875;9.762519872813993;4.618129186441819;6.69582840058591;0.20226628895184137;0.24384525205158264;0.18547486033519553;0.2174411933448078;0.13725490196078433;0.20955882352941177;0.9705334578449702;0.9516991202740426;0.9612625789706931;0.8726567917733425;0.8119528355123667;0.83564020996716
Consumer Staples-01;2020;France;Consumer Staples;0.0314;6.517527;0.0058517764321311;0.0040538152255556;0.3610585195654296;-0.0523354114994337;0.7213364745279129;-0.8819484692542726;0.4136;-0.388;1127;387;230;0.3433895297249335;0.3620314809983477;0.5943152454780362;0.4652173913043478;0.47655460238456726;0.4134366925064599;0.20155038759689922;0.20251959562301636;0.29198966408268734;0.09043927648578812;0.0;0.0;0.20155038759689922;0.20155038759689922;0.3733075435203095;-0.13948497854077252;0.007824028001784427;0.0030402658465019266;8.902246124644101;4.317878832765516;6.010418369968932;0.09429121231558692;0.13280212483399734;0.08317460317460318;0.1121251629726206;0.11860174781523096;0.18476903870162298;0.330644651215578;0.29537052984044965;0.3595347155253097;0.25801860284631034;0.9794663255314061;-0.09147261862095182
Consumer Staples-01;2024;France;Consumer Staples;0.0701;9.596419;0.005407811943488;0.0040525492725491;0.5936541932511368;1.5869300215934958;0.545848066883642;-0.8828683283642927;-0.9932;-1.7076;2067;1099;608;0.5316884373488147;0.5548445422742817;0.5532302092811647;0.5625;0.5146841406822205;0.2893539581437671;0.1164695177434031;0.11269890516996384;0.25932666060054593;0.14285714285714285;0.09463148316651501;0.10828025477707007;0.14472361809045226;0.16122448979591836;0.26066350710900477;-0.06924795234549516;0.004363904277476303;0.0034838672371920896;11.105208570488983;5.429135152910227;8.637279993137073;0.20023384975153463;0.24499696785930866;0.1812428078250863;0.2743637492240844;0.23318385650224216;0.30213004484304934;0.9584886866352927;0.9585064214695836;0.9363697391521275;1.204864305967459;0.48151592606101135;0.32051367094339156
Consumer Staples-01;2023;France;Consumer Staples;0.0717;8.97494;0.0065174816194176;0.0030648998744299;0.6032705518531298;1.2560418182745228;0.9844736088389736;-1.600508155225546;-0.6529;-1.9454;1540;721;431;0.4681818181818182;0.4810762764871775;0.5977808599167822;0.48259860788863107;0.47017383575439453;0.39389736477115117;0.18307905686546463;0.18269316852092743;0.2926490984743412;0.10957004160887657;0.0013869625520110957;0.005547850208044383;0.18333333333333332;0.18828451882845187;0.3115151515151515;-0.06827309236947791;0.005885036496350365;0.002155121928365621;10.608203677510607;4.995575577186067;7.754601226993866;0.15248525695029486;0.1968503937007874;0.1362126245847176;0.216;0.15105485232067511;0.22531645569620254;0.6755179213655679;0.67393254514359;0.671503191365785;0.8642457980792592;0.706308977273317;0.3262318649803586
Consumer Staples-01;2019;France;Consumer Staples;0.1168;6.464313;0.0053684549586628;0.0041120850980005;0.8743316599468092;-0.0806676397025042;0.5302912041765412;-0.8396087672787729;0.9548;0.2699;1025;344;188;0.335609756097561;0.34240385156821895;0.5465116279069767;0.4787234042553192;0.4841827154159546;0.38372093023255816;0.16279069767441862;0.17723844945430756;0.27325581395348836;0.11046511627906977;0.0;0.0029069767441860465;0.16279069767441862;0.1661807580174927;0.38496583143507973;-0.02406417112299465;0.008304896599925995;0.004256043581886279;8.95144474232946;4.220139196202277;5.879587305733316;0.17323420074349444;0.20182787509520184;0.16200294550810015;0.1909433962264151;0.10897435897435898;0.16025641025641027;0.7984816394407893;0.7033523159062068;0.8232012920111841;0.7180121666972923;1.031002556913453;0.5855462240385381
Health Care-02;2018;France;Health Care;-0.0941;6.238166;0.0041267599417398;0.0050814273265354;-0.3932246082784009;-0.2010729543084297;0.0394792431441948;-0.1352711851572182;-0.192;-0.2794;1124;321;118;0.28558718861209964;0.27953550551783796;0.367601246105919;0.5932203389830508;0.5974339842796326;0.2834890965732087;0.012461059190031152;0.011391826905310154;0.1838006230529595;0.17133956386292834;0.0;0.003115264797507788;0.012461059190031152;0.015625;-0.038834951456310676;-0.09782608695652174;0.003188297074268567;0.004449547868523037;9.471011426153195;3.645619789531228;5.320935666820826;-0.03294367693942614;0.02132435465768799;-0.047619047619047616;0.007194244604316547;0.11555959963603275;0.20655141037306643;-0.42338288905917765;-0.36352704984614087;-0.4097906628140359;-0.3543720218327695;-0.8424367822636291;0.1528841416359729
Health Care-02;2019;France;Health Care;-0.0801;5.298983;0.0031571300849351;0.0058857224688529;-0.3090814705109616;-0.7011133023454889;-0.3437919506736951;0.4491408823003551;0.3921;0.7886;555;114;57;0.20540540540540542;0.21886181255981743;0.5;0.5789473684210527;0.5596176981925964;0.3157894736842105;-0.02631578947368421;-0.003866225713863969;0.18421052631578946;0.21052631578947367;0.0;0.03508771929824561;-0.02631578947368421;0.00909090909090909;0.06990881458966565;-0.11177644710578842;0.0034983853606027986;0.004229772138081594;9.080244016893475;3.7986400370251694;5.028268647748067;-0.03278688524590164;0.03343949044585987;-0.04277286135693215;0.0;0.09055118110236221;0.20341207349081364;-0.42245370009460964;-0.2919196465425424;-0.38128550176851284;-0.3963585784725169;-0.36172778543053286;0.07105611691289451
Health Care-02;2020;France;Health Care;-0.099;4.954083;0.0033740377847542;0.0060554722467061;-0.4226747064970046;-0.8847451568807411;-0.2580535913662431;0.5724834382926814;0.462;0.8773;700;128;64;0.18285714285714286;0.19599914875505425;0.5;0.546875;0.5540640354156494;0.3203125;0.0390625;0.023897338658571243;0.25;0.2109375;0.0;0.0390625;0.0390625;0.08130081300813008;0.06857142857142857;-0.13780397936624908;0.002895403546869345;0.003969708073775498;8.980325788026231;3.444336073568343;4.598689869648647;-0.05970149253731343;-0.00425531914893617;-0.06931818181818182;-0.0353356890459364;0.07607607607607608;0.17317317317317318;-0.5819567676276735;-0.5147175978244583;-0.5374244930962283;-0.6025823018974247;-0.3676397886154652;-0.08161245440005828
Health Care-02;2021;France;Health Care;0.016;5.930811;0.0023681562737735;0.006069574377367;0.2685010680212465;-0.3647150785493178;-0.655654185909988;0.5827302431053273;0.633;1.2522;716;197;114;0.2751396648044693;0.2925544100801833;0.5786802030456852;0.4824561403508772;0.49026909470558167;0.3350253807106599;0.16243654822335024;0.15282179415225983;0.37055837563451777;0.20812182741116753;0.0;0.02030456852791878;0.16243654822335024;0.18652849740932642;0.19665271966527198;-0.046182846371347785;0.0028098945137961214;0.004714779198954346;9.633617226418126;3.515792482492497;5.398921699559776;0.059186189889025895;0.11341542449773169;0.04884004884004884;0.0866540164452878;0.0829326923076923;0.1778846153846154;0.12260302154483092;0.18078400815570506;0.15757962180889448;0.10936564549377653;0.19855201431306158;0.4558056663971553
Health Care-02;2022;France;Health Care;-0.0125;6.636723;0.0024404980511556;0.0060998487140695;0.0972096804232451;0.0111269907423286;-0.6270592337377099;0.6047279983724846;0.0862;0.7021;739;245;127;0.33152909336941816;0.34857850825743697;0.5183673469387755;0.48031496062992124;0.479384183883667;0.3346938775510204;0.1469387755102041;0.1346733123064041;0.33877551020408164;0.19183673469387755;0.0;0.00816326530612245;0.1469387755102041;0.15637860082304528;0.21782178217821782;-0.11603188662533215;0.002722425984043559;0.005335687689532072;9.717930172923928;3.829738586997943;5.990205302646498;0.04171240395170143;0.09647602541883304;0.03320631464344039;0.07596371882086168;0.10277492291880781;0.1963001027749229;0.01904875347610417;0.08066244098783643;0.065622340987688;0.0469756641419589;0.29213125268699164;0.04609516920351991
Health Care-02;2023;France;Health Care;0.0582;6.660681;0.0030582295108885;0.0055096995852013;0.5221325261488134;0.0238827227543774;-0.3828849517999701;0.1759174108604972;0.4982;0.7776;829;287;167;0.34620024125452353;0.3598372697479941;0.5818815331010453;0.5149700598802395;0.4854304790496826;0.3623693379790941;0.1289198606271777;0.1425117403268814;0.3170731707317073;0.18815331010452963;0.006968641114982578;0.017421602787456445;0.13333333333333333;0.1453900709219858;0.18133333333333335;0.0038550501156515036;0.003014885999623139;0.005133601173394554;9.517579721995094;3.690914421604717;5.870478365482647;0.10869565217391304;0.16023738872403562;0.09728718428437792;0.13717886572952012;0.09674329501915709;0.1867816091954023;0.41600916419629225;0.4575286798161725;0.4425446073338286;0.4042353035137865;0.13083165568016916;0.7493107936496762
Health Care-02;2024;France;Health Care;-0.0815;8.115828;0.0024904080377919;0.0046973400316871;-0.3174957842877056;0.7986329176845272;-0.6073310250534681;-0.4143543702423948;-1.1161;-1.0196;1661;592;270;0.3564118001204094;0.3852318533909097;0.4560810810810811;0.5222222222222223;0.5126465559005737;0.30574324324324326;0.1097972972972973;0.08633635193109512;0.27871621621621623;0.16891891891891891;0.08783783783783784;0.09628378378378379;0.12222222222222222;0.13271028037383178;0.06368715083798883;-0.08897176345231753;0.002808569866282249;0.0044273534546006525;10.415313325538088;4.796822487014971;6.992249636172877;0.009702457956015523;0.07174733951253004;-0.0031928480204342275;0.06662111376836351;0.16702937976060936;0.264417845484222;-0.17065063624929566;-0.06549828026379474;-0.14847673352931512;-0.0075490063097722925;-0.38923106078552566;0.20482056441329038
Consumer Discretionary-03;2018;France;Consumer Discretionary;0.0547;5.296228;0.0022650184244036;0.003718884564902;0.5010967417069536;-0.7025801210153774;-0.6964220793266693;-1.1253137583737636;1.2035;0.9891;1161;355;181;0.305770887166236;0.3229763111675924;0.5098591549295775;0.44751381215469616;0.4625411629676819;0.37464788732394366;0.29014084507042254;0.2779734432697296;0.35774647887323946;0.0676056338028169;0.0;0.0;0.29014084507042254;0.29014084507042254;0.2422062350119904;0.051961823966065745;0.0026084265440558824;0.004324129543714247;6.564052447267693;3.627435450657374;4.588207082145426;0.14559386973180077;0.1896551724137931;0.1397712833545108;0.1865079365079365;0.16791044776119404;0.24004975124378108;0.6346777415700151;0.6314046592358263;0.6924351440090448;0.6921262410809348;0.3999243362472101;1.0314886182978926
Consumer Discretionary-03;2019;France;Consumer Discretionary;0.0321;5.332447;0.0035706069111489;0.0040169393574791;0.3652656764538016;-0.6832963803966117;-0.1803545774463317;-0.9087429892854884;1.0486;0.6844;1404;475;242;0.3383190883190883;0.34982670558190443;0.5094736842105263;0.45041322314049587;0.45289963483810425;0.3831578947368421;0.28421052631578947;0.258303165435791;0.37894736842105264;0.09473684210526316;0.0;0.008421052631578947;0.28421052631578947;0.2951167728237792;0.2239858906525573;0.014592274678111588;0.004008603832616347;0.0037328356219170776;7.052127022168964;3.4068203010523512;4.709105698017894;0.1120289106866288;0.16181229773462782;0.10574948665297741;0.1518716577540107;0.1485148514851485;0.2306930693069307;0.43576293403221744;0.4668372956385433;0.4923196838137702;0.4899843680037766;0.3193801011388405;0.8122916678029801
Consumer Discretionary-03;2020;France;Consumer Discretionary;0.0608;5.695813;0.0038877620013522;0.0042833483890394;0.5377591088770521;-0.4898328476188313;-0.0549908531400023;-0.7151664714976315;1.0274;0.6973;1739;634;351;0.36457734330074754;0.3876479976915516;0.5536277602523659;0.48148148148148145;0.4817575216293335;0.3548895899053628;0.2555205047318612;0.23519451916217804;0.3864353312302839;0.1309148264984227;0.0;0.014195583596214511;0.2555205047318612;0.2736;0.26841448189762795;-0.002857142857142857;0.0040010235176440485;0.004462272435973511;7.683011049723756;3.6976997680203474;5.264050757460091;0.14170367379895035;0.19123841617523168;0.1348314606741573;0.18178019222732972;0.1509584664536741;0.23322683706070288;0.6116234135660436;0.6407625382175812;0.6633792156101358;0.6645345043617192;0.5157796218166132;0.7099393733675439
Consumer Discretionary-03;2021;France;Consumer Discretionary;0.068;6.014471;0.0047780211029265;0.0034333986529879;0.581032722586021;-0.3201727736771252;0.29690700383404;-1.3327518034811532;0.9013;0.0864;1595;585;296;0.3667711598746082;0.38025685455101416;0.505982905982906;0.543918918918919;0.516061007976532;0.3247863247863248;0.23247863247863249;0.21413099765777588;0.358974358974359;0.1264957264957265;0.006837606837606838;0.020512820512820513;0.23407917383820998;0.2513089005235602;0.21676300578034682;0.022764227642276424;0.005280510359986061;0.0040032025620496394;7.892102892603344;3.494463439882054;5.188870249320299;0.14646237043713384;0.19605077574047955;0.138255033557047;0.18712085860942604;0.14684684684684685;0.22972972972972974;0.6398247060103789;0.6692063442347675;0.6835165960366273;0.6957033349865969;0.2874508617220885;0.8602255391892801
Consumer Discretionary-03;2022;France;Consumer Discretionary;0.1475;6.471014;0.0044556630152078;0.0037526139390987;1.058845540622551;-0.0770998894640559;0.1694866606487015;-1.1008055246778676;1.1361;0.501;1749;725;389;0.4145225843339051;0.42830777842892004;0.5365517241379311;0.48586118251928023;0.48436325788497925;0.3641379310344828;0.27448275862068966;0.26053720712661743;0.3724137931034483;0.09793103448275862;0.006896551724137931;0.020689655172413793;0.2777777777777778;0.29577464788732394;0.286536248561565;0.10473235065942592;0.005146217938245385;0.004461493557936872;7.7279394734810465;3.561966440977333;5.3644198009219055;0.22235722964763063;0.27073684210526316;0.2135102533172497;0.2638190954773869;0.14362176628010706;0.22747546833184656;1.08959767587002;1.1106438459558592;1.1261661441050497;1.1433243214197277;0.5958880877141575;1.3410224164730695
Consumer Discretionary-03;2023;France;Consumer Discretionary;0.1603;6.700168;0.0049487296592195;0.0038589393392774;1.1357764094384954;0.0449064137953556;0.3643839608462516;-1.0235480060478206;1.0909;0.397;1975;885;473;0.4481012658227848;0.48068447791337565;0.5344632768361582;0.49471458773784355;0.49260130524635315;0.36045197740112994;0.25084745762711863;0.24211832880973816;0.35480225988700564;0.103954802259887;0.010169491525423728;0.023728813559322035;0.2545662100456621;0.2708333333333333;0.28709055876685935;0.09333333333333334;0.005064651662703971;0.004893801185165457;7.834867469137703;3.517368098696299;5.617792421746294;0.23677979479084452;0.27918367346938777;0.2280564263322884;0.27709861450692747;0.1472663139329806;0.22134038800705466;1.1750696040735613;1.1605694655035066;1.2117264139673805;1.2208253390453825;0.5983384525710149;1.2741596931026384
Consumer Discretionary-03;2024;France;Consumer Discretionary;-0.065;7.318417;0.0023731431040711;0.0045903211045823;-0.2183270862046521;0.3740748986737703;-0.6536830126956821;-0.4921158152092304;-0.5922;-0.5114;1748;663;260;0.3792906178489702;0.3905957987590641;0.39215686274509803;0.6884615384615385;0.6204049587249756;0.17647058823529413;-0.00904977375565611;-0.004312021657824516;0.167420814479638;0.17647058823529413;0.05731523378582202;0.08748114630467571;-0.0032;0.02809917355371901;0.11602209944751381;-0.0976882923191648;0.0022966507177033493;0.005527417940975943;8.743825924442666;4.190610909733888;6.00468035315392;0.05298570227081581;0.11387900355871886;0.03986710963455149;0.09872751206669592;0.21037868162692847;0.3015427769985975;0.08585729515926079;0.1835240263745368;0.10480099068118;0.17982815207074776;-0.15788096541767005;0.15369239768611823
Consumer Discretionary-06;2018;France;Consumer Discretionary;0.1302;7.008601;0.0046783756322506;0.0037556738324001;0.9548686632385012;0.2091224874105236;0.2575195631148042;-1.0985821635304862;0.746;0.068;1144;461;291;0.40297202797202797;0.444119352627972;0.631236442516269;0.4845360824742268;0.4820157587528229;0.40563991323210413;0.2928416485900217;0.28024405241012573;0.3579175704989154;0.0650759219088937;0.0;0.0;0.2928416485900217;0.2928416485900217;0.34593023255813954;0.007667031763417305;0.0048370823194254856;0.002130703436520257;7.941373160945162;4.828087387019122;6.226070418658192;0.2072685973878478;0.2469208211143695;0.20112994350282487;0.27534493101379726;0.1466992665036675;0.21515892420537897;1.0001784581100919;0.9698774979759304;1.053345433970066;1.2105906117929448;0.8584431150326246;0.771670569682677
Consumer Discretionary-06;2019;France;Consumer Discretionary;0.1503;7.31227;0.004071690842331;0.0035123358932249;1.075674168176039;0.3708021094310093;0.0177117621567102;-1.2753949038318615;0.7046;0.058;1345;575;379;0.4275092936802974;0.4739328514461875;0.6591304347826087;0.46437994722955145;0.45634400844573975;0.4226086956521739;0.3356521739130435;0.31360360980033875;0.4017391304347826;0.06608695652173913;0.0;0.0;0.3356521739130435;0.3356521739130435;0.3080568720379147;0.05475504322766571;0.004573306100701537;0.0020766515148019104;7.656891617238376;5.436065324146332;6.498868553733772;0.22682445759368836;0.2629441624365482;0.2202059833251594;0.30057501306847884;0.14689880304678998;0.2100108813928183;1.1160716479050126;1.0645846382333823;1.1655502807992697;1.3578366852137413;0.6910214245361042;1.0478726838237704
Consumer Discretionary-06;2020;France;Consumer Discretionary;0.0651;7.540454;0.0038309897868904;0.0036010466096057;0.5636030726199085;0.492291964737684;-0.0774315342512131;-1.2109364601113868;0.071;-0.4957;1331;554;368;0.41622839969947406;0.45127825120414966;0.6642599277978339;0.4483695652173913;0.4530945122241974;0.4259927797833935;0.35379061371841153;0.3249063491821289;0.42418772563176893;0.0703971119133574;0.0;0.0036101083032490976;0.35379061371841153;0.358695652173913;0.25556733828207845;-0.05814905814905815;0.004645233774090398;0.002170062001771479;8.081318510456349;5.618729096989967;6.757631323481824;0.1320921985815603;0.1656777727065267;0.12659902955447727;0.2024482109227872;0.12667261373773417;0.18465655664585193;0.554663274259797;0.48968447045460833;0.6149562367623896;0.7851557766864768;0.4589879753236045;0.38561597504072487
Consumer Discretionary-06;2021;France;Consumer Discretionary;0.0894;7.118678;0.0042454532194047;0.0036661942053543;0.7096515188876781;0.2677297464759832;0.0863958205469175;-1.1635993084637346;0.4422;-0.1828;1539;616;393;0.40025990903183883;0.44907289367949993;0.637987012987013;0.4529262086513995;0.45630204677581787;0.4042207792207792;0.28084415584415584;0.2675437927246094;0.362012987012987;0.08116883116883117;0.0;0.006493506493506494;0.28084415584415584;0.2875816993464052;0.2389937106918239;-0.018782870022539443;0.004013469595520576;0.0022457941489041726;8.009906244471962;4.9558004359409065;6.364096122159323;0.15151515151515152;0.1884904086738949;0.14411882778000804;0.2221269296740995;0.11838790931989925;0.18303946263643997;0.6697688204754637;0.6245202372751805;0.7180073047347177;0.9000033645699758;0.3857231604060474;0.616524523694894
Consumer Discretionary-06;2022;France;Consumer Discretionary;0.0638;7.61173;0.0050466685218751;0.003804588847653;0.5557897812557892;0.5302407732730696;0.4030968207563916;-1.0630398312576737;0.0257;-0.7073;1599;688;445;0.43026891807379614;0.4514836236994776;0.6468023255813954;0.4651685393258427;0.4734469950199127;0.42005813953488375;0.27180232558139533;0.2540711462497711;0.35319767441860467;0.08139534883720931;0.0029069767441860465;0.007267441860465116;0.27405247813411077;0.2781844802342606;0.21784232365145229;-0.05657604702424688;0.0050003876269478255;0.002864417568427753;8.846045792948448;4.722866873624883;6.627199740491445;0.1308562197092084;0.17498950902224086;0.12179487179487179;0.2006861063464837;0.1266233766233766;0.2021103896103896;0.5473385371974402;0.5447221744865435;0.5866982864445918;0.7748719028863376;0.29222205762552794;0.3948427184246582
Consumer Discretionary-06;2023;France;Consumer Discretionary;0.0495;7.574658;0.006193138222076;0.0045572863873369;0.4698435762504762;0.5105028779082371;0.8562685208524153;-0.5161193014762839;-0.0409;-0.7271;1535;617;373;0.4019543973941368;0.42560233939111247;0.6045380875202593;0.40214477211796246;0.4399186372756958;0.4392220421393841;0.17504051863857376;0.1755184829235077;0.28038897893030795;0.1053484602917342;0.004862236628849271;0.022690437601296597;0.1775244299674267;0.1956882255389718;0.156794425087108;-0.04277286135693215;0.005838093030117815;0.003602274206848661;9.237226136844942;5.100710900473934;6.899265038254843;0.11158432708688246;0.1584553928095872;0.10499576629974598;0.16778523489932887;0.11759729272419628;0.19796954314720813;0.4331282142621443;0.4469960615804072;0.48788631726735693;0.5828580948370284;0.02235579177239299;0.47580746814845964
Consumer Discretionary-06;2024;France;Consumer Discretionary;-0.0102;8.113942;0.0050385321373631;0.0047184287248734;0.1110331959136101;0.7976287724898226;0.3998807050567875;-0.3990310316611703;-0.6864;-1.0859;1570;622;330;0.3961783439490446;0.42082709484227376;0.5305466237942122;0.5484848484848485;0.5289316177368164;0.2877813504823151;0.11414790996784566;0.11056560277938843;0.2427652733118971;0.12861736334405144;0.09003215434083602;0.10610932475884244;0.14487632508833923;0.16546762589928057;0.1773049645390071;-0.12961719274680994;0.003925898662740768;0.0038796267169969594;10.132273166381808;5.237046740433122;7.335212523688946;0.08081194944465722;0.1319695146409948;0.07096774193548387;0.1360708534621578;0.16666666666666666;0.24861111111111112;0.2507629812837318;0.2904493259078261;0.2877342260968333;0.3977687983586476;0.11302398548070605;-0.03359157388298805
Consumer Staples-03;2018;France;Consumer Staples;0.0281;6.509576;0.0048993028659953;0.0048730520223165;0.341224779948819;-0.0565686874501726;0.3448467468127738;-0.2866795872952297;0.3978;0.0821;1323;377;188;0.2849584278155707;0.305910898105774;0.4986737400530504;0.4574468085106383;0.4717200696468353;0.3448275862068966;0.1246684350132626;0.12591218948364258;0.2864721485411141;0.16180371352785147;0.0;0.002652519893899204;0.1246684350132626;0.1276595744680851;0.192;-0.04323827046918123;0.007146222710852835;0.003361140357981696;9.159506910720957;4.040683595101363;5.660778889125346;0.11591791458679977;0.16166281755196305;0.11221669430624655;0.15831894070236038;0.1619348054679285;0.23659305993690852;0.4588101977358663;0.46595378199799276;0.5303596570422865;0.5276115582887638;0.1779843598702967;0.47307753802938207
Consumer Staples-03;2019;France;Consumer Staples;0.0071;6.62932;0.0050504119587856;0.0046269081255333;0.2150100732976601;0.0071854812638581;0.4045765106850896;-0.4655311755277382;0.2076;-0.2275;1377;396;204;0.2875816993464052;0.30572094525985416;0.5151515151515151;0.5098039215686274;0.49927031993865967;0.35353535353535354;0.09848484848484848;0.11414827406406403;0.255050505050505;0.15656565656565657;0.0;0.007575757575757576;0.09848484848484848;0.10687022900763359;0.12476007677543186;-0.04599659284497445;0.007435365163238347;0.003923244251087632;9.094171691070915;4.077475371514443;5.670396791029469;0.09575012800819252;0.14316239316239315;0.08354430379746836;0.13467656415694593;0.16303317535545023;0.23981042654028437;0.33929057072401425;0.3566056596397569;0.3617092864607656;0.3896315428015669;-0.11925415977735494;0.45689816565866287
Consumer Staples-03;2020;France;Consumer Staples;-0.0252;6.98472;0.0050509195359421;0.0047471285661356;0.0208798340199252;0.1964077517823524;0.4047771436393338;-0.3781773267395945;-0.1752;-0.5667;1716;510;262;0.2972027972027972;0.3166033490705223;0.5137254901960784;0.5343511450381679;0.4920554459095001;0.3431372549019608;0.09803921568627451;0.10656537860631943;0.26862745098039215;0.17058823529411765;0.0;0.013725490196078431;0.09803921568627451;0.11332007952286283;0.10670731707317073;-0.11803713527851459;0.007426823940585408;0.003732241752949675;9.31537598204265;4.394325012183896;5.995908974686781;0.0475020475020475;0.08712282192945177;0.03857084855866829;0.08252221752010157;0.13531598513011153;0.20148698884758365;0.05335970946385459;0.02537964216864026;0.09717641153242806;0.08525192415987987;-0.1990575758451213;0.03433306882669503
Consumer Staples-03;2021;France;Consumer Staples;0.0318;7.293435;0.0053201893361499;0.0047304900976421;0.3634626092159279;0.3607739679982129;0.5112129727967039;-0.3902670699942418;0.0026;-0.4482;1988;641;341;0.3224346076458752;0.3385227718649144;0.53198127925117;0.4838709677419355;0.4776570796966553;0.36817472698907955;0.11700468018720749;0.13038712739944458;0.2620904836193448;0.14508580343213728;0.0;0.0109204368174727;0.11700468018720749;0.12933753943217666;0.16804407713498623;-0.061712846347607056;0.0063873577630053704;0.0038742690058479533;9.2364196971071;4.659766890748174;6.251577088064597;0.10264150943396226;0.1387373343725643;0.09397229502059154;0.1351981351981352;0.13274981765134938;0.19401896425966447;0.38013071619035355;0.3304510234106881;0.4230465015653849;0.39267549991826073;0.07208562132759283;0.3647120165981893
Consumer Staples-03;2022;France;Consumer Staples;0.0499;7.600928;0.0052434561947088;0.004369587669818;0.4722476659009744;0.5244895662777382;0.4808822207895242;-0.6525038073533859;-0.052;-0.6187;1772;652;342;0.36794582392776526;0.3945702618220446;0.5245398773006135;0.4824561403508772;0.47131016850471497;0.3726993865030675;0.11042944785276074;0.1154194250702858;0.25;0.13957055214723926;0.010736196319018405;0.02147239263803681;0.11782945736434108;0.13009404388714735;0.14987714987714987;-0.010482180293501049;0.006465707476388031;0.003616430878406041;9.33516620844789;4.515745692216281;6.465146843249254;0.1334120425029516;0.17455138662316477;0.12105877773452706;0.17647058823529413;0.15502686108979277;0.22333077513430544;0.562485017740853;0.5421326197448119;0.5823685973654064;0.6335469579259931;-0.008222479956687498;0.6652135207601103
Consumer Staples-03;2023;France;Consumer Staples;0.0447;7.816036;0.0053088868201994;0.004379906571248;0.4409945004444969;0.6390174902132824;0.5067453620366872;-0.6450059496624383;-0.1978;-0.7736;1894;735;395;0.3880675818373812;0.40483861568304236;0.5374149659863946;0.5113924050632911;0.49128925800323486;0.34829931972789113;0.11428571428571428;0.11953850835561752;0.24897959183673468;0.1346938775510204;0.009523809523809525;0.02040816326530612;0.11675824175824176;0.12777777777777777;0.175;-0.0326975476839237;0.005552356666940857;0.00344565171437027;9.34093447864104;4.613062568605927;6.580022756045577;0.1241880015284677;0.16514851485148516;0.11355034065102196;0.1660721363456203;0.1479553903345725;0.21635687732342007;0.507820916030169;0.48655625288113646;0.53820413552071;0.5728602266228175;0.1028347375672808;0.5349058001991231
Consumer Staples-03;2024;France;Consumer Staples;-0.0243;8.513164;0.0046530642583714;0.0051267250480393;0.0262890357335463;1.010182777219519;0.2475145901699451;-0.1023572289708043;-0.9838;-1.1587;1675;541;237;0.32298507462686565;0.3395743859479805;0.43807763401109057;0.6877637130801688;0.5909116268157959;0.19593345656192238;0.066543438077634;0.056589800864458084;0.22365988909426987;0.15711645101663585;0.059149722735674676;0.066543438077634;0.07465618860510806;0.08316831683168317;0.12883435582822086;-0.12580877066858376;0.0030410686372033535;0.0050406690342536375;10.231822971549;5.007304706522673;6.847408562044202;0.08844621513944223;0.14023372287145242;0.06885758998435054;0.13549459684123025;0.20223152022315202;0.28172942817294283;0.2960056550294936;0.3392955379594529;0.2753223587140631;0.3944056890143966;-0.10124354024946182;-0.011252677063224508
Consumer Discretionary-02;2018;France;Consumer Discretionary;0.7316;4.695953;0.0030214991284137;0.0022683858643744;4.569417452762643;-1.0221788785716213;-0.3974035822255038;-2.1792663434625763;5.5916;4.7006;70;40;38;0.5714285714285714;0.583354382419803;0.95;0.3684210526315789;0.43593934178352356;0.625;0.8;0.6827161312103271;0.8;0.0;0.0;0.0;0.8;0.8;0.734375;0.7241379310344828;0.0028144620047629355;0.0017703031644169065;5.044390637610976;3.227601558152476;4.280701754385965;0.7543859649122807;0.7543859649122807;0.7543859649122807;0.762114537444934;0.0967741935483871;0.0967741935483871;4.242540402161484;3.969287644904123;4.307585188014859;4.051441983272003;2.575588853787838;4.9742429643459625
Consumer Discretionary-02;2019;France;Consumer Discretionary;-0.0225;4.804446;0.0027127003699136;0.0037887009886141;0.0371074391607885;-0.9644149736887764;-0.5194642510355696;-1.0745841712143231;1.0014;0.7238;643;149;79;0.2317262830482115;0.2765411150059166;0.5302013422818792;0.46835443037974683;0.4985423982143402;0.348993288590604;0.11409395973154363;0.12186488509178162;0.24161073825503357;0.12751677852348994;0.0;0.0;0.11409395973154363;0.11409395973154363;0.30739299610894943;-0.14074074074074075;0.0036331341837558535;0.0029064939378840725;6.103353965740607;3.5764705882352943;4.309516849709776;0.06633906633906633;0.12289780077619664;0.057247259439707675;0.11139564660691421;0.16299559471365638;0.2533039647577093;0.16499285555257118;0.23683029226846233;0.20703064971517465;0.2537610494973492;0.6880867171644687;-0.09883848869497347
Consumer Discretionary-02;2020;France;Consumer Discretionary;0.015;4.82333;0.0046528631725879;0.0041661021541796;0.2624908438950008;-0.9543607436480585;0.2474351058309085;-0.80035922091372;1.2166;0.6927;718;166;85;0.23119777158774374;0.27228373768367287;0.5120481927710844;0.5058823529411764;0.5124393701553345;0.3674698795180723;0.14457831325301204;0.13406209647655487;0.27710843373493976;0.13253012048192772;0.0;0.0;0.14457831325301204;0.14457831325301204;0.28173374613003094;-0.0937062937062937;0.005599496045355918;0.002925854563619496;6.606644686786711;3.573900148294612;4.424526959738227;0.0825515947467167;0.13137254901960785;0.0724907063197026;0.11713455953533398;0.12678571428571428;0.20892857142857144;0.2610725785627718;0.28692091658939545;0.2966922691209164;0.2872540992853841;0.5746583086647986;0.1770494348847893
Consumer Discretionary-02;2021;France;Consumer Discretionary;0.0137;5.217322;0.004495990836197;0.003654329649769;0.2546775525308815;-0.7445912984985859;0.1854272713736417;-1.1722202600202922;0.9993;0.3204;829;229;138;0.2762364294330519;0.31519289190866623;0.6026200873362445;0.39855072463768115;0.45234400033950806;0.43231441048034935;0.14847161572052403;0.16922487318515778;0.27074235807860264;0.1222707423580786;0.0;0.0;0.14847161572052403;0.14847161572052403;0.29591836734693877;-0.11924119241192412;0.004508239195771583;0.002166789979917556;7.4014859399981185;3.519696764586436;4.778313106055985;0.08823529411764706;0.1478102189781022;0.07705479452054795;0.1252236135957066;0.1388888888888889;0.2369281045751634;0.29475568137692343;0.38407697679951075;0.32353813557225597;0.3344628814644102;0.6373623631919731;0.027270482927375952
Consumer Discretionary-02;2022;France;Consumer Discretionary;0.0576;5.47454;0.0044618607899433;0.0033596837944664;0.518526391673066;-0.6076431443673929;0.1719364908650768;-1.3863140477423808;1.1264;0.3473;905;254;159;0.28066298342541435;0.3238093836896232;0.6259842519685039;0.4025157232704403;0.4423072636127472;0.4251968503937008;0.15354330708661418;0.18176113069057465;0.2795275590551181;0.12598425196850394;0.0;0.015748031496062992;0.15354330708661418;0.168;0.28798185941043086;-0.044848484848484846;0.005861238584215548;0.0022198584840216434;7.158836689038031;3.889849345517412;4.974837059648544;0.14508580343213728;0.20426579163248565;0.1335907335907336;0.18006430868167203;0.1620795107033639;0.25840978593272174;0.6316668065625273;0.7177618013431123;0.6560812861840604;0.6545203825686209;0.6022785059076522;0.4636325731231507
Consumer Discretionary-02;2023;France;Consumer Discretionary;0.0859;5.736795;0.0045212414174572;0.0032705758418364;0.6886157344458183;-0.4680131878259532;0.1954082144688846;-1.45106112886157;1.1567;0.3334;970;327;203;0.3371134020618557;0.38324719595337586;0.6207951070336392;0.39901477832512317;0.432025671005249;0.43730886850152906;0.1926605504587156;0.2009294629096985;0.308868501529052;0.1162079510703364;0.012232415902140673;0.01529051987767584;0.2043343653250774;0.20496894409937888;0.2897196261682243;-0.02822085889570552;0.005917796427802884;0.00222953216374269;7.226382866903166;4.008333333333333;5.25725358217327;0.16823104693140795;0.22297808012093726;0.15571428571428572;0.20476545048399106;0.15418502202643172;0.24522760646108663;0.7688316292538608;0.828362162078155;0.7862115333664275;0.7986794911882013;0.6099604185840587;0.5611645201834313
Consumer Discretionary-02;2024;France;Consumer Discretionary;-0.0159;7.391618;0.0053645648741824;0.0038558713278398;0.0767749183940098;0.413048616806084;0.5287535480158748;-1.025777265946162;-0.3365;-1.1138;1456;643;304;0.4416208791208791;0.4658158163113756;0.4727838258164852;0.569078947368421;0.530792236328125;0.2737169517884914;0.05754276827371695;0.06091678887605667;0.2099533437013997;0.15241057542768274;0.06687402799377916;0.08709175738724728;0.065;0.0868824531516184;0.2700228832951945;-0.19822222222222222;0.006440505037622752;0.0031934306569343066;7.824045566502463;4.477402122724397;6.074800690694;0.10814542107685228;0.1538092956396742;0.09206349206349207;0.14069161534817623;0.22043443282381336;0.28962188254223653;0.4127483494690687;0.4195349617090808;0.4118189645386633;0.42473617176845535;0.5228896663777173;-0.4360051308072983
Consumer Staples-04;2018;France;Consumer Staples;-0.1704;5.839632;0.0051205924542148;0.0046852578620701;-0.8518047091109449;-0.4132606536860816;0.4323171604568736;-0.4231334431892845;-0.4382;-0.866;751;159;65;0.21171770972037285;0.2182549504950495;0.4088050314465409;0.47692307692307695;0.47825947403907776;0.36477987421383645;-0.012578616352201259;0.0010019158944487572;0.20125786163522014;0.2138364779874214;0.0;0.0;-0.012578616352201259;-0.012578616352201259;-0.02564102564102564;-0.12686567164179105;0.009450902561194595;0.002852926709296606;7.493261455525606;3.923880997051729;4.744013212221305;-0.10820451843043995;-0.044585987261146494;-0.11452184179456906;-0.055415617128463476;0.11909262759924386;0.22495274102079396;-0.8693985025497322;-0.753094985210754;-0.8033114272297727;-0.7197714001459364;-0.7841121621628832;-0.017452095432362313
Consumer Staples-04;2019;France;Consumer Staples;-0.0582;5.801997;0.0044027272449322;0.0054126565692804;-0.1774575621461816;-0.4332983018317302;0.1485624329892531;0.1054046020882987;0.2561;0.2346;855;156;83;0.1824561403508772;0.1811764705882353;0.532051282051282;0.6506024096385542;0.580813467502594;0.27564102564102566;0.07051282051282051;0.06499657034873962;0.28846153846153844;0.21794871794871795;0.0;0.0;0.07051282051282051;0.07051282051282051;0.09900990099009901;-0.11591962905718702;0.00612987012987013;0.004882190617703248;9.216324966468672;3.8363762422001386;4.881954271244507;-0.01002004008016032;0.05106382978723404;-0.01691542288557214;0.02702702702702703;0.0918918918918919;0.1963963963963964;-0.2875313658146373;-0.18774968945387385;-0.2291926171815566;-0.23862529812319552;-0.23308451180700357;0.04675363357026355
Consumer Staples-04;2020;France;Consumer Staples;-0.1352;6.134057;0.0045567095398583;0.0062370790847612;-0.6402448198670975;-0.256502727413128;0.2094279040645816;0.7044414995914173;-0.3836;-0.1361;749;149;80;0.19893190921228304;0.1905562380121118;0.5369127516778524;0.7;0.5957908034324646;0.2348993288590604;0.06040268456375839;0.06400585919618607;0.2953020134228188;0.2348993288590604;0.0;0.0;0.06040268456375839;0.06040268456375839;0.08717948717948718;-0.1880108991825613;0.004410766794842796;0.0054989116737312405;10.096735187424423;3.900764549851771;5.17177229319112;-0.0817490494296578;-0.024242424242424242;-0.08867924528301886;-0.04639684106614018;0.10252365930599369;0.20031545741324921;-0.7126164097269584;-0.6328528560935506;-0.6513058427241025;-0.6671366382232274;-0.2853816370749955;-0.3761090144917181
Consumer Staples-04;2021;France;Consumer Staples;-0.0927;5.991586;0.0039055391463807;0.0056076905470359;-0.384810294501657;-0.3323572184177438;-0.0479639783486406;0.2471190103540786;-0.0524;0.0952;930;186;100;0.2;0.2024515154059273;0.5376344086021505;0.66;0.5784726738929749;0.25268817204301075;0.03763440860215054;0.041471950709819794;0.25806451612903225;0.22043010752688172;0.0;0.0;0.03763440860215054;0.03763440860215054;0.11498257839721254;-0.11487303506650544;0.004644604793895662;0.005690021231422505;10.520023909145248;3.626465661641541;5.13541802956954;-0.04595879556259905;0.008375209380234505;-0.05420267085624509;-0.00905349794238683;0.0896551724137931;0.18344827586206897;-0.5005139176573621;-0.44006392772618796;-0.44851538994770596;-0.44919598184879156;-0.162476236847445;0.052892594717371934
Consumer Staples-04;2022;France;Consumer Staples;-0.053;7.10402;0.0044093535601152;0.0061951979021552;-0.1462043966897042;0.2599255257633776;0.1511816548634229;0.6740100482167212;-0.4062;-0.1448;771;205;107;0.26588845654993515;0.2533370137423845;0.5219512195121951;0.5607476635514018;0.5064848065376282;0.34146341463414637;0.11219512195121951;0.09989579021930695;0.2975609756097561;0.18536585365853658;0.0;0.0;0.11219512195121951;0.11219512195121951;0.14093959731543623;-0.1263537906137184;0.004903105300023348;0.006047584944696427;10.73021181716834;3.9946532311963394;5.80989221466932;0.0015360983102918587;0.05844155844155844;-0.0030581039755351682;0.04153354632587859;0.10344827586206896;0.2;-0.2190466392066482;-0.14414308029555914;-0.1476841720197011;-0.15396334573122755;-0.04773152109351874;-0.014449577004721208
Consumer Staples-04;2023;France;Consumer Staples;-0.0378;5.913043;0.0057419758232596;0.0056495959193775;-0.0548489899707701;-0.374175127234103;0.6779349536807832;0.277568038328055;0.3195;0.1194;793;286;158;0.36065573770491804;0.3288128056914184;0.5524475524475524;0.5569620253164557;0.5034711360931396;0.34615384615384615;0.04195804195804196;0.052839308977127075;0.2727272727272727;0.23076923076923078;0.0;0.024475524475524476;0.04195804195804196;0.06810035842293907;0.05056179775280899;-0.108;0.0035496957403651115;0.005327982286188763;8.947961787218892;3.351936858095836;5.352823863877456;0.008027522935779817;0.058398555087296806;0.003424657534246575;0.05017921146953405;0.08755274261603375;0.1751054852320675;-0.18057674331649395;-0.14439725479148405;-0.10955271134914468;-0.10350610814653674;-0.4472525506058191;0.09320745951849002
Consumer Staples-04;2024;France;Consumer Staples;-0.0153;7.655573;0.0069756080935231;0.005742382794076;0.0803810528697572;0.5535836883162393;1.165559906272758;0.3449882755300433;-0.473;-0.8833;1095;377;181;0.34429223744292237;0.34972114366396045;0.48010610079575594;0.580110497237569;0.5254208445549011;0.29973474801061006;0.042440318302387266;0.053299788385629654;0.27055702917771884;0.22811671087533156;0.002652519893899204;0.023872679045092837;0.0425531914893617;0.0625;0.08637873754152824;-0.10114702815432743;0.004319916024062336;0.005617513424204874;10.2456090247037;4.178427850483278;6.451267786455547;0.03716028840820854;0.0935672514619883;0.030871003307607496;0.08657757117954677;0.0995850622406639;0.19605809128630705;-0.007928284869305361;0.06346991805712847;0.05188609105446862;0.10891950088007378;-0.28892140371334196;0.13340464035211408
Industrials-03;2018;France;Industrials;-0.0257;4.552737;0.0025634890795365;0.0058274784406795;0.0178747219568023;-1.0984300229007624;-0.5784438595868397;0.4068199591330482;1.1162;1.6088;1186;129;54;0.1087689713322091;0.10508011602038805;0.4186046511627907;0.48148148148148145;0.5324634313583374;0.3333333333333333;0.24031007751937986;0.19719575345516205;0.35658914728682173;0.11627906976744186;0.0;0.007751937984496124;0.24031007751937986;0.25;0.2653061224489796;-0.09330406147091108;0.004019831167090982;0.0022017338654190177;6.966345022358202;3.472528858891061;3.885412320956752;0.02880658436213992;0.06564364876385337;0.022076860179885527;0.06746370623398805;0.1033434650455927;0.16717325227963525;-0.057434540196927474;-0.10157459444820928;0.00015913452521876666;-0.002631525986550766;0.5020389136667347;0.17940879112714683
Industrials-03;2019;France;Industrials;-0.0857;5.407562;0.0030174884545916;0.0048686682302724;-0.3427387256179373;-0.6433036092936383;-0.3989889044317072;-0.2898649117327743;0.3005;0.3551;1238;246;109;0.1987075928917609;0.2132042993263666;0.44308943089430897;0.44036697247706424;0.4699614644050598;0.3861788617886179;0.2845528455284553;0.2505221664905548;0.3983739837398374;0.11382113821138211;0.0;0.008130081300813009;0.2845528455284553;0.29508196721311475;0.10163934426229508;-0.15991471215351813;0.00406865861411316;0.0037667229510326018;6.942544459644323;3.7220338983050847;4.460179765886288;-0.02040816326530612;0.011946591707659873;-0.029649595687331536;0.026372059871703494;0.12280701754385964;0.17777777777777778;-0.34909412599174044;-0.418955009168216;-0.30409474162801114;-0.2424477724866146;-0.2214608842321365;-0.21130642429065918
Industrials-03;2020;France;Industrials;-0.0407;5.446607;0.0035036518540474;0.0054546736992249;-0.0722786399368825;-0.6225152481445259;-0.2068202895810683;0.1359348346951034;0.5502;0.7216;1699;354;155;0.20835785756327252;0.22771526222325342;0.4378531073446328;0.45806451612903226;0.48892924189567566;0.3615819209039548;0.2231638418079096;0.1995914727449417;0.3135593220338983;0.0903954802259887;0.0;0.014124293785310734;0.2231638418079096;0.23782234957020057;0.13274336283185842;-0.12854030501089325;0.00450662277607963;0.003797672915319974;8.248749106504647;3.4549120234604103;4.618480863319338;0.018114259173246633;0.04281636536631779;0.01107011070110701;0.059961315280464215;0.11101766190075694;0.15391084945332212;-0.1208000817492919;-0.23649693598471483;-0.0645823239145875;-0.04641646520235909;-0.08396351672574384;-0.027274920023467247
Industrials-03;2021;France;Industrials;-0.0359;6.193589;0.004372496356253;0.0049207475751123;-0.0434295641309033;-0.2248066660498557;0.1366128950156074;-0.2520233334508996;0.1813;-0.0131;1394;390;198;0.2797704447632712;0.29608584429402574;0.5076923076923077;0.3939393939393939;0.4257946312427521;0.4230769230769231;0.2512820512820513;0.23115333914756775;0.34102564102564104;0.08974358974358974;0.0;0.01282051282051282;0.2512820512820513;0.2623376623376623;0.25524475524475526;-0.19220549158547387;0.005657924917807172;0.004173721305666024;9.063654744474658;3.771236542410853;5.40435877025021;0.02635658914728682;0.06203208556149733;0.020030816640986132;0.0648793565683646;0.11715089034676664;0.1780693533270853;-0.07195385857223557;-0.12292100502992413;-0.011875648586278889;-0.0177141301487037;0.4575619757108871;-0.4007130538983142
Industrials-03;2022;France;Industrials;-0.0352;6.39854;0.0040841566360354;0.0051970421405874;-0.0392224072425314;-0.1156865378421016;0.0226391884333065;-0.0512638488526125;0.0765;0.0396;1797;489;260;0.27212020033388984;0.2859200544726022;0.5316973415132924;0.36538461538461536;0.4119795560836792;0.4560327198364008;0.21881390593047034;0.21593473851680756;0.3169734151329243;0.09815950920245399;0.0;0.010224948875255624;0.21881390593047034;0.23140495867768596;0.19875776397515527;-0.14264264264264265;0.005587274448142155;0.004664355499527261;9.104636206028744;3.732023010546501;5.343870069294139;0.028347143480157;0.055978504254366325;0.01901469317199654;0.07523939808481532;0.11936758893280633;0.16679841897233202;-0.06015730814345276;-0.1587011436656022;-0.01785246449038739;0.04274843317025867;0.2078575016553464;-0.10999439249849492
Industrials-03;2023;France;Industrials;-0.0235;6.921918;0.0053313984668286;0.0045525132815692;0.0310972150345428;0.1629706751557273;0.5156436706209689;-0.5195875066948584;-0.132;-0.6496;1623;523;287;0.32224276032039434;0.3400681404009191;0.5487571701720841;0.37282229965156793;0.4216344356536865;0.4340344168260038;0.26003824091778205;0.25397950410842896;0.3441682600382409;0.0841300191204589;0.0;0.011472275334608031;0.26003824091778205;0.2746615087040619;0.24219910846953938;-0.1811722912966252;0.006436393289841566;0.004068225650916104;9.377336323827832;4.02489385214913;5.912034945021841;0.04413858566682487;0.0705596107055961;0.03529411764705882;0.09235352532274081;0.1266261925411969;0.1717259323503903;0.0334269467658982;-0.07251843894632931;0.07790275235253953;0.14262872806374402;0.39989283289582644;-0.33599608771604383
Industrials-03;2024;France;Industrials;-0.1714;7.051518;0.0039341149541886;0.0055003666911127;-0.8578149332371906;0.2319723810060279;-0.0366686537502807;0.1691359998551349;-1.0899;-0.987;2040;583;204;0.2857843137254902;0.2985427433703296;0.34991423670668953;0.44607843137254904;0.4853582978248596;0.32075471698113206;0.04974271012006861;0.034368958324193954;0.20411663807890223;0.15437392795883362;0.08576329331046312;0.10806174957118353;0.07129455909943715;0.09807692307692308;0.08177905308464849;-0.22671804752729607;0.0036325453358685474;0.005313434569263378;9.62265127594596;4.0284191829484906;5.784479396854283;-0.08544187752108544;-0.03855050115651504;-0.09670409272002897;-0.039291217257318954;0.1605218377765173;0.23596142938173567;-0.7345010838029173;-0.7174217996035769;-0.6985078189143185;-0.6256672841883638;-0.30925461251613995;-0.6031518619754308
Health Care-03;2018;France;Health Care;0.5294;13.956171;0.0065876152832674;0.0054310930074677;3.3541501344357694;3.9081516657621673;1.012195747221901;0.118800775197779;-0.554;-1.0006;19;9;5;0.47368421052631576;0.42956349206349204;0.5555555555555556;1.0;0.7745571732521057;0.0;-0.1111111111111111;-0.0402873195707798;0.0;0.1111111111111111;0.0;0.0;-0.1111111111111111;-0.1111111111111111;0.3333333333333333;0.42857142857142855;0.0;0.0;17.142857142857142;3.7037037037037033;9.490333919156416;0.5757575757575758;0.625;0.5757575757575758;0.6774193548387096;0.125;0.25;3.1839414149952554;3.2045423598909393;3.2568969303302415;3.5571497709282145;0.802757690389487;3.240551302476433
Health Care-03;2019;France;Health Care;-0.1669;7.551164;0.0032532532532532;0.0044172863137745;-0.830768924669085;0.4979941890405905;-0.3057967907512973;-0.6178453074285649;-1.3287;-1.4848;361;128;48;0.3545706371191136;0.3695153359868883;0.375;0.5;0.5061194896697998;0.28125;-0.1796875;-0.15540426969528198;0.109375;0.2890625;0.0;0.0;-0.1796875;-0.1796875;-0.2696629213483146;-0.04985337243401759;0.0036750728678241035;0.004800830413909433;9.608294930875577;4.158790170132325;6.1723139792269714;-0.12259970457902511;-0.04038772213247173;-0.1391304347826087;-0.04501607717041801;0.08653846153846154;0.22596153846153846;-0.954708175603794;-0.7282808296370333;-0.9480586301409525;-0.6590783187328013;-1.8628270619316292;0.4342756202772609
Health Care-03;2020;France;Health Care;-0.1414;7.252931;0.0037820075640151;0.0044043021734273;-0.6775082094498207;0.3392088052377149;-0.0967930203951599;-0.6272797648873017;-1.0169;-1.2822;422;147;67;0.34834123222748814;0.3494281078086041;0.4557823129251701;0.5373134328358209;0.5226613283157349;0.2789115646258503;-0.17006802721088435;-0.14026837050914764;0.11564625850340136;0.2857142857142857;0.0;0.0;-0.17006802721088435;-0.17006802721088435;-0.19786096256684493;-0.0975609756097561;0.003850945746970212;0.004522787892844718;10.321100917431194;3.632738952264924;5.952983725135623;-0.09778357235984354;-0.015647226173541962;-0.11621966794380588;-0.02535211267605634;0.08478260869565217;0.22391304347826088;-0.8076412252890999;-0.5820503041986174;-0.8132980033111818;-0.5443168386311761;-1.5454217629290319;0.15443919380705592
Health Care-03;2021;France;Health Care;-0.0254;7.242083;0.003857900659058;0.0047390753292555;0.019677789194676;0.3334331068961711;-0.0667943183796477;-0.3840289209706042;-0.3139;-0.4725;468;184;87;0.39316239316239315;0.3958099513655069;0.47282608695652173;0.6091954022988506;0.5637087225914001;0.24456521739130435;-0.09782608695652174;-0.07662420719861984;0.14130434782608695;0.2391304347826087;0.0;0.0;-0.09782608695652174;-0.09782608695652174;-0.07079646017699115;0.0870488322717622;0.003351091252792576;0.004395990856339019;9.56549935149157;3.6611629576453697;5.948866134807463;0.018826135105204873;0.10047846889952153;-0.0010857763300760044;0.08108108108108109;0.08471074380165289;0.2231404958677686;-0.11658131706062674;0.10431917827354918;-0.13608298417270143;0.07684126257544717;-0.9837247415926693;1.237296966783312
Health Care-03;2022;France;Health Care;-0.0243;7.747323;0.0041148602059654;0.0047525025254844;0.0262890357335463;0.6024332755983769;0.0347755658549962;-0.3742725329291626;-0.5764;-0.7809;559;226;101;0.40429338103756707;0.41810717372515127;0.4469026548672566;0.5346534653465347;0.5206490755081177;0.28761061946902655;-0.09292035398230089;-0.08333653211593628;0.1415929203539823;0.2345132743362832;0.0;0.004424778761061947;-0.09292035398230089;-0.08888888888888889;-0.1239193083573487;0.1051693404634581;0.004069767441860465;0.005624669137109582;10.102679098312286;4.0812884728897885;6.590596104662601;0.018832391713747645;0.08962739174219536;0.0037105751391465678;0.08308308308308308;0.08274647887323944;0.20422535211267606;-0.11654423874682783;0.04018308670437922;-0.10787095028330673;0.08852520926798947;-1.218557799028806;1.3435856486839568
Health Care-03;2023;France;Health Care;-0.0691;8.054331;0.0045959706016363;0.004834579534979;-0.2429690051222593;0.7658906499015332;0.2249468507148057;-0.314634233148754;-1.0089;-1.2787;615;265;128;0.43089430894308944;0.4600470588235294;0.4830188679245283;0.5;0.47357678413391113;0.32452830188679244;-0.09433962264150944;-0.07467815279960632;0.15471698113207547;0.2490566037735849;0.011320754716981131;0.022641509433962263;-0.09541984732824428;-0.08494208494208494;-0.12556053811659193;0.041050903119868636;0.004142798690671031;0.005567519302484374;10.493827160493826;4.301242236024845;7.133226594758574;-0.02414654454621149;0.0353356890459364;-0.03855619360131255;0.042704626334519574;0.0861812778603269;0.1887072808320951;-0.3712487602933473;-0.2807120249134094;-0.356483154737606;-0.14712876895259275;-1.2258129635299586;0.9674889013586061
Health Care-03;2024;France;Health Care;-0.2052;9.537971;0.0044535715169359;0.0053552802299844;-1.060960508704294;1.5558111041279228;0.168659942046848;0.0637141537604816;-2.6166;-2.6691;1008;455;147;0.4513888888888889;0.4758077226162333;0.3230769230769231;0.564625850340136;0.5257765054702759;0.24835164835164836;-0.08131868131868132;-0.09444727003574371;0.08791208791208792;0.16923076923076924;0.11428571428571428;0.12967032967032968;-0.07196029776674938;-0.05555555555555555;-0.1653290529695024;-0.2016210739614995;0.004272938058959921;0.0060449636622970865;10.618999941103716;5.777943606417568;8.077783995523223;-0.07270693512304251;0.0036319612590799033;-0.09596510359869138;0.006678809957498482;0.23707239459029436;0.345266507557677;-0.6590304534737549;-0.46809924545759624;-0.6941611011500239;-0.35738016614575685;-1.401612308868082;-0.45594162858770004
Industrials-02;2018;France;Industrials;0.1655;6.179807;0.0056729399992302;0.0041996343284177;1.167029574894973;-0.2321444863432881;0.6506467647845027;-0.7759942754580073;1.399;0.6857;1489;525;288;0.3525856279382136;0.3615820244488023;0.5485714285714286;0.53125;0.5167497992515564;0.32571428571428573;0.37333333333333335;0.3563045263290405;0.45714285714285713;0.0838095238095238;0.0;0.0038095238095238095;0.37333333333333335;0.37858508604206503;0.33399014778325126;0.011308562197092083;0.005600892087789549;0.0027062532842879665;8.000715147722701;3.8530540145179546;5.436488976861647;0.21972386587771203;0.25998370008149957;0.2078125;0.24226597026918442;0.10659439927732611;0.17976513098464317;1.0739916670330836;1.0470866072141956;1.0926520843637784;1.0175374512075588;0.8056611820268103;0.7930305373944959
Industrials-02;2019;France;Industrials;0.2314;6.431118;0.0056879720550578;0.0039416221865551;1.563103344814562;-0.0983413405180963;0.6565885723125429;-0.9634694960848712;1.6617;0.8516;1673;627;353;0.3747758517632995;0.3815549398567374;0.5629984051036683;0.5410764872521246;0.5164932012557983;0.32057416267942584;0.40669856459330145;0.3850128948688507;0.4944178628389155;0.08771929824561403;0.0;0.0;0.40669856459330145;0.40669856459330145;0.3985086992543496;0.06321839080459771;0.0057781713526677;0.002993805126315547;8.092801624809592;3.987244964094056;5.6251558214909;0.28786288912207064;0.3154698106466595;0.27936066712995133;0.31735241502683365;0.11401218450826806;0.16623150565709313;1.4778015056276796;1.3750413546027105;1.5134968303643124;1.4557518071390672;1.090869698179206;1.0975157759988208
Industrials-02;2020;France;Industrials;0.1787;6.965339;0.0056967572304995;0.004024264530965;1.2463645333614155;0.1860889087184274;0.6600611393501761;-0.9034204160706168;1.06;0.2783;1852;689;401;0.3720302375809935;0.37950701111435875;0.5820029027576198;0.48129675810473815;0.49282678961753845;0.36574746008708275;0.41509433962264153;0.39020633697509766;0.5007256894049347;0.08563134978229318;0.0;0.0;0.41509433962264153;0.41509433962264153;0.326984126984127;0.030120481927710843;0.005746672459417829;0.0032842070692557165;8.61151427189163;4.192414601088879;5.957029902441044;0.242772769661175;0.2712241653418124;0.23242909987669544;0.272033089405027;0.12562814070351758;0.1773151471643934;1.2105855551374767;1.1135242058749666;1.237446383617992;1.1912622690778427;0.7746906045620301;0.9033748020826413
Industrials-02;2021;France;Industrials;0.1918;7.65269;0.0067531975591422;0.0038967903723463;1.325098469415234;0.5520487198134116;1.077646409765191;-0.9960449175330112;0.7731;-0.2638;2076;917;538;0.44171483622350677;0.44609362372007055;0.5866957470010905;0.5594795539033457;0.5351969003677368;0.321701199563795;0.3696837513631407;0.3551224172115326;0.4580152671755725;0.08833151581243184;0.0010905125408942203;0.003271537622682661;0.3700873362445415;0.3730853391684901;0.3430379746835443;0.03388918773534158;0.005277585229062953;0.0030867206030477305;9.02483849409668;4.620130568907382;6.655173744677019;0.25304957176226317;0.2854100106496273;0.243048403707518;0.286437516653344;0.1209529627367135;0.1802076970067196;1.2714885971847163;1.1973706904641785;1.2999088952749005;1.2753283988507595;0.8456576981574037;0.9254807368901399
Industrials-02;2022;France;Industrials;0.2065;7.803223;0.0065728387821922;0.0041351564688208;1.4134487640710451;0.6321955854520175;1.0063549542968466;-0.8228447874774285;0.7813;-0.1333;2478;1139;659;0.4596448748991122;0.46185360630361155;0.5785776997366111;0.5371775417298937;0.5218564867973328;0.33362598770851626;0.34679543459174716;0.3230682909488678;0.44512730465320455;0.09833187006145742;0.0026338893766461808;0.010535557506584723;0.3477112676056338;0.35758651286601595;0.2991094814038764;0.07916464303059738;0.005745678141222721;0.0036015654457749865;9.52156862745098;4.531150373310846;6.919480073784909;0.2686261107313739;0.3000233481204763;0.25773661621865823;0.29790209790209793;0.12342981977061715;0.1813216821409066;1.3637992788982203;1.283743899001247;1.3863046383304205;1.3422372011540589;0.6514688935510735;1.1910510186325487
Industrials-02;2023;France;Industrials;0.2102;8.057846;0.0061779320285237;0.0037933722042994;1.435686593338154;0.7677621082044949;0.850257880900143;-1.0711900007505653;0.6678;-0.2929;2490;1218;690;0.4891566265060241;0.5075356931168824;0.5665024630541872;0.5652173913043478;0.530544638633728;0.31444991789819376;0.29802955665024633;0.28086984157562256;0.4088669950738916;0.11083743842364532;0.004105090311986864;0.018883415435139574;0.30008244023083264;0.3188284518828452;0.2837900603808639;0.0932475884244373;0.005306363100367363;0.0035892579472250477;9.346867258775903;4.696762425900593;7.109272145946963;0.2758909853249476;0.30684990337126905;0.26370431893687707;0.3127696289905091;0.13041289023162134;0.18731117824773413;1.406852843469002;1.3240927571209444;1.4214065345130853;1.4290060657770713;0.583748381563999;1.2736567428956223
Industrials-02;2024;France;Industrials;0.0919;7.954929;0.0055822335956059;0.0043590994689237;0.7246770792032923;0.7129669804190367;0.6147927207283834;-0.6601246803961877;0.0119;-0.6255;3054;1468;764;0.48068107400130977;0.5013313219618142;0.5204359673024523;0.5759162303664922;0.5447182655334473;0.29291553133514986;0.16893732970027248;0.15561755001544952;0.3358310626702997;0.16689373297002724;0.031335149863760216;0.06267029972752043;0.18143459915611815;0.21656976744186046;0.15781600598354525;-0.001226993865030675;0.004649518734025776;0.00414423811209;9.633982323555784;4.250420918805622;7.03701248114568;0.18193269749865035;0.2244593586875466;0.16619318181818182;0.23644578313253012;0.16770413767850603;0.23837422189674112;0.8500312273783583;0.8371173682581575;0.8478481698605584;0.9835700744630369;0.026871757567642155;0.7195012678707383
Energy-01;2018;France;Energy;-0.1967;6.069976;0.0050031886786722;0.0050039547384223;-1.009873603631206;-0.2906207699485691;0.385910292005828;-0.191563848146634;-0.719;-1.0078;1704;617;275;0.36208920187793425;0.3649755099056949;0.44570502431118314;0.41818181818181815;0.41629061102867126;0.3873581847649919;0.1539708265802269;0.13916517794132233;0.33063209076175043;0.1766612641815235;0.0;0.0;0.1539708265802269;0.1539708265802269;0.0677731673582296;-0.35075885328836426;0.004832248372558838;0.005262193365971149;7.223411848679515;4.418742586002373;5.495569562437198;-0.1223021582733813;-0.04538341158059468;-0.14124824026278743;-0.08362543815723586;0.14159941305942772;0.2648569332355099;-0.9529448376524181;-0.7578082204435421;-0.9605155154132973;-0.8844076216765513;-0.37116855500788;-1.3307326564412136
Energy-01;2019;France;Energy;-0.2013;6.02087;0.0052509529013513;0.0048060323992873;-1.037520634611936;-0.3167658144507667;0.4838454873230511;-0.33537698007305;-0.7209;-1.1305;1890;732;359;0.3873015873015873;0.4043201577484987;0.49043715846994534;0.3565459610027855;0.3815217614173889;0.4412568306010929;0.1871584699453552;0.16403186321258545;0.3469945355191257;0.1598360655737705;0.0;0.001366120218579235;0.1871584699453552;0.18878248974008208;0.06866952789699571;-0.356951871657754;0.005745215399394074;0.004350397832433361;7.386903953267219;4.302185510239202;5.597467235207712;-0.12983870967741937;-0.041740674955595025;-0.15106215578284815;-0.08714043993231811;0.1367837338262477;0.27726432532347506;-0.9976084307172991;-0.7362775570489306;-1.0182407507335702;-0.9049216338119954;-0.36720613407049163;-1.3670587766860405
Energy-01;2020;France;Energy;-0.2179;6.719484;0.0065859468660961;0.0046565899931933;-1.137290355107614;0.0551906495222414;1.0115362623302648;-0.443963916529711;-1.1928;-1.9205;2269;979;551;0.43146760687527547;0.45455645928325616;0.5628192032686414;0.30127041742286753;0.33119839429855347;0.5250255362614913;0.22982635342185903;0.21120673418045044;0.372829417773238;0.14300306435137897;0.0;0.0010214504596527069;0.22982635342185903;0.2310838445807771;0.0015527950310559005;-0.35290858725761776;0.00881353352947144;0.004171011470281543;8.264676804293583;4.489938112217714;6.246713409290097;-0.14029468289557975;-0.05824561403508772;-0.1633416458852868;-0.10503501167055686;0.14832535885167464;0.2784688995215311;-1.0595732881006097;-0.8338312163583405;-1.090468441539273;-1.0093567053385857;-0.6639000826050673;-1.3433422580932086
Energy-01;2021;France;Energy;-0.1611;8.115746;0.0076868475268779;0.0045129120680949;-0.7959096247368602;0.7985892591978004;1.4466956250207303;-0.548362300701052;-1.5946;-2.5922;2933;1530;910;0.5216501875213092;0.5364356435643565;0.5947712418300654;0.2956043956043956;0.32212746143341064;0.5647058823529412;0.3111111111111111;0.29632100462913513;0.42287581699346405;0.11176470588235295;0.0;0.00130718954248366;0.3111111111111111;0.31282722513089006;0.05471324983520105;-0.3318233295583239;0.009189640768588136;0.004048256019383171;9.589657110736368;4.724075603061611;7.368892781846144;-0.08148977877345281;-0.013237063778580024;-0.10259917920656635;-0.048723897911832945;0.14933920704845816;0.2581497797356828;-0.7110799033778874;-0.5678048616661694;-0.7331825880187732;-0.6807176476869546;-0.42890078260577014;-1.219663373114673
Energy-01;2022;France;Energy;-0.1645;8.116148;0.0087400690350668;0.0045071627111396;-0.8163443867660956;0.7988032922668737;1.863008573683923;-0.5525398636478112;-1.6149;-2.8227;3075;1616;967;0.5255284552845528;0.5319318720231415;0.5983910891089109;0.2998965873836608;0.32307183742523193;0.5464108910891089;0.3180693069306931;0.30677253007888794;0.4313118811881188;0.11324257425742575;0.0;0.0018564356435643563;0.3180693069306931;0.32052076875387475;0.084899546338302;-0.33223684210526316;0.009460409732314472;0.004237040500262989;9.02125822812129;4.996811902231668;7.176674589876477;-0.08496381667113374;-0.012438530517789991;-0.10768426555148981;-0.05113952195664258;0.14922236233711644;0.26439680538041194;-0.731667969011044;-0.56308507195382;-0.7630929540989163;-0.6948155469600599;-0.2954602660801887;-1.2220888957930987
Energy-01;2023;France;Energy;-0.1674;7.99118;0.0085777157287771;0.0044412890629727;-0.8337740367322078;0.7322677584960371;1.798834244598172;-0.6004045751084154;-1.5658;-2.7655;3175;1714;990;0.5398425196850394;0.5521041514723851;0.5775962660443408;0.2717171717171717;0.31989097595214844;0.5519253208868145;0.32613768961493583;0.3041875660419464;0.43990665110851807;0.11376896149358226;0.0005834305717619603;0.001750291715285881;0.326328079392878;0.3278784336645237;0.08246225319396051;-0.3305827746260959;0.009204059050086208;0.004465202675549443;8.597770154373928;5.092660762742169;7.057344389901175;-0.08768520767549186;-0.019321148825065273;-0.11058489225668956;-0.05699221692191815;0.1496391948347892;0.2586403342195215;-0.7477956504760644;-0.6037652949022877;-0.7801543766057291;-0.7289726436630641;-0.30623448132954123;-1.2123867036539193
Energy-01;2024;France;Energy;-0.2022;8.4218;0.0089699161647649;0.0049135312908149;-1.0429298363255568;0.9615387042773366;1.9538615761742968;-0.2572667862628365;-2.0042;-3.1098;3340;1872;1007;0.5604790419161677;0.5928070550761844;0.5379273504273504;0.25819265143992054;0.2995910048484802;0.530982905982906;0.27510683760683763;0.25840795040130615;0.40705128205128205;0.13194444444444445;0.026709401709401708;0.03418803418803419;0.2864983534577388;0.2959070796460177;0.009200968523002421;-0.4026996625421822;0.009519303254366689;0.004914025412769791;9.034330147217014;5.066431701718181;7.452796184878144;-0.11501154734411086;-0.051719871318980454;-0.14099977583501458;-0.08325358851674641;0.16383789400762036;0.2639418081052996;-0.9097387527626052;-0.7952603329032797;-0.9590540531118757;-0.8822374583236798;-0.6300908267681427;-1.6353996168839182
Industrials-04;2018;France;Industrials;-0.1079;5.045458;0.003190453500176;0.0041798511930214;-0.476165701220591;-0.8360952273122902;-0.3306200118644226;-0.7903689775411841;0.3597;0.1298;939;307;180;0.32694355697550587;0.38123766399628467;0.5863192182410424;0.36666666666666664;0.39537015557289124;0.4560260586319218;0.26384364820846906;0.24616149067878723;0.4364820846905538;0.17263843648208468;0.0;0.0;0.26384364820846906;0.26384364820846906;0.06756756756756757;-0.1534603811434303;0.0029845291752954076;0.0036371549365829398;5.873970867637746;3.687466855223617;4.564605254800669;-0.05903614457831325;0.020248203788373612;-0.07023809523809524;0.0070921985815602835;0.09381443298969072;0.2268041237113402;-0.5780137399888768;-0.3698877189019304;-0.5428354036069446;-0.35496757582765953;-0.3720774224557523;-0.1734475337807851
Industrials-04;2019;France;Industrials;-0.0378;5.537436;0.0040056907041741;0.0040998106178851;-0.0548489899707701;-0.574156020207204;-0.0083764936514206;-0.8485275757158779;0.5193;0.0993;987;362;225;0.3667679837892604;0.40391203703703704;0.6215469613259669;0.3333333333333333;0.39046409726142883;0.48342541436464087;0.3314917127071823;0.31236180663108826;0.4585635359116022;0.1270718232044199;0.0;0.0;0.3314917127071823;0.3314917127071823;0.16614420062695925;-0.11002921129503408;0.0037251418419393663;0.0034835045812476218;6.224169695762585;3.969910739994241;4.915703929638373;0.017123287671232876;0.10408921933085502;0.006211180124223602;0.09526736324523663;0.1040582726326743;0.24765868886576484;-0.12667284045974422;0.1256607849122111;-0.09316244673937911;0.15963426897884014;0.06368709179814577;0.08130480250879789
Industrials-04;2020;France;Industrials;-0.0889;5.676027;0.0034861893268972;0.0041488211480919;-0.3619714428219235;-0.5003673210135384;-0.2137228035465215;-0.8129158409454585;0.1383;-0.1613;1237;541;349;0.4373484236054972;0.48010459402191064;0.6451016635859519;0.39255014326647564;0.4262365996837616;0.4417744916820702;0.31053604436229204;0.2890733480453491;0.47504621072088726;0.1645101663585952;0.0;0.0073937153419593345;0.31053604436229204;0.3202979515828678;0.09637305699481866;-0.21140939597315436;0.003774931450249784;0.0034073189982097136;6.401497733692439;3.9869471099479834;5.184292392136423;-0.0296229802513465;0.035440613026819924;-0.044631020768890854;0.03395504543280727;0.11222910216718267;0.22058823529411764;-0.40370356391202616;-0.28009186398853714;-0.39221515457616535;-0.19819247255302036;-0.2447408547668444;-0.5133565660514651
Industrials-04;2021;France;Industrials;-0.0837;5.656907;0.0045606885072142;0.0042876091181097;-0.330718277365446;-0.5105472023087371;0.2110006934727971;-0.712070566333168;0.1798;-0.2818;1351;608;395;0.45003700962250187;0.4898188150976255;0.649671052631579;0.2936708860759494;0.34708496928215027;0.5180921052631579;0.34539473684210525;0.3291548192501068;0.49835526315789475;0.15296052631578946;0.0;0.008223684210526315;0.34539473684210525;0.35655058043117743;0.08571428571428572;-0.1907514450867052;0.004649413695258282;0.003668919511981041;6.385098418065451;3.886293307444936;5.138758587295342;-0.026283865750101092;0.047411918225315354;-0.036414565826330535;0.0352536543422184;0.10884831460674158;0.23103932584269662;-0.3839150899422526;-0.20933458198959717;-0.34388614725098515;-0.1906136203556463;-0.2918586568813316;-0.3921841161808171
Industrials-04;2022;France;Industrials;-0.0787;6.021037;0.005810665230272;0.0043428555495141;-0.3006671567342177;-0.3166769002156049;0.7050862123219044;-0.6719277387839966;0.0163;-0.6722;1494;718;445;0.48058902275769744;0.5060939751242318;0.6197771587743732;0.2898876404494382;0.35067814588546753;0.5055710306406686;0.3245125348189415;0.30394554138183594;0.48467966573816157;0.16016713091922005;0.004178272980501393;0.01532033426183844;0.3300699300699301;0.3451202263083451;0.06611570247933884;-0.19832985386221294;0.005156361206733772;0.0039336514156658045;6.856910320972583;3.877528523397453;5.426961536426644;-0.021990309355199404;0.04126984126984127;-0.029944547134935304;0.036744369814302645;0.107421875;0.21354166666666666;-0.3584703413639761;-0.24563778067943517;-0.3058296395580147;-0.18191360902091092;-0.37849548792724197;-0.43663646106715615
Industrials-04;2023;France;Industrials;-0.0648;6.18271;0.0063941191171361;0.0041476723085969;-0.2171250413794029;-0.2305988694290642;0.9357114000538634;-0.8137506037447588;0.0136;-0.8611;1627;766;498;0.47080516287645974;0.5201486408250643;0.6501305483028721;0.2931726907630522;0.33533111214637756;0.5378590078328982;0.34464751958224543;0.3244640529155731;0.4960835509138381;0.1514360313315927;0.007832898172323759;0.0195822454308094;0.3539473684210526;0.37017310252996005;0.09763779527559055;-0.16861219195849547;0.005785209535889007;0.003552682542438529;6.86265544989027;3.734461782597197;5.412364813497805;-0.004118050789293068;0.06417308397506417;-0.011580381471389645;0.06106032906764168;0.11440677966101695;0.22760290556900725;-0.252554619312339;-0.1102664760544978;-0.19781202087954355;-0.04000247635973569;-0.23914999570142245;-0.2623228557587437
Industrials-04;2024;France;Industrials;-0.0805;6.83376;0.0069134790061446;0.0041118518081529;-0.3114855601614599;0.1160335425604279;1.1410017830639416;-0.8397782789356583;-0.4275;-1.4179;1696;805;451;0.47464622641509435;0.5067829140001179;0.5602484472049689;0.30376940133037694;0.338752806186676;0.46956521739130436;0.2732919254658385;0.25875866413116455;0.42857142857142855;0.15527950310559005;0.0670807453416149;0.07701863354037267;0.3155792276964048;0.3283983849259758;0.12063492063492064;-0.17147707979626486;0.005829358770535241;0.003523429471352116;7.256349877689125;4.174447174447175;5.770893286436683;0.01807044410413476;0.09486166007905138;0.003926306251887647;0.09055118110236221;0.17921146953405018;0.2964669738863287;-0.12105974141483518;0.07112061562274571;-0.10660202462122745;0.1321100104143826;-0.13748968483031873;-0.27912730455501106
Utilities-02;2018;Italy;Utilities;-0.0433;12.862333;0.0145757188779778;0.0026628625772705;-0.0879052226651212;3.3257698144976526;4.169699592219916;-1.8926340623284972;-3.4139;-6.4451;281;227;72;0.8078291814946619;0.8126775302735835;0.31718061674008813;0.2916666666666667;0.3342253565788269;0.5330396475770925;0.23348017621145375;0.23171751201152802;0.36123348017621143;0.1277533039647577;0.0;0.004405286343612335;0.23348017621145375;0.23893805309734514;0.24873096446700507;-0.35384615384615387;0.010669610007358351;0.0034562211981566822;12.136966654714952;9.11371237458194;11.603188662533215;-0.0112;0.05460750853242321;-0.017488076311605722;0.004878048780487805;0.06231454005934718;0.17804154302670624;-0.29452411977692716;-0.16680451496124515;-0.2325609520431292;-0.367889644946054;0.4287673335515462;-1.3488417019187
Utilities-02;2019;Italy;Utilities;-0.1429;10.447667;0.0310343520133464;0.0035291675316587;-0.6865235456391892;2.040151966822328;10.675398572231938;-1.263164800604574;-2.7264;-8.6957;323;226;62;0.6996904024767802;0.684154991500088;0.2743362831858407;0.25806451612903225;0.35378068685531616;0.4690265486725664;0.19469026548672566;0.15044064819812775;0.3893805309734513;0.19469026548672566;0.0;0.0;0.19469026548672566;0.19469026548672566;0.032490974729241874;-0.5259259259259259;0.008139833776026048;0.006820799007883781;10.36794766966476;5.5769230769230775;8.938611589213998;-0.10866574965612105;-0.07560627674750357;-0.11475409836065574;-0.09749303621169916;0.06712962962962964;0.12731481481481483;-0.8721318805456151;-0.9364426932911377;-0.8046775552451023;-0.9653407457493168;-0.5271358167779198;-2.358202585323955
Utilities-02;2020;Italy;Utilities;-0.0421;10.149042;0.008983995398925;0.0039465950121756;-0.0806929537136264;1.8811578741560784;1.9594267563785943;-0.9598561716358432;-1.9621;-3.4217;478;341;98;0.7133891213389121;0.7157104259376986;0.2873900293255132;0.3877551020408163;0.390092134475708;0.3724340175953079;0.1495601173020528;0.13307411968708038;0.3460410557184751;0.19648093841642228;0.0;0.0;0.1495601173020528;0.1495601173020528;0.2569832402234637;-0.2537313432835821;0.005884638871925831;0.00470129572296755;10.78175555787496;6.768687463213655;9.731104091224283;0.0;0.03325942350332594;-0.010615711252653927;0.019693654266958426;0.08086785009861933;0.14003944773175542;-0.2281499632816047;-0.2929839454824075;-0.19213785186217727;-0.28142382495758467;0.46524706333026383;-0.7616025836303405
Utilities-02;2021;Italy;Utilities;-0.0806;7.109164;0.0079745117261141;0.0054779647633617;-0.3120865825740845;0.2626642971745961;1.5604023145230983;0.1528584467242722;-0.5748;-1.2785;926;628;257;0.6781857451403888;0.7028109038006138;0.40923566878980894;0.29571984435797666;0.3469349145889282;0.49044585987261147;0.10031847133757962;0.08808743208646774;0.34394904458598724;0.24363057324840764;0.0015923566878980893;0.004777070063694267;0.10047846889952153;0.104;0.02702702702702703;-0.3220338983050847;0.0064064790051826;0.005414541015930644;7.295758610873896;3.020623567807791;6.052775029779331;-0.04066543438077634;-0.021216407355021217;-0.0533515731874145;-0.022598870056497175;0.07704918032786885;0.11229508196721312;-0.4691440619905258;-0.6149673601776632;-0.44350925217187587;-0.5282485530018929;-0.5512895583135007;-1.1622419292204782
Utilities-02;2022;Italy;Utilities;-0.0905;7.245062;0.0080146607729939;0.0061317420394206;-0.3715878014239165;0.3350191877737022;1.57627226017327;0.6279021333707728;-0.7063;-1.1805;1119;789;343;0.7050938337801609;0.7271159306202956;0.4347275031685678;0.3119533527696793;0.36208203434944153;0.4752851711026616;0.14068441064638784;0.13876357674598694;0.3700887198986058;0.229404309252218;0.0025348542458808617;0.0063371356147021544;0.14104193138500634;0.14540816326530612;0.08323563892145369;-0.45041816009557945;0.006641770165557678;0.00615558912386707;7.194641994062004;3.089834064466908;6.103619588360539;-0.048798798798798795;-0.02313030069390902;-0.058342623560014864;-0.038330170777988615;0.08031599736668861;0.12639894667544438;-0.5173445265186785;-0.6262795678651422;-0.4728665007302891;-0.620058490679505;-0.30281567866391446;-1.9152999460344027
Utilities-02;2023;Italy;Utilities;-0.1694;7.30448;0.0098334214930498;0.0057956751141365;-0.8457944849846992;0.3666545531920137;2.2951843146577;0.383711218523863;-1.2127;-2.1685;1020;715;285;0.7009803921568627;0.7360509102372134;0.3986013986013986;0.23157894736842105;0.3215179145336151;0.5286713286713287;0.03636363636363636;0.03567717596888542;0.2853146853146853;0.24895104895104894;0.002797202797202797;0.008391608391608392;0.0364656381486676;0.04231311706629055;-0.12178619756427606;-0.3210227272727273;0.008297866645252817;0.005944839684241302;6.812921404850558;3.4472727272727277;5.94788590227672;-0.1328976034858388;-0.09995477159656264;-0.14150129421915444;-0.11907923860115095;0.07209136331192005;0.13204853675945752;-1.015736242890746;-1.080356267268112;-0.9620039732210044;-1.0913206587367026;-1.2091282419446945;-1.1563107469893619
Utilities-02;2024;Italy;Utilities;-0.1475;9.535683;0.0076751778263031;0.0042473219319676;-0.7141705766199192;1.5545929258641458;1.442082875073493;-0.7413437976466121;-2.2685;-3.3602;1407;959;363;0.681592039800995;0.6980328190318297;0.37851929092805003;0.4628099173553719;0.4578414261341095;0.3816475495307612;0.08654848800834203;0.07498342543840408;0.27007299270072993;0.1835245046923879;0.06360792492179354;0.07090719499478623;0.0957683741648107;0.10325476992143659;-0.06267029972752043;-0.25303867403314917;0.005746172410710865;0.004747376449856658;8.579195275701263;5.597121480381518;7.711608122029842;-0.07975895072669266;-0.004982752012265236;-0.08912280701754385;-0.04029574861367837;0.12821980538065256;0.249570692615913;-0.7008225594812667;-0.5190171433955076;-0.6539148630944313;-0.6315298611522998;-0.9478025128543499;-0.7575396235387818
Energy-02;2018;Italy;Energy;-0.4016;5.597322;0.0053054937532089;0.0069255905447806;-2.2413685270989423;-0.5422714819622106;0.5054041648499442;1.2047235287216518;-1.6989;-1.3492;478;310;141;0.6485355648535565;0.664640911424266;0.45483870967741935;0.28368794326241137;0.3489404320716858;0.5225806451612903;0.05806451612903226;0.048970818519592285;0.34838709677419355;0.2903225806451613;0.0;0.0032258064516129032;0.05806451612903226;0.061488673139158574;-0.38169257340241797;-0.49458483754512633;0.005306824127363779;0.007189795129493622;6.066571224051539;3.298019345923538;5.161562321197337;-0.36081242532855434;-0.3240682248894504;-0.38186019641825536;-0.3304130162703379;0.09098164405426976;0.1636073423782921;-2.366419640443598;-2.4049953564456334;-2.37578975142584;-2.324692348750578;-2.358061534790697;-2.1743665174782754
Energy-02;2019;Italy;Energy;-0.3942;5.791824;0.0051521801354832;0.0066227995214493;-2.196892868564724;-0.4387146162886368;0.4448030056736854;0.984711348313899;-1.758;-1.4881;563;382;188;0.6785079928952042;0.7045803608595175;0.49214659685863876;0.3191489361702128;0.37214523553848267;0.5392670157068062;0.005235602094240838;0.010490897111594677;0.3036649214659686;0.29842931937172773;0.0;0.007853403141361256;0.005235602094240838;0.013192612137203167;-0.35798816568047337;-0.512280701754386;0.00576539135395021;0.006701872706835486;6.100425781823521;3.875476493011436;5.459725053577962;-0.35401069518716577;-0.31441543700340524;-0.3750646663217796;-0.3273942093541203;0.08920863309352518;0.1669064748201439;-2.3261107921540023;-2.347941841962126;-2.3358185928048787;-2.3070741949980373;-2.2532746355424127;-2.2781643835202967
Energy-02;2020;Italy;Energy;-0.4026;5.972696;0.0048033983226228;0.0067822666335089;-2.247378751225188;-0.3424146429818809;0.3069380040353132;1.1005823759340687;-1.9048;-1.508;689;452;204;0.6560232220609579;0.6689108300638875;0.45132743362831856;0.35784313725490197;0.3720799684524536;0.5088495575221239;-0.022123893805309734;-0.0011567731853574514;0.28761061946902655;0.30973451327433627;0.0;0.0022123893805309734;-0.022123893805309734;-0.019955654101995565;-0.33734134936539745;-0.5548098434004475;0.004961548002976929;0.006928195378765721;6.089113695673185;3.323525478132941;5.189920205248625;-0.362234264276782;-0.32628797886393657;-0.38106796116504854;-0.3393782383419689;0.09020044543429843;0.16146993318485522;-2.374845833377599;-2.418115375970382;-2.37112984108456;-2.3770145625480623;-2.1620040209637246;-2.527625731960692
Energy-02;2021;Italy;Energy;-0.3558;6.191074;0.0048026553677554;0.0069331079913192;-1.9661002621168908;-0.2261457037829845;0.3066443319737886;1.2101858102181775;-1.7399;-1.2881;848;569;292;0.6709905660377359;0.6936885343023026;0.5131810193321616;0.3356164383561644;0.3744189441204071;0.5202108963093146;0.0632688927943761;0.07141908258199692;0.351493848857645;0.28822495606326887;0.0017574692442882249;0.005272407732864675;0.06338028169014084;0.06713780918727916;-0.28390993959362987;-0.5368196371398078;0.005138497452102372;0.007135322041844927;6.330798965773238;3.567580509996408;5.503057254030017;-0.31178846860080794;-0.2803379416282642;-0.3321454027084818;-0.28473282442748094;0.09432048681541583;0.1546653144016227;-2.0758907318840127;-2.146524293073683;-2.083368427854293;-2.0580967480152528;-1.925806946642195;-2.42210135646661
Energy-02;2022;Italy;Energy;-0.3924;6.545251;0.004387676283455;0.0069072513760862;-2.1860744651374824;-0.0375745836213956;0.1426131525158785;1.1913980329822906;-2.1484;-1.624;919;617;316;0.6713819368879217;0.6775289918190979;0.5121555915721232;0.3449367088607595;0.36241355538368225;0.5089141004862237;0.06320907617504051;0.073638916015625;0.34359805510534847;0.28038897893030795;0.0016207455429497568;0.014586709886547812;0.0633116883116883;0.07730263157894737;-0.272635814889336;-0.6156925540432346;0.0042097302747668265;0.006775716040602574;6.47960789603849;3.806262716490497;5.646072196691888;-0.3444061422751489;-0.31252053894183374;-0.3639404074186683;-0.3231963765771595;0.10513141426783479;0.1668752607425949;-2.2691916762566975;-2.3367419072617133;-2.270385946514709;-2.2825750914301244;-1.8759689340936785;-2.8847428169950806
Energy-02;2023;Italy;Energy;-0.3145;10.349488;0.0051870270848373;0.0049255600389592;-1.717878005702945;1.9878794476967367;0.4585771606113753;-0.2485265301030588;-3.7059;-4.0595;699;470;178;0.6723891273247496;0.6557085952872295;0.37872340425531914;0.42134831460674155;0.44299429655075073;0.39787234042553193;0.059574468085106386;0.06234531104564667;0.30851063829787234;0.24893617021276596;0.002127659574468085;0.014893617021276596;0.05970149253731343;0.0734341252699784;-0.27988338192419826;-0.4412532637075718;0.004208446168484228;0.005205017786931286;10.294968189705031;6.908310179338217;9.152860002555476;-0.23671497584541062;-0.19129878438899553;-0.2651162790697674;-0.2119700748129676;0.1551155115511551;0.23184818481848185;-1.6309853964556913;-1.6202517895108548;-1.6891045963135347;-1.633443782209713;-1.908007282639895;-1.861541809312623
Energy-02;2024;Italy;Energy;-0.307;10.686666;0.0039725461660996;0.0053200617813626;-1.6728013247561024;2.1673999505917427;-0.0214777266500034;0.0381239378200438;-3.8401;-3.8103;1012;682;188;0.6739130434782609;0.6871287128712872;0.2756598240469208;0.43617021276595747;0.472743421792984;0.30498533724340177;-0.024926686217008796;-0.024677420035004616;0.22727272727272727;0.25219941348973607;0.04252199413489736;0.06304985337243402;-0.018376722817764167;-0.001564945226917058;-0.16149732620320856;-0.5174825174825175;0.003636613146699602;0.006259927123236476;10.33145562903094;7.28368017524644;9.389631635358493;-0.20077594568380214;-0.1557377049180328;-0.23632993512511585;-0.1643002028397566;0.20334620334620335;0.27413127413127414;-1.4180012167916987;-1.410065407442017;-1.5197839541275866;-1.3552361468435434;-1.384673907735415;-2.30867644926283
Consumer Discretionary-10;2018;Italy;Consumer Discretionary;-0.1564;6.570265;0.0011298744923199;0.0076533799825065;-0.7676615713435057;-0.024256615487604;-1.1451169776444414;1.7335454842412152;-0.7433;0.696;363;121;58;0.3333333333333333;0.31490605144235667;0.4793388429752066;0.29310344827586204;0.37603312730789185;0.4297520661157025;0.049586776859504134;0.02512793429195881;0.2066115702479339;0.15702479338842976;0.0;0.0;0.049586776859504134;0.049586776859504134;-0.0967741935483871;-0.1963470319634703;0.0014026758739749676;0.0059794042741667585;8.524655619884209;4.487550665894615;5.803135775161017;-0.06369426751592357;-0.016722408026755852;-0.10229007633587786;-0.06070287539936102;0.17121588089330025;0.2456575682382134;-0.6056190061348945;-0.5884052458133011;-0.7313644517293186;-0.7506285340174782;-1.0985610269543666;-0.42500590833477364
Consumer Discretionary-10;2019;Italy;Consumer Discretionary;-0.09;6.822376;0.0009879749336645;0.0074235174713643;-0.3685826893607936;0.1099724667934542;-1.20120643576746;1.5665241778827868;-0.4786;0.9052;389;128;56;0.32904884318766064;0.3394133436822871;0.4375;0.2857142857142857;0.35870036482810974;0.4609375;0.0078125;-0.020233094692230225;0.171875;0.1640625;0.0;0.0;0.0078125;0.0078125;-0.09387755102040816;-0.17225950782997762;0.0014292520247737017;0.007437854766099041;8.128644636861635;4.964069591527988;6.067138897443794;-0.009395973154362415;0.07580174927113703;-0.03780964797913951;0.0;0.1493212669683258;0.2828054298642534;-0.2838329804756672;-0.041534392461062566;-0.35209198980153456;-0.3963585784725169;-1.085756227429398;-0.28371675886311665
Consumer Discretionary-10;2020;Italy;Consumer Discretionary;-0.0474;11.772581;0.0007826257092545;0.0057105645444071;-0.1125471415827284;2.745563433681474;-1.282376009741345;0.3218686915694952;-2.8583;-2.0562;141;56;19;0.3971631205673759;0.42449637389202255;0.3392857142857143;0.47368421052631576;0.46228525042533875;0.35714285714285715;-0.08928571428571429;-0.06323505192995071;0.05357142857142857;0.14285714285714285;0.0;0.0;-0.08928571428571429;-0.08928571428571429;0.08;-0.30097087378640774;0.0015186028853454822;0.00351150994927819;13.717421124828531;10.424502955400325;11.871045495631217;0.032119914346895075;0.12354312354312354;0.0211864406779661;0.05701754385964912;0.1471698113207547;0.29056603773584905;-0.03779887207828611;0.24064452006089398;-0.005078293408310157;-0.06359670194609775;-0.3171190341260428;-1.0386934564487766
Consumer Discretionary-10;2021;Italy;Consumer Discretionary;0.0067;11.985873;0.0016589115921505;0.0050151282795208;0.2126059836471618;2.8591244818622013;-0.9360014276197928;-0.1834449973533532;-2.6467;-2.2704;191;86;25;0.450261780104712;0.45883568722011714;0.29069767441860467;0.44;0.48484450578689575;0.313953488372093;-0.10465116279069768;-0.10567065328359604;0.05813953488372093;0.16279069767441862;0.0;0.0;-0.10465116279069768;-0.10465116279069768;-0.02857142857142857;-0.03773584905660377;0.0025025025025025025;0.003069053708439898;12.888270746407049;9.038854805725972;10.843111690569318;0.0843806104129264;0.2055888223552894;0.07092198581560284;0.11029411764705882;0.14429530201342283;0.33221476510067116;0.271911808211111;0.7255816719749673;0.28746508960568706;0.2473323817765518;-0.7970662017755556;0.5053528535457955
Consumer Discretionary-10;2022;Italy;Consumer Discretionary;-0.024;12.214098;0.0015989557839778;0.0046716497597437;0.0280921029714199;2.980636166412239;-0.9597005062046824;-0.4330212801241802;-2.9528;-2.6895;278;128;44;0.460431654676259;0.46132008516678497;0.34375;0.4772727272727273;0.5179792046546936;0.28125;-0.0625;-0.05354606360197067;0.1171875;0.1796875;0.0;0.0;-0.0625;-0.0625;0.12149532710280374;-0.125;0.0017094017094017094;0.0041906757464641176;12.530864197530864;8.914190502638156;10.627101300979389;0.04072398190045249;0.13673805601317957;0.028315946348733235;0.07476635514018691;0.12154696132596685;0.27624309392265195;0.013191103483869824;0.3186341412642749;0.03685730219784669;0.03998769240037203;-0.13368620123687833;-0.006508705900039073
Consumer Discretionary-10;2023;Italy;Consumer Discretionary;0.0114;6.925093;0.0018607280392872;0.0066743244060214;0.2408540370405164;0.164661110464946;-0.8562282749230621;1.0221500480324088;0.0762;1.0154;602;224;137;0.37209302325581395;0.3781036939045487;0.6116071428571429;0.36496350364963503;0.4040473997592926;0.45535714285714285;0.06696428571428571;0.06328876316547394;0.22321428571428573;0.15625;0.026785714285714284;0.03571428571428571;0.0779816513761468;0.08796296296296297;0.16612377850162866;-0.056640625;0.0017157275021026073;0.005593150117387102;8.362779740871613;4.142845955047381;5.776476517315031;0.08698190309398715;0.15151515151515152;0.05976095617529881;0.1070154577883472;0.14065934065934066;0.24615384615384617;0.287327755309581;0.40597525371788673;0.22181615864779097;0.22819769211397545;0.06359681444489758;0.39446392618274106
Consumer Discretionary-10;2024;Italy;Consumer Discretionary;0.0077;8.390889;0.0011449367218008;0.0060222634897652;0.2186162077734075;0.9450810520432422;-1.139163243202174;0.5483534923557196;-0.7264;0.1173;957;377;184;0.3939393939393939;0.42192378328741964;0.4880636604774536;0.41847826086956524;0.4560588002204895;0.35013262599469497;-0.03978779840848806;-0.03502005338668823;0.14854111405835543;0.1883289124668435;0.11140583554376658;0.13262599469496023;-0.01791044776119403;0.0061162079510703364;0.13593539703903096;-0.03625954198473282;0.0006529190924424615;0.005735067841656176;8.951508513392413;5.612910439417092;7.04222350107637;0.11811865312667023;0.19406392694063926;0.09299895506792058;0.16871508379888267;0.19902912621359223;0.3145631067961165;0.4718523552582457;0.6574629279164513;0.4173213373636243;0.5882848151717941;-0.06985291878178367;0.5140123641450444
Financials-01;2018;Italy;Financials;-0.1923;2.674855;0.0021549305259377;0.0057737249690693;-0.9834286174757249;-2.098253027419082;-0.7399371587910758;0.3677619369917732;1.1148;1.6686;272;19;7;0.06985294117647059;0.09332657387777675;0.3684210526315789;0.2857142857142857;0.3128740191459656;0.2631578947368421;0.0;-0.031557369977235794;0.3157894736842105;0.3157894736842105;0.0;0.0;0.0;0.0;0.1111111111111111;-0.22173274596182085;0.0002469135802469136;0.005777442853554383;4.023245417970496;2.4865371107468976;2.632248219735504;-0.1611185086551265;-0.14168937329700274;-0.17105263157894737;-0.14749661705006767;0.06236559139784946;0.0989247311827957;-1.1829807764752065;-1.327031707637189;-1.1358242898556705;-1.257168212638705;-0.17959031357150412;-0.5739097940010673
Financials-01;2019;Italy;Financials;-0.0784;3.371494;0.0019116351998625;0.004737465455981;-0.2988640894963439;-1.7273480940714925;-0.8361059075365442;-0.3851986773438296;1.4285;1.6539;270;33;18;0.12222222222222222;0.14266915231933325;0.5454545454545454;0.3888888888888889;0.36929771304130554;0.36363636363636365;0.030303030303030304;0.05341396480798721;0.3939393939393939;0.36363636363636365;0.0;0.09090909090909091;0.030303030303030304;0.13333333333333333;0.05263157894736842;-0.09;0.0010760953112990007;0.0031520882584712374;6.7164179104477615;2.723973797068665;3.3055522003462574;-0.05898876404494382;-0.03318903318903319;-0.06424581005586592;-0.04011461318051576;0.03826530612244898;0.08673469387755102;-0.5777329504409577;-0.6857324478901919;-0.5075889139114401;-0.6304727309680712;-0.43810294619281753;0.19878928172634436
Financials-01;2020;Italy;Financials;-0.0858;3.294535;0.0022632498128809;0.0044113894053738;-0.3433397480305619;-1.7683226487052368;-0.697121168618259;-0.6221300833133593;1.4248;1.4623;305;45;21;0.14754098360655737;0.17262777023971054;0.4666666666666667;0.47619047619047616;0.4845750331878662;0.28888888888888886;-0.06666666666666667;-0.07977043837308884;0.3333333333333333;0.4;0.0;0.06666666666666667;-0.06666666666666667;0.0;0.1;-0.11024643320363164;0.001467197652483756;0.003098952767685403;6.049687085150768;2.6559078744627365;3.253716385501921;-0.03598691384950927;-0.0045045045045045045;-0.04535637149028078;-0.021040974529346623;0.09523809523809523;0.15047619047619049;-0.4414179143200883;-0.5161904262405419;-0.39648165157182164;-0.5191564700401502;-0.22870771376955362;0.08003065334584242
Financials-01;2021;Italy;Financials;-0.181;2.949419;0.003952418473426;0.0045580994423184;-0.9155130848491488;-1.952069506083573;-0.0294337159851859;-0.515528524387446;1.0365;0.7934;422;76;41;0.18009478672985782;0.21292109500805154;0.5394736842105263;0.2926829268292683;0.36366599798202515;0.4342105263157895;0.13157894736842105;0.14805449545383453;0.4605263157894737;0.32894736842105265;0.0;0.039473684210526314;0.13157894736842105;0.1780821917808219;0.13690476190476192;-0.26720285969615726;0.0031461761858664087;0.0038973090009279308;5.029265120312161;2.33474833232262;2.9237549163626024;-0.13590844062947066;-0.12081513828238719;-0.14326241134751774;-0.12527154236060825;0.08840413318025259;0.11595866819747416;-1.0335792585830095;-1.2036530025627472;-0.9723628254501201;-1.127459756977952;-0.06556777739746042;-0.8406218753382684
Financials-01;2022;Italy;Financials;-0.1754;3.454219;0.0029002836680956;0.0042585432124568;-0.8818558297421732;-1.683303602432093;-0.4453171173330184;-0.7331902587462908;0.8014;0.6575;444;108;57;0.24324324324324326;0.26732287554539785;0.5277777777777778;0.40350877192982454;0.41501325368881226;0.3333333333333333;-0.018518518518518517;-0.012061083689332008;0.3888888888888889;0.4074074074074074;0.0;0.1111111111111111;-0.018518518518518517;0.08333333333333333;0.12626262626262627;-0.2785793562708102;0.0010686874574953851;0.0028117600631412786;6.318045435062151;2.25097366162783;3.3815504134594763;-0.1358994501178319;-0.11788291900561347;-0.14330218068535824;-0.12140575079872204;0.0778061224489796;0.11096938775510204;-1.0335259784377875;-1.1863219043400168;-0.9725967478209293;-1.1048984895624396;-0.11261204057416374;-0.9073524997101169
Financials-01;2023;Italy;Financials;-0.0588;3.686762;0.0022700763799179;0.0051237270941147;-0.181063696621929;-1.5594929258615189;-0.6944227920371251;-0.1045355841031409;1.3783;1.6732;420;127;55;0.30238095238095236;0.30381654047014056;0.4330708661417323;0.32727272727272727;0.3850202262401581;0.3228346456692913;-0.12598425196850394;-0.10899925231933594;0.33070866141732286;0.4566929133858268;0.007874015748031496;0.10236220472440945;-0.12698412698412698;-0.03508771929824561;0.11016949152542373;-0.1278928136419001;0.0013869042615785492;0.005642954856361149;6.285629673502628;2.324478178368121;3.568190799414212;-0.02576112412177986;-0.004784688995215311;-0.03480278422273782;-0.006369426751592357;0.0641025641025641;0.10256410256410256;-0.3808171850632515;-0.5178464773303968;-0.33440568329527953;-0.4335313897650321;-0.18375280511371167;-0.02347695787890313
Financials-01;2024;Italy;Financials;-0.0298;6.257806;0.0024007050171695;0.0047104055121955;-0.0067671969608048;-0.1906162143169177;-0.6427884561151457;-0.4048608098881102;0.1838;0.3027;1259;536;265;0.4257347100873709;0.4436861457471202;0.4944029850746269;0.5320754716981132;0.5415740013122559;0.2835820895522388;-0.0037313432835820895;-0.008928566239774227;0.2873134328358209;0.291044776119403;0.13059701492537312;0.19029850746268656;0.02575107296137339;0.09216589861751152;0.1913716814159292;-0.17407878017789072;0.0017736460658695453;0.005652689669400176;7.937047303943485;3.118555930785093;5.3119174190187;0.062246963562753034;0.09981660990306523;0.04740518962075848;0.09751633986928104;0.16831238779174149;0.2289048473967684;0.14074197429632454;0.10040721187729698;0.1491398114278401;0.17275959201140045;0.1752068360891857;-0.2943879860622848
Financials-02;2018;Italy;Financials;-0.265;3.328845;0.0023942077480024;0.0031154496632347;-1.4203719114537847;-1.7500552989542817;-0.6453566692253173;-1.5637779736906858;0.3295;-0.1297;220;15;2;0.06818181818181818;0.07025782137943411;0.13333333333333333;0.0;0.33229079842567444;0.4;-0.06666666666666667;-0.12254732102155685;0.0;0.06666666666666667;0.0;0.0;-0.06666666666666667;-0.06666666666666667;-0.25925925925925924;-0.26424870466321243;0.0008514261387824606;0.0017520805957074025;5.745341614906832;3.057217086580871;3.251303324177364;-0.22469982847341338;-0.18705035971223022;-0.23905723905723905;-0.2084063047285464;0.08226221079691516;0.15167095115681234;-1.5597804614571815;-1.5951411622299698;-1.5358258958938371;-1.6126451518141314;-1.8168369868398224;-0.8232938158125562
Financials-02;2019;Italy;Financials;-0.2114;3.190799;0.0012518151319413;0.0047792795107662;-1.0982238982870172;-1.823553828937388;-1.096916796725272;-0.3548160019799352;0.7255;1.0966;236;32;13;0.13559322033898305;0.14364091048280087;0.40625;0.46153846153846156;0.45935413241386414;0.28125;-0.125;-0.1248239055275917;0.21875;0.34375;0.0;0.0625;-0.125;-0.06666666666666667;-0.17525773195876287;-0.2233285917496444;0.0007106057914372002;0.005246969422833364;6.243870545930043;2.596826101431584;3.1260376642474266;-0.16601307189542483;-0.13783783783783785;-0.17357512953367876;-0.15384615384615385;0.08979591836734693;0.14081632653061224;-1.2119872502687612;-1.3042669233388737;-1.1506615673657663;-1.2942249435378845;-1.4455026898098946;-0.5832704776811306
Financials-02;2020;Italy;Financials;-0.0364;4.319538;0.0015703517587939;0.0044372730939895;-0.0464346761940262;-1.222589967365147;-0.97100698444818;-0.6033226341800633;1.1762;1.3601;250;53;31;0.212;0.22368313597386688;0.5849056603773585;0.6129032258064516;0.6030110120773315;0.24528301886792453;0.1320754716981132;0.14899297058582306;0.3018867924528302;0.16981132075471697;0.0;0.03773584905660377;0.1320754716981132;0.17647058823529413;0.22972972972972974;-0.11708253358925144;0.0004867956675185591;0.0036047234307022996;7.388939256572982;3.2470093335086103;4.1781310506471;0.0076103500761035;0.023183925811437404;0.0076103500761035;0.021604938271604937;0.08426966292134831;0.11235955056179775;-0.18304901980522226;-0.3525359174390013;-0.08493255984456893;-0.27026932041549767;0.3447711209752412;0.03993243470642275
Financials-02;2021;Italy;Financials;0.053;4.319429;0.0020202339052068;0.0036237135816785;0.4908793606923359;-1.2226480012072585;-0.7931794700384746;-1.1944663220798752;1.7136;1.513;512;160;115;0.3125;0.30174033422327695;0.71875;0.40869565217391307;0.424502968788147;0.46875;0.50625;0.4603828489780426;0.6125;0.10625;0.0;0.025;0.50625;0.5448717948717948;0.41644562334217505;-0.08431163287086446;0.0017477743186411054;0.002896451846488052;7.386532186294868;2.6805299640256206;4.126781535843438;0.09243697478991597;0.12244897959183673;0.08662613981762918;0.11024844720496894;0.07620528771384137;0.13063763608087092;0.31965595017018666;0.23417750156750824;0.37983657817411187;0.24706584307665574;1.1701610552661441;0.23215529099753274
Financials-02;2022;Italy;Financials;-0.2818;2.431861;0.0023922781422053;0.0061574712132663;-1.5213436767747115;-2.227628031364977;-0.6461193956536119;0.6465973099172726;0.7062;1.3526;885;148;89;0.1672316384180791;0.13011575436531292;0.6013513513513513;0.5056179775280899;0.4936675727367401;0.3581081081081081;0.2702702702702703;0.2343803346157074;0.4391891891891892;0.16891891891891891;0.006756756756756757;0.06756756756756757;0.2789115646258503;0.35507246376811596;0.08587257617728532;-0.36527952921395546;0.0023522316043425814;0.004216269841269841;6.789793957510409;1.1695511087074095;1.9376960677026336;-0.25267428992991514;-0.23691148775894538;-0.2576035177720777;-0.23805942083490034;0.06084070796460177;0.0918141592920354;-1.7255645045452366;-1.8898490357231699;-1.6449146995360766;-1.7857046330274078;-0.2911589234396499;-1.4159059577697493
Financials-02;2023;Italy;Financials;0.0096;3.804699;0.0017760515220927;0.0051509691029754;0.2300356336132742;-1.4967008411171756;-0.8896988509431044;-0.0847411605360902;1.7265;2.129;1089;260;108;0.23875114784205692;0.23642732049036777;0.4153846153846154;0.6018518518518519;0.5457131266593933;0.2153846153846154;-0.057692307692307696;-0.054344985634088516;0.29615384615384616;0.35384615384615387;0.0038461538461538464;0.1346153846153846;-0.05405405405405406;0.08888888888888889;-0.11060948081264109;-0.2612942612942613;0.0017760450508988522;0.006720608391917584;7.709923664122137;1.9757331140842616;3.386742303285309;0.06027820710973725;0.09105367793240557;0.05134099616858238;0.07607843137254902;0.09658246656760773;0.15081723625557206;0.12907460385760613;0.04861325638918361;0.17229013900950646;0.047645141663729636;-1.1597208276815676;-0.8059640650067912
Financials-02;2024;Italy;Financials;-0.1261;5.108378;0.0036122293548036;0.0059316056928947;-0.585551780318262;-0.8025953250584251;-0.1639022337430211;0.4824802727965191;0.2172;0.5404;1271;423;189;0.33280881195908735;0.34668555021703196;0.44680851063829785;0.6296296296296297;0.5793348550796509;0.2553191489361702;-0.08983451536643026;-0.0942828506231308;0.20094562647754138;0.2907801418439716;0.10401891252955082;0.18912529550827423;-0.07651715039577836;0.014577259475218658;0.04418762746430999;-0.2362378106322743;0.002718793134698772;0.005604711371589519;7.966786898738773;2.178983050847457;4.256946436176222;-0.06214933103150626;-0.032286795813849925;-0.07374254049445865;-0.038069942452412575;0.12107142857142857;0.17214285714285715;-0.5964633047070331;-0.6803997073637997;-0.5634484735561488;-0.6185397639844871;-0.4754299911749841;-0.6589915250649143
Industrials-05;2018;Netherlands;Industrials;-0.3193;4.699121;0.001098901098901;0.0093109869646182;-1.746727081508924;-1.0204921702063918;-1.157360009755002;2.9379858351511463;-0.7264;1.3213;133;0;0;0.0;0.0;;;;;;;;;;;;;;-0.3744075829383886;;;;4.140007527286413;4.140007527286413;-0.273542600896861;-0.21359223300970873;-0.2894736842105263;-0.2767857142857143;0.09554140127388536;0.20382165605095542;-1.849235624001765;-1.7520188612402545;-1.8323743178296248;-2.011716369192799;;-1.469447988071796
Industrials-05;2019;Netherlands;Industrials;-0.1832;5.630414;0.0011075640106847;0.0084779440985561;-0.9287355779268894;-0.5246526204653115;-1.1539357705796585;2.332685270692433;-0.4043;1.339;184;14;11;0.07608695652173914;0.06799598335963276;0.7857142857142857;0.2727272727272727;0.3250066936016083;0.7142857142857143;0.5;0.5368763208389282;0.5;0.0;0.0;0.0;0.5;0.5;0.4;-0.24705882352941178;0.0010548523206751054;0.005336179295624333;12.5;4.380403458213256;4.962546816479401;-0.13333333333333333;-0.06306306306306306;-0.14986376021798364;-0.11363636363636363;0.09734513274336283;0.2168141592920354;-1.0183184929878248;-0.8623051040202148;-1.0111918143689593;-1.0595553253957997;1.0974620915777844;-0.7224638728323847
Industrials-05;2020;Netherlands;Industrials;-0.2863;5.339091;0.0011898323418063;0.0083780527872084;-1.5483896853428174;-0.6797589781306443;-1.1214170921776685;2.2601028507395493;-0.8688;0.822;206;23;17;0.11165048543689321;0.11594891594891595;0.7391304347826086;0.47058823529411764;0.4485010802745819;0.4782608695652174;0.43478260869565216;0.3925289809703827;0.5652173913043478;0.13043478260869565;0.0;0.08695652173913043;0.43478260869565216;0.5714285714285714;-0.3333333333333333;-0.2967032967032967;0.0;0.007708119218910586;9.870848708487085;4.08995428147782;4.772801569140242;-0.22325581395348837;-0.16708229426433915;-0.24604966139954854;-0.19904076738609114;0.12624584717607973;0.22259136212624583;-1.5512228502315548;-1.4771184391899383;-1.57695517037592;-1.5579866455055287;-2.144286321493486;-1.0136613139572574
Industrials-05;2021;Netherlands;Industrials;-0.0312;6.536231;0.0009588647041902;0.0054114664586583;-0.0151815107375487;-0.0423770171612856;-1.2127130043045462;0.1045398511124827;0.0273;0.6859;235;58;38;0.24680851063829787;0.22887056525984595;0.6551724137931034;0.47368421052631576;0.5006626844406128;0.41379310344827586;0.25862068965517243;0.27136558294296265;0.3620689655172414;0.10344827586206896;0.0;0.06896551724137931;0.25862068965517243;0.35185185185185186;0.018867924528301886;-0.09309309309309309;0.0011851149561507466;0.004596032897919691;9.97340425531915;4.289750834831749;5.566620195180243;0.030973451327433628;0.10952380952380952;0.0064794816414686825;0.05429864253393665;0.11693548387096774;0.24596774193548387;-0.04459311456666415;0.15778233093042507;-0.0915843031138201;-0.07946456727297535;-0.5873574095553117;0.18064625922482785
Industrials-05;2022;Netherlands;Industrials;0.0665;6.027018;0.0024790236460717;0.0055482268953208;0.5720173863966524;-0.3134924927874363;-0.6118309993218825;0.2039118917119722;0.8852;1.2931;296;68;50;0.22972972972972974;0.23657791357485813;0.7352941176470589;0.46;0.44973990321159363;0.4411764705882353;0.3088235294117647;0.3130428194999695;0.4264705882352941;0.11764705882352941;0.04411764705882353;0.10294117647058823;0.3384615384615385;0.4262295081967213;0.2682926829268293;-0.0024096385542168677;0.002952029520295203;0.0031942878617061254;8.096054888507718;4.255542713039824;5.156048906048906;0.12286689419795221;0.18558558558558558;0.10033444816053512;0.13644214162348878;0.1076388888888889;0.2152777777777778;0.4999916852531374;0.6073510662442416;0.46046854645624863;0.3999356848453869;0.5152412014252946;0.712564280020254
Industrials-05;2023;Netherlands;Industrials;0.1072;7.489515;0.0023018836145187;0.005348358311406;0.8166335083348508;0.4651709933309826;-0.6818501627065447;0.0586845911852839;0.3514;0.7216;435;106;58;0.24367816091954023;0.2475156603587944;0.5471698113207547;0.46551724137931033;0.4676658809185028;0.33962264150943394;0.3018867924528302;0.2608446180820465;0.37735849056603776;0.07547169811320754;0.04716981132075472;0.0660377358490566;0.31683168316831684;0.3434343434343434;0.5167785234899329;0.02113821138211382;0.002915065588975752;0.003943968448252414;9.764229578471063;4.034721105931522;5.4804398774112135;0.16336633663366337;0.23036649214659685;0.1491442542787286;0.17206982543640897;0.10817941952506596;0.22427440633245382;0.7400020718782443;0.8720319160904125;0.7475667529111766;0.6078635280906187;1.6136892641290972;0.850687885873304
Industrials-05;2024;Netherlands;Industrials;0.1091;7.762817;0.0025485690411531;0.004619395794366;0.8280529341747177;0.6106825999073628;-0.5843413893327349;-0.4709897401241268;0.2175;0.2742;910;333;134;0.3659340659340659;0.3555902388268383;0.4024024024024024;0.5522388059701493;0.5627056360244751;0.2072072072072072;0.0990990990990991;0.07699598371982574;0.1921921921921922;0.09309309309309309;0.13813813813813813;0.16516516516516516;0.1254355400696864;0.15827338129496402;0.38461538461538464;0.03747244673034533;0.0026975128017556692;0.004710601184646238;9.844303484636296;4.305014884359973;6.284217342673809;0.22442244224422442;0.2793103448275862;0.19228709159078736;0.2435754189944134;0.21140939597315436;0.2986577181208054;1.1018366708773797;1.1613181659053944;1.0013319734423833;1.025179565994104;1.0294533836112543;0.9464989043420946
Consumer Staples-05;2018;Netherlands;Consumer Staples;-0.0307;7.903038;0.0111218719735074;0.0046344146967625;-0.0121763986744259;0.6853391446298548;2.804477577808217;-0.4600767961826584;-0.6978;-2.3301;402;145;55;0.36069651741293535;0.35406523410330565;0.3793103448275862;0.5818181818181818;0.5690321922302246;0.35172413793103446;0.0896551724137931;0.09777521342039108;0.1724137931034483;0.08275862068965517;0.0;0.0;0.0896551724137931;0.0896551724137931;0.06611570247933884;-0.14606741573033707;0.024090157154673282;0.004118891239007013;10.878585603463828;4.7829286239882265;7.027098831030819;0.010687022900763359;0.06602254428341385;0.0030303030303030303;0.023183925811437404;0.07954545454545454;0.17613636363636365;-0.16481584448835804;-0.09933510454454819;-0.11187229587106338;-0.2610541416968239;-0.37849548792724197;-0.13008293601222812
Consumer Staples-05;2019;Netherlands;Consumer Staples;-0.021;6.835574;0.0101590632675935;0.0043517862564517;0.0461227753501569;0.1169993534741044;2.4239026197000366;-0.6654385625715814;-0.071;-1.6157;533;154;86;0.28893058161350843;0.2926441351888668;0.5584415584415584;0.38372093023255816;0.42308053374290466;0.474025974025974;0.18831168831168832;0.208174467086792;0.2727272727272727;0.08441558441558442;0.0;0.0;0.18831168831168832;0.18831168831168832;0.08860759493670886;-0.12015503875968993;0.016983695652173912;0.0027043894320782193;10.287782181630192;4.162004922801522;6.0124934929724105;0.02444987775061125;0.08408796895213454;0.014527845036319613;0.043586550435865505;0.08695652173913043;0.18993135011441648;-0.0832535336288748;0.00744191989184571;-0.04424400657660619;-0.14198174403618918;-0.27906859245362975;0.02191017389320334
Consumer Staples-05;2020;Netherlands;Consumer Staples;0.0764;7.357799;0.0087414898539229;0.0043268228261625;0.6315186052464845;0.3950426855549163;1.8635701889594245;-0.6835773391706153;0.2362;-1.0374;782;279;144;0.3567774936061381;0.346234171856479;0.5161290322580645;0.3958333333333333;0.4007297158241272;0.45161290322580644;0.13620071684587814;0.15566924214363098;0.24731182795698925;0.1111111111111111;0.0;0.010752688172043012;0.13620071684587814;0.14855072463768115;0.1352549889135255;0.0475;0.009618519726116726;0.0033067274800456102;10.82199881726789;4.082734784252309;6.4682691972229005;0.11692307692307692;0.16253002401921537;0.10586443259710586;0.13172252533125486;0.07865168539325842;0.16051364365971107;0.4647670550761577;0.471079469760292;0.4929957933299325;0.3723913841341131;-0.07286070781964475;1.0053170902585649
Consumer Staples-05;2021;Netherlands;Consumer Staples;0.0262;7.946955;0.0063779972550391;0.0049612186430018;0.3298053541089523;0.7087214587951919;0.929338818507301;-0.2226164910952724;-0.3786;-0.9546;947;403;182;0.42555438225976766;0.4251883745963401;0.45161290322580644;0.4175824175824176;0.45131248235702515;0.41687344913151364;0.11910669975186104;0.12147675454616547;0.2506203473945409;0.1315136476426799;0.0;0.03722084367245657;0.11910669975186104;0.15463917525773196;0.09929078014184398;-0.010428736964078795;0.006090625573289305;0.0048591602763647405;11.09478324761205;3.9520835466366337;7.051152006955514;0.07040417209908735;0.1269732326698696;0.05594855305466238;0.09906291834002677;0.08472400513478819;0.18356867779204109;0.18908374536379188;0.2609184329504269;0.19939168731169385;0.1817856271452098;-0.23184286697368445;0.6655270009881801
Consumer Staples-05;2022;Netherlands;Consumer Staples;-0.0396;8.883316;0.0072507110335314;0.0042954453029686;-0.0656673933980123;1.207259315984184;1.2743014342897228;-0.7063766851278245;-1.2729;-2.2633;1071;561;264;0.5238095238095238;0.4996617293546948;0.47058823529411764;0.375;0.4232828915119171;0.4117647058823529;0.06060606060606061;0.0776597410440445;0.22103386809269163;0.16042780748663102;0.0035650623885918;0.040998217468805706;0.06082289803220036;0.10037174721189591;-0.00398406374501992;-0.031133250311332503;0.005099101175386034;0.0049780904402778195;10.90566235398879;4.859883191341156;7.917041902844732;0.009248554913294798;0.05818181818181818;-0.0056947608200455585;0.03374777975133215;0.09312169312169312;0.17777777777777778;-0.17334058549851425;-0.1456782942509455;-0.16319292960957985;-0.199402102299208;-0.6883761323560811;0.5440814317031863
Consumer Staples-05;2023;Netherlands;Consumer Staples;-0.0509;9.316911;0.006931074316519;0.0044121154304793;-0.1335829260245883;1.438114212960735;1.147956783021356;-0.621602543346244;-1.5716;-2.4564;1232;689;339;0.5592532467532467;0.5400711497603636;0.49201741654571846;0.4365781710914454;0.4552447497844696;0.40783744557329465;0.1204644412191582;0.11440916359424591;0.24528301886792453;0.12481857764876633;0.013062409288824383;0.03918722786647315;0.12205882352941176;0.14652567975830816;0.046632124352331605;-0.029443838604143947;0.005397740268057271;0.004796899737706467;11.240422447711742;4.784403441587507;8.306969176534395;0.005676442762535478;0.05876494023904383;-0.0065420560747663555;0.035557720409157334;0.1070518266779949;0.19711129991503823;-0.1945098650443484;-0.1422317083391518;-0.16817670166921603;-0.1888390508429421;-0.46462393130111806;0.5539909409534225
Consumer Staples-05;2024;Netherlands;Consumer Staples;-0.174;10.338143;0.0057623878060438;0.0052598725880776;-0.8734415159654292;1.9818391363319872;0.6860033160099537;-0.0056103694454928;-2.8555;-3.2013;1443;832;319;0.5765765765765766;0.549808214261681;0.38341346153846156;0.48589341692789967;0.4902498126029968;0.31490384615384615;-0.03485576923076923;-0.03782772645354271;0.14783653846153846;0.18269230769230768;0.0673076923076923;0.11298076923076923;-0.02190721649484536;0.02168021680216802;-0.041407867494824016;-0.23062200956937798;0.004222593937415854;0.006300893847731887;11.117597694019777;5.4436035378863865;8.595285867736772;-0.08594094314676069;-0.024459078080903106;-0.10757314974182444;-0.0437989857076994;0.16417910447761194;0.26119402985074625;-0.7374586784404178;-0.6341334045793855;-0.7624393733494564;-0.6519752130635101;-0.8538105274701967;-0.6260511634328365
Technology-02;2018;Netherlands;Technology;0.0661;5.535995;0.0004551143474798;0.0058435328662383;0.5696132967461542;-0.5749232382483327;-1.411833317326723;0.4184853286460526;1.1448;2.06;386;49;29;0.12694300518134716;0.13484177215189874;0.5918367346938775;0.6206896551724138;0.5384182333946228;0.2857142857142857;0.14285714285714285;0.11556316167116165;0.30612244897959184;0.16326530612244897;0.0;0.0;0.14285714285714285;0.14285714285714285;0.07913669064748201;0.04609929078014184;0.0007040600797934757;0.0067178502879078695;8.001768346595933;4.328697133125178;4.836737189678366;0.14965034965034965;0.20527859237536658;0.09893048128342247;0.16761363636363635;0.15555555555555556;0.24722222222222223;0.6587175123676844;0.7237480348059238;0.4522104441526845;0.5818566232393254;-0.3209353501126539;0.9971010107132334
Technology-02;2019;Netherlands;Technology;0.1059;6.413817;0.0027041422542713;0.0052097499738466;0.8088202169707315;-0.1075527487967694;-0.5228470668348812;-0.0420301599774942;0.9163;1.1567;569;157;100;0.2759226713532513;0.25750840535234787;0.6369426751592356;0.56;0.5018744468688965;0.33121019108280253;0.22929936305732485;0.21551859378814697;0.3503184713375796;0.12101910828025478;0.0;0.006369426751592357;0.22929936305732485;0.23717948717948717;0.21301775147928995;0.06594885598923284;0.0028040658955485456;0.004839143292409714;9.540924685508903;4.105420303169499;5.518970132132387;0.17605004468275245;0.22304832713754646;0.15135608048993876;0.21626617375231053;0.13345864661654136;0.21428571428571427;0.8151690739310319;0.8287773622490127;0.7605766660563088;0.8657992230657678;0.2708947178307256;1.1135317476470923
Technology-02;2020;Netherlands;Technology;0.1514;6.627504;0.0034987434090573;0.0052200855420469;1.0822854147149092;0.0062186055090422;-0.2087604789821619;-0.0345201919788212;1.0763;1.1634;771;208;117;0.2697795071335927;0.2537649774650984;0.5625;0.5811965811965812;0.5387740731239319;0.3317307692307692;0.20192307692307693;0.19153884053230286;0.3317307692307692;0.12980769230769232;0.0;0.004807692307692308;0.20192307692307693;0.20772946859903382;0.25824175824175827;0.10408163265306122;0.003898635477582846;0.004665284360189573;9.747387911651897;4.222569380628561;5.647058823529412;0.21701514059120403;0.262528047868362;0.192090395480226;0.2578241430700447;0.1270096463022508;0.20739549839228297;1.0579390459554479;1.0621251623987238;1.0001750112446217;1.1083369915960464;0.47081042531475664;1.3372055279811002
Technology-02;2021;Netherlands;Technology;0.1251;7.132159;0.0043668768688752;0.0054470897851765;0.9242165201946482;0.2749073081778959;0.1343916477831646;0.1304242569790231;0.6492;0.6472;805;225;108;0.2795031055900621;0.27968368033338253;0.48;0.5092592592592593;0.5143824815750122;0.3422222222222222;0.19555555555555557;0.18361477553844452;0.29333333333333333;0.09777777777777778;0.0;0.0;0.19555555555555557;0.19555555555555557;0.23809523809523808;0.0637065637065637;0.0041649557106822315;0.004971806220820954;10.224253374428738;4.758443779392903;6.326412390621665;0.1934640522875817;0.2288021534320323;0.16677316293929711;0.24897400820793433;0.13098591549295774;0.19295774647887323;0.9183690798215384;0.8627857767820427;0.851259606063495;1.0566864418726676;0.3817514029776336;1.1003792306956024
Technology-02;2022;Netherlands;Technology;0.105;8.341268;0.0041805905084093;0.0051060208495851;0.8034110152571103;0.9186618109475804;0.0607571621423624;-0.1174011883173613;-0.1153;-0.2044;828;267;122;0.322463768115942;0.29774713093375066;0.45692883895131087;0.4672131147540984;0.4777367115020752;0.3895131086142322;0.17228464419475656;0.16220836341381073;0.250936329588015;0.07865168539325842;0.0;0.0;0.17228464419475656;0.17228464419475656;0.3135802469135803;-0.012252591894439209;0.004544210238160416;0.0050019670656999944;11.107760353839968;5.278797413039679;7.044956140350878;0.19330855018587362;0.2530904359141184;0.15467625899280577;0.23145780051150894;0.16538461538461538;0.2641025641025641;0.9174475333184916;1.0063434611246715;0.7801058830127354;0.9544595526008911;0.7154378678151768;0.6548288939331672
Technology-02;2023;Netherlands;Technology;0.1414;9.354584;0.0047782113562156;0.0050941956687599;1.0221831734524525;1.458172093088037;0.2969822063504812;-0.1259935296240877;-0.4358;-0.6473;1020;383;192;0.37549019607843137;0.36786803437759913;0.5013054830287206;0.5104166666666666;0.5083601474761963;0.412532637075718;0.23237597911227154;0.21394184231758118;0.30548302872062666;0.0731070496083551;0.005221932114882507;0.005221932114882507;0.2335958005249344;0.2335958005249344;0.3493975903614458;-0.04632152588555858;0.005463863139648806;0.004699211619868733;11.790949649458254;5.322407085506167;7.708382310686206;0.21878025169409487;0.2691532258064516;0.18661639962299717;0.24962779156327544;0.14783526927138332;0.23442449841605068;1.0683995602924934;1.101283765064495;0.9679770879636622;1.06050200742387;0.8737707991095587;0.4549922199630844
Technology-02;2024;Netherlands;Technology;0.1945;10.667143;0.0046615976884062;0.0047838745800671;1.341326074556097;2.157005503806901;0.2508876483465796;-0.3514771605410214;-0.8159;-1.1171;1354;681;320;0.5029542097488922;0.4909590068138217;0.4698972099853157;0.446875;0.44572192430496216;0.36270190895741555;0.08663729809104258;0.07893963158130646;0.21145374449339208;0.12481644640234948;0.10425844346549193;0.12041116005873716;0.12131147540983607;0.13856427378964942;0.35239852398523985;-0.017543859649122806;0.004940600507534415;0.005044107146970081;11.831888583049176;6.220288453790992;8.998637186502044;0.2969208211143695;0.3488372093023256;0.26628489620615603;0.3452471482889734;0.1961441743503772;0.28415758591785417;1.5314812016616828;1.5722618244765172;1.4365854332744183;1.6185491350696126;0.8870366243086495;0.6237921333037697
Financials-09;2018;Netherlands;Financials;-0.0947;5.232504;0.0015004006751803;0.0066834914280741;-0.3968307427541483;-0.7365080894073882;-0.998656953286614;1.0288109341032077;0.34;1.3537;525;110;61;0.20952380952380953;0.21685192353776106;0.5545454545454546;0.6229508196721312;0.5530343055725098;0.2636363636363636;0.08181818181818182;0.07270115613937378;0.3;0.21818181818181817;0.0;0.02727272727272727;0.08181818181818182;0.11214953271028037;0.13553113553113552;-0.16847826086956522;0.0008500510030601836;0.004998684556695606;8.934439054920983;3.5198595567259163;4.705922676172197;-0.051042415528396834;-0.020771513353115726;-0.0794979079497908;-0.027266028002947678;0.08395989974937343;0.13784461152882205;-0.5306407915120592;-0.6123377813781502;-0.5973014183909167;-0.5554866999155684;-0.07163998346590071;-0.2615372619576582
Financials-09;2019;Netherlands;Financials;-0.1231;5.520255;0.0017046357424555;0.0064583024737075;-0.5675211079395251;-0.5833035380174973;-0.9179277786384517;0.8651854992774219;0.0157;0.9072;663;130;79;0.19607843137254902;0.2097025157523378;0.6076923076923076;0.5316455696202531;0.5060324668884277;0.3153846153846154;0.05384615384615385;0.05187347158789635;0.2692307692307692;0.2153846153846154;0.0;0.05384615384615385;0.05384615384615385;0.10569105691056911;0.024242424242424242;-0.15574963609898107;0.0003673229503379371;0.004428764449782315;9.148994018488308;4.036137941165669;5.123608500795142;-0.08007013442431327;-0.04082876294942109;-0.10211066742726754;-0.060859188544152745;0.08333333333333333;0.1527777777777778;-0.7026667162173974;-0.7308876339027747;-0.7303091724733566;-0.7515407980657978;-0.5635990787562551;-0.1868755176533079
Financials-09;2020;Netherlands;Financials;-0.1859;4.960272;0.0039022944503445;0.0073129144300599;-0.9449631830677528;-0.8814500059740473;-0.0492465280913482;1.486158465552937;-0.0632;0.7045;642;135;77;0.2102803738317757;0.21443422996953093;0.5703703703703704;0.6493506493506493;0.6168859601020813;0.24444444444444444;-0.022222222222222223;-0.02503211796283722;0.1925925925925926;0.21481481481481482;0.0;0.05185185185185185;-0.022222222222222223;0.03125;0.0746987951807229;-0.24867099822799762;0.0017685083546773997;0.004636498516320474;9.039802113784576;3.454328882201743;4.672026669281302;-0.13570741097208855;-0.1011011011011011;-0.1575984990619137;-0.12090063631913853;0.09785932721712538;0.15902140672782875;-1.032387903767002;-1.0871317323215404;-1.0566873781930053;-1.1019505751012237;-0.3405533600036665;-0.7319203362987231
Financials-09;2021;Netherlands;Financials;-0.2263;5.423154;0.0034184733847429;0.0078525845195214;-1.1877762377680774;-0.635002107768809;-0.2404892751107652;1.878290279029294;-0.5526;0.5068;668;184;100;0.2754491017964072;0.3163488221054496;0.5434782608695652;0.7;0.6295085549354553;0.19021739130434784;-0.11956521739130435;-0.1323235034942627;0.24456521739130435;0.3641304347826087;0.0;0.09239130434782608;-0.11956521739130435;-0.029940119760479042;-0.10179640718562874;-0.2586696986924389;0.0019783501306457636;0.005955542068128367;9.513181754777516;3.3551607883817427;5.309166556012925;-0.18135593220338983;-0.14626601855943439;-0.20198265179677818;-0.16831683168316833;0.08948399738732854;0.15284128020901372;-1.3029130905515058;-1.3540823068887797;-1.3177539887495973;-1.3786777204499736;-1.1207620538934115;-0.7905692815624024
Financials-09;2022;Netherlands;Financials;-0.2762;6.056314;0.0021639880716755;0.0078040146425841;-1.487686421667736;-0.2978946997736211;-0.7363569303733809;1.842998729070065;-1.1898;0.0999;903;280;133;0.31007751937984496;0.33360790774299837;0.475;0.6015037593984962;0.5794790983200073;0.21785714285714286;-0.1;-0.08622268587350845;0.21428571428571427;0.3142857142857143;0.0035714285714285713;0.075;-0.1003584229390681;-0.03088803088803089;-0.14754098360655737;-0.30987821380243574;0.0006811409110259685;0.005787336961216204;9.974103429333752;3.611621039189081;5.756461469273299;-0.23523622047244094;-0.19356512714063312;-0.2543186180422265;-0.22105263157894736;0.08394160583941605;0.16058394160583941;-1.6222219017642814;-1.6336471754378654;-1.6255929915468899;-1.6864507766980188;-1.3229789739195428;-1.0909408558886196
Financials-09;2023;Netherlands;Financials;-0.2254;7.175913;0.0007550889851394;0.0070732255406576;-1.1823670360544565;0.2982028377903504;-1.293260609726968;1.3119971757077589;-1.4805;-0.1779;1102;392;196;0.35571687840290384;0.377453055806662;0.5;0.6479591836734694;0.6162341237068176;0.2193877551020408;0.02295918367346939;0.005034971982240677;0.2653061224489796;0.2423469387755102;0.01020408163265306;0.05612244897959184;0.023195876288659795;0.07297297297297298;0.02880658436213992;-0.3292002479851209;0.00027284302431334506;0.005263643919106104;9.954676099933671;4.05535997791123;6.323035737050099;-0.17536355859709152;-0.13581353653070372;-0.19161425576519917;-0.15401491882404564;0.09901639344262295;0.16918032786885245;-1.2674007027369627;-1.2923021412148898;-1.256767311251381;-1.2952098781200099;-0.5434229076311304;-1.204277276875861
Financials-09;2024;Netherlands;Financials;-0.3615;8.615126;0.0025452739495202;0.0081162479641138;-2.000358539636491;1.0644694433607875;-0.5856438592340303;2.0698718150351354;-3.0651;-1.7373;1231;541;194;0.4394800974817222;0.4628454758229172;0.3585951940850277;0.5824742268041238;0.5649921298027039;0.2144177449168207;-0.14048059149722736;-0.14220520853996277;0.1423290203327172;0.2828096118299446;0.08687615526802218;0.18853974121996303;-0.13157894736842105;-0.03189066059225513;-0.23336853220696938;-0.44946957007258515;0.00036581167154415564;0.007797783326762168;10.365619479222676;4.800784945859761;7.455794777828677;-0.277947932618683;-0.2392093586123437;-0.29416167664670656;-0.243785084202085;0.17006464445549477;0.2362008950770761;-1.8753427826730171;-1.9034307708201488;-1.859948986269046;-1.819120356635441;-1.7023853186557014;-1.90973584252574
Consumer Discretionary-09;2020;Netherlands;Consumer Discretionary;-0.4152;4.892206;0.0006247911308719;0.0081461551039824;-2.323107575215883;-0.9176897444802709;-1.3447641951482936;2.0916027599616265;-1.4055;0.3127;726;241;116;0.3319559228650138;0.3451285828462177;0.48132780082987553;0.29310344827586204;0.3703943192958832;0.49377593360995853;-0.08298755186721991;-0.08118213713169098;0.1991701244813278;0.2821576763485477;0.0;0.0;-0.08298755186721991;-0.08298755186721991;-0.43543543543543545;-0.42507645259938837;0.0002724424465331699;0.00832635594008745;5.854289641788632;3.8566366857454346;4.575201419388616;-0.35767326732673266;-0.3075383589059373;-0.38797169811320753;-0.34011443102352196;0.1265923566878981;0.2197452229299363;-2.3478161614724864;-2.3072943648321944;-2.4117374700280862;-2.3813110797533916;-2.595635404394482;-1.7666541874062751
Consumer Discretionary-09;2021;Netherlands;Consumer Discretionary;-0.3656;5.525744;0.0006499573465491;0.0079839767939774;-2.025000458554098;-0.5803810815096859;-1.3348165997243455;1.9737617381028407;-1.4445;0.2098;813;291;153;0.35793357933579334;0.3539686081975749;0.5257731958762887;0.41830065359477125;0.4816557765007019;0.38831615120274915;-0.054982817869415807;-0.051615241914987564;0.17525773195876287;0.23024054982817868;0.003436426116838488;0.003436426116838488;-0.05517241379310345;-0.05517241379310345;-0.4342629482071713;-0.3681159420289855;0.0005043712172158709;0.009152629769680303;6.8625977149729405;4.126565589980224;5.136027066751712;-0.31500824628916985;-0.25833333333333336;-0.3438651922064244;-0.288;0.1081282624906786;0.2117822520507084;-2.0949719843989665;-2.016464433385508;-2.1523039720099266;-2.077164413874885;-2.5904523471968846;-1.4325433818555595
Consumer Discretionary-09;2022;Netherlands;Consumer Discretionary;-0.3169;5.803301;0.0009746826189721;0.0077858216090697;-1.7323025436059347;-0.4326040254086684;-1.2064605657687018;1.8297794171905648;-1.2996;0.2186;891;320;167;0.35914702581369246;0.35936399588276724;0.521875;0.3532934131736527;0.4209253787994385;0.409375;-0.003125;0.001472127391025424;0.221875;0.225;0.003125;0.003125;-0.003134796238244514;-0.003134796238244514;-0.3218884120171674;-0.35304659498207885;0.00045224994346875706;0.008185067056065788;7.54235009411132;3.9898337905438113;5.322206534893102;-0.26578249336870025;-0.21675155631013016;-0.29423763386027535;-0.2412280701754386;0.10569715142428786;0.19415292353823088;-1.8032471783325978;-1.770692274538734;-1.8603957649292624;-1.804197286853521;-2.0936932912465682;-1.3441517640391731
Consumer Discretionary-09;2023;Netherlands;Consumer Discretionary;-0.268;6.074313;0.0011531989503536;0.0078301659850853;-1.4384025838325216;-0.288311661937205;-1.1358973844017255;1.8620006592494447;-1.1501;0.3488;935;340;179;0.36363636363636365;0.3630897921840282;0.5264705882352941;0.3743016759776536;0.416662335395813;0.40294117647058825;0.05588235294117647;0.058815810829401016;0.25588235294117645;0.2;0.0029411764705882353;0.0029411764705882353;0.05604719764011799;0.05604719764011799;-0.21739130434782608;-0.3327495621716287;0.0008639308855291577;0.007857824777851215;8.269145076071043;4.121212121212121;5.699544617769596;-0.2111801242236025;-0.1617161716171617;-0.2451708766716196;-0.1872;0.11363636363636363;0.2;-1.4796591252386617;-1.445401575649031;-1.5717861779272009;-1.4888823714840562;-1.6317569281225346;-1.225096335731399
Consumer Discretionary-09;2024;Netherlands;Consumer Discretionary;-0.2419;7.469993;0.0013148116389412;0.0077448392093444;-1.2815357341375098;0.4547770789667111;-1.0720158035526768;1.8000010339917747;-1.7363;-0.3003;1193;500;233;0.4191114836546521;0.42943878698319893;0.466;0.4892703862660944;0.4838574230670929;0.308;-0.024;-0.04656499624252319;0.19;0.214;0.07;0.086;-0.01935483870967742;-0.006564551422319475;-0.13675213675213677;-0.3112761647535449;0.001047277079593058;0.007934287821376802;8.995771218657895;4.987057808455566;6.778528614515328;-0.12929623567921442;-0.06338028169014084;-0.1755133669120496;-0.10135135135135136;0.2082616179001721;0.30694205393000573;-0.9943935866055581;-0.8641800481035282;-1.162062237011261;-0.9878583797824719;-1.2752861641433788;-1.0991407563761368
Consumer Discretionary-09;2018;Netherlands;Consumer Discretionary;-0.0701;6.709803;0.0043897613453691;0.0036749176311565;-0.2489792292485049;0.0500362859856926;0.143437326981406;-1.1572607456151984;-0.2991;-0.9495;605;254;110;0.41983471074380163;0.42936317899324705;0.4330708661417323;0.4818181818181818;0.49107158184051514;0.4251968503937008;0.1062992125984252;0.11661240458488464;0.25984251968503935;0.15354330708661418;0.0;0.0;0.1062992125984252;0.1062992125984252;0.03180212014134275;-0.21063394683026584;0.0062660567704743405;0.0036608863198458576;7.804217886545619;3.936104492101315;5.634221210020794;-0.013729977116704805;0.05121951219512195;-0.02378255945639864;0.02986857825567503;0.10685483870967742;0.2157258064516129;-0.3095174320156548;-0.18682951710386284;-0.2695849635103091;-0.22204163184990966;-0.530180943960409;-0.5088080475217046
Consumer Discretionary-09;2019;Netherlands;Consumer Discretionary;-0.0731;5.86109;0.0047141440577401;0.0040186868940573;-0.267009901627242;-0.4018359730986144;0.2716579552467471;-0.9074732048358742;0.1347;-0.4549;766;285;140;0.3720626631853786;0.38336402701043587;0.49122807017543857;0.44285714285714284;0.4698159694671631;0.43157894736842106;0.15087719298245614;0.14497590065002441;0.30526315789473685;0.1543859649122807;0.0;0.0035087719298245615;0.15087719298245614;0.15492957746478872;0.08539944903581267;-0.23823975720789076;0.0057646116893514815;0.0033940986478348937;7.357314148681055;3.2928064842958458;4.909028492962582;-0.025064822817631807;0.021739130434782608;-0.036720751494449186;0.00804289544235925;0.09188361408882083;0.17304747320061256;-0.3766907197302675;-0.36107548703493614;-0.3456871246190617;-0.34941918405220945;-0.29325041320335427;-0.6707342565880453
Industrials-06;2018;Netherlands;Industrials;0.0789;7.964919;0.0032369217917928;0.0051139995738333;0.6465441655620986;0.7182858619116641;-0.3122522218488419;-0.1116037360038383;-0.0715;0.0289;76;14;7;0.18421052631578946;0.1289029535864979;0.5;0.8571428571428571;0.7132275104522705;0.14285714285714285;0.35714285714285715;0.3270801603794098;0.35714285714285715;0.0;0.0;0.0;0.35714285714285715;0.35714285714285715;0.7894736842105263;-0.25;0.0032733224222585926;0.0016556291390728477;11.370262390670554;5.42317173377157;6.157724162765574;0.21782178217821782;0.29473684210526313;0.16587677725118483;0.1941747572815534;0.24761904761904763;0.3619047619047619;1.0627194169315273;1.2524976154335588;0.8459870851539522;0.7368708143284325;2.819156224835732;-0.7397158045656941
Industrials-06;2019;Netherlands;Industrials;0.0929;8.459215;0.0023740437879187;0.0042422601317808;0.7306873033295379;0.9814592198976224;-0.6533269941891457;-0.7450217722564272;-0.251;-0.2969;76;8;4;0.10526315789473684;0.07639039169011036;0.5;0.5;0.5334117412567139;0.25;0.625;0.49553585052490234;0.625;0.0;0.0;0.0;0.625;0.625;1.0;-0.043478260869565216;0.0028328611898017;0.0;6.698564593301436;5.865921787709497;5.930018416206261;0.24390243902439024;0.31896551724137934;0.18146718146718147;0.21912350597609562;0.2677165354330709;0.3779527559055118;1.2172802739858712;1.3957029861630879;0.9376894999818529;0.8824749892998692;3.74980170227246;0.47166983670799684
Industrials-06;2020;Netherlands;Industrials;0.0969;7.73957;0.0049087549087549;0.0059364796675571;0.7547281998345204;0.5983054189204648;0.3485829103467755;0.486021770760793;0.1567;0.2254;157;23;9;0.1464968152866242;0.10819106080951467;0.391304347826087;0.7777777777777778;0.622342050075531;0.13043478260869565;0.043478260869565216;0.04110860452055931;0.13043478260869565;0.08695652173913043;0.0;0.0;0.043478260869565216;0.043478260869565216;-0.5;0.030042918454935622;0.004432624113475178;0.005420054200542005;10.12461059190031;5.122494432071269;5.655058043117744;0.1878453038674033;0.22507122507122507;0.15902964959568733;0.1780821917808219;0.1694915254237288;0.23163841807909605;0.885070893486827;0.8407338496307193;0.8057124308252489;0.6429524879387648;-2.88104732446423;0.9029198413719538
Industrials-06;2021;Netherlands;Industrials;-0.0051;6.165502;0.0054117468967605;0.0054127725856697;0.141685338957463;-0.2397607625947431;0.5474034585908658;0.105488901214807;0.3812;0.1602;298;56;29;0.18791946308724833;0.20627485638532922;0.5178571428571429;0.6206896551724138;0.5779484510421753;0.2857142857142857;0.19642857142857142;0.19020865857601166;0.2857142857142857;0.08928571428571429;0.0;0.0;0.19642857142857142;0.19642857142857142;0.26666666666666666;-0.058823529411764705;0.004284490145672665;0.00436871996505024;8.090976882923192;4.624962941002075;5.351144441840481;0.07606679035250463;0.1485148514851485;0.050724637681159424;0.06813996316758748;0.15017064846416384;0.26621160409556316;0.22264191591071944;0.3882417591837208;0.16866473193774095;0.0013151983197868746;0.5080532892011896;0.3816597580994254
Industrials-06;2022;Netherlands;Industrials;0.0285;7.608377;0.0052130629267144;0.0046654132720562;0.3436288695993172;0.5284555671024211;0.4688684982060963;-0.43755279905466;-0.185;-0.6382;360;101;53;0.28055555555555556;0.29461950179081653;0.5247524752475248;0.6415094339622641;0.599305272102356;0.26732673267326734;0.039603960396039604;0.03480346500873566;0.18811881188118812;0.1485148514851485;0.009900990099009901;0.039603960396039604;0.05;0.08247422680412371;0.2765957446808511;-0.07605633802816901;0.004097800846878842;0.0028093833403567917;9.499637418419145;5.389530090684254;6.618018929268117;0.10830324909747292;0.1785028790786948;0.08672566371681416;0.11030741410488246;0.1482758620689655;0.2620689655172414;0.41368367998157063;0.5654882072397963;0.38042197556098567;0.24740998165120512;0.5519454340590213;0.28057801723947096
Industrials-06;2023;Netherlands;Industrials;-0.0021;8.336147;0.0069070373588184;0.0050788921243312;0.1597160113362;0.9159352852094684;1.138455555920084;-0.1371132984358094;-0.7563;-1.3941;551;184;67;0.3339382940108893;0.35441336307991533;0.3641304347826087;0.4925373134328358;0.4956132173538208;0.375;0.08152173913043478;0.058590732514858246;0.15760869565217392;0.07608695652173914;0.08695652173913043;0.10326086956521739;0.1130952380952381;0.13333333333333333;0.20202020202020202;-0.038112522686025406;0.0045194092486482125;0.005037159372419488;9.615659379911415;4.786311307364769;6.503734566333011;0.12980769230769232;0.18686868686868688;0.10328638497652583;0.15337423312883436;0.2330508474576271;0.3177966101694915;0.5411246870333453;0.614934930978808;0.47783177390662984;0.4987535952889693;0.2222793244125377;0.5031434153140188
Industrials-06;2024;Netherlands;Industrials;0.0769;8.068182;0.0061434628363762;0.0056684071239539;0.6345237173096073;0.7732652072142845;0.8366330442352996;0.2912365219224761;-0.1386;-0.4113;705;246;81;0.34893617021276596;0.3691470054446461;0.32926829268292684;0.5679012345679012;0.5563943982124329;0.2845528455284553;-0.012195121951219513;-0.040376387536525726;0.09349593495934959;0.10569105691056911;0.16666666666666666;0.17479674796747968;0.02926829268292683;0.03940886699507389;0.271523178807947;0.01950585175552666;0.004916420845624385;0.005991576199798303;10.865374860505224;4.421202757309247;6.801573917931422;0.21903052064631956;0.27511737089201876;0.18914185639229422;0.242451967063129;0.25257731958762886;0.33676975945017185;1.069882720167572;1.136535284318645;0.9828317691559807;1.0186229529319624;0.5295218217380855;0.8411130245469927
