word;neg_rate_2018_2023;neg_rate_2023;neg_rate_2024;cambio_2023_2024;cambio_2024_vs_2018_2023;cuota_del_cambio_total;lista_A;lista_B
negative;1.4339;1.7851;4.5595;2.7744;3.1256;0.2139;True;True
incidents;0.8825;1.0483;2.2046;1.1564;1.3222;0.0892;True;True
concerns;1.0333;1.0943;1.8856;0.7913;0.8523;0.061;True;True
bribery;0.4331;0.4408;1.1884;0.7476;0.7553;0.0576;True;True
complaints;0.383;0.3662;1.0365;0.6703;0.6535;0.0517;True;True
harassment;0.4586;0.5724;1.1884;0.616;0.7298;0.0475;True;True
forced;0.6336;0.6623;1.2154;0.5531;0.5818;0.0427;True;True
corruption;2.3665;2.2456;2.7516;0.506;0.3851;0.039;True;True
concern;1.1847;1.0548;1.5463;0.4915;0.3616;0.0379;True;True
violations;0.8783;0.8926;1.2796;0.387;0.4013;0.0298;True;True
grievance;0.1764;0.2039;0.5689;0.3649;0.3925;0.0281;True;True
disclosed;0.9015;1.011;1.3218;0.3108;0.4203;0.024;False;False
severe;0.3119;0.3487;0.628;0.2793;0.316;0.0215;False;True
damage;0.9711;1.0;1.2678;0.2677;0.2966;0.0206;False;False
hazardous;0.7924;0.7719;1.0331;0.2612;0.2407;0.0201;False;False
fines;0.3133;0.3311;0.5908;0.2597;0.2775;0.02;False;True
prevention;2.2161;2.4978;2.7398;0.2419;0.5237;0.0187;False;False
violation;0.3008;0.2763;0.5182;0.2419;0.2174;0.0187;True;True
negatively;0.2748;0.2654;0.4997;0.2343;0.2249;0.0181;True;True
investigation;0.5747;0.4803;0.7073;0.227;0.1326;0.0175;False;False
adverse;0.9953;1.1075;1.3336;0.2261;0.3383;0.0174;True;True
violence;0.2887;0.25;0.471;0.221;0.1822;0.017;False;False
retaliation;0.0743;0.114;0.3258;0.2118;0.2515;0.0163;False;False
severity;0.408;0.4364;0.6381;0.2017;0.2301;0.0156;False;True
fatalities;0.1778;0.2127;0.4102;0.1975;0.2324;0.0152;False;True
degradation;0.1212;0.1842;0.3697;0.1855;0.2485;0.0143;False;False
hazards;0.2205;0.3114;0.4828;0.1714;0.2623;0.0132;False;False
vulnerable;0.6076;0.6908;0.8592;0.1684;0.2516;0.013;False;False
lack;0.3802;0.5066;0.6735;0.167;0.2934;0.0129;False;False
preventing;0.6188;0.5746;0.7411;0.1665;0.1223;0.0128;False;False
penalties;0.3328;0.3114;0.4693;0.1579;0.1365;0.0122;False;True
exposed;1.1981;1.2083;1.3657;0.1573;0.1676;0.0121;False;False
incident;0.461;0.5219;0.6769;0.155;0.216;0.012;True;True
critical;1.2752;1.3728;1.5193;0.1465;0.2441;0.0113;False;False
noncompliance;0.1091;0.1162;0.26;0.1437;0.1509;0.0111;False;False
accidents;1.0031;0.9649;1.1074;0.1425;0.1042;0.011;False;True
disciplinary;0.1875;0.182;0.3224;0.1404;0.1349;0.0108;False;False
breaches;0.5311;0.5877;0.7276;0.1398;0.1965;0.0108;False;True
inadequate;0.2233;0.2237;0.3596;0.1359;0.1363;0.0105;False;False
limitations;0.3106;0.3355;0.4676;0.1321;0.157;0.0102;False;False
complaint;0.136;0.1579;0.2853;0.1274;0.1493;0.0098;True;True
omissions;0.1787;0.1272;0.2431;0.1159;0.0644;0.0089;False;False
default;0.3217;0.3114;0.4271;0.1157;0.1054;0.0089;False;False
inconsistencies;0.0102;0.0154;0.1266;0.1113;0.1164;0.0086;False;False
investigations;0.5998;0.5263;0.6347;0.1084;0.035;0.0084;False;False
disruption;0.3314;0.3969;0.5031;0.1061;0.1716;0.0082;False;False
breach;0.4336;0.4276;0.5334;0.1058;0.0999;0.0082;False;True
errors;0.142;0.136;0.233;0.097;0.0909;0.0075;False;False
exploitation;0.0947;0.1075;0.2009;0.0934;0.1062;0.0072;False;True
excessive;0.1253;0.125;0.2178;0.0928;0.0924;0.0072;False;False
ill;0.0311;0.0504;0.1401;0.0897;0.109;0.0069;False;False
hazard;0.1137;0.1469;0.2363;0.0894;0.1226;0.0069;False;False
breakdown;0.642;0.7478;0.8356;0.0878;0.1936;0.0068;False;False
insufficient;0.1188;0.1469;0.2313;0.0843;0.1124;0.0065;False;False
unethical;0.0905;0.0943;0.1722;0.0779;0.0817;0.006;False;False
deterioration;0.1671;0.1776;0.2549;0.0773;0.0878;0.006;False;False
injuries;0.5129;0.5768;0.6516;0.0748;0.1387;0.0058;False;True
diverted;0.0279;0.0504;0.1249;0.0745;0.0971;0.0057;False;False
fugitive;0.0427;0.0154;0.0878;0.0724;0.0451;0.0056;False;False
grievances;0.0919;0.1053;0.1772;0.072;0.0853;0.0056;True;True
inappropriate;0.1416;0.1294;0.2009;0.0715;0.0593;0.0055;False;False
failure;0.5724;0.5899;0.66;0.0701;0.0877;0.0054;False;False
controversial;0.0487;0.057;0.1266;0.0696;0.0779;0.0054;False;False
convictions;0.0399;0.0241;0.0928;0.0687;0.0529;0.0053;False;True
stress;1.167;1.3597;1.4247;0.0651;0.2577;0.005;False;False
unlawful;0.0831;0.0702;0.1334;0.0632;0.0503;0.0049;False;False
controversies;0.0497;0.0724;0.135;0.0627;0.0854;0.0048;False;False
absence;0.6369;0.6009;0.6634;0.0625;0.0265;0.0048;False;False
allegations;0.2135;0.2215;0.2819;0.0604;0.0684;0.0047;False;False
broken;0.2126;0.2522;0.3123;0.0601;0.0997;0.0046;False;False
harmful;0.1425;0.1425;0.2026;0.06;0.0601;0.0046;False;False
investigate;0.0956;0.0987;0.1536;0.0549;0.058;0.0042;False;False
disruptions;0.2576;0.3355;0.3899;0.0544;0.1323;0.0042;False;False
suspected;0.1314;0.1162;0.1688;0.0526;0.0374;0.0041;False;False
loss;2.4635;2.7215;2.7735;0.052;0.31;0.004;False;False
omitted;0.0339;0.0285;0.0777;0.0491;0.0438;0.0038;False;False
concerned;1.3165;1.136;1.185;0.0491;-0.1314;0.0038;False;False
failing;0.0817;0.0724;0.1199;0.0475;0.0382;0.0037;False;False
intimidation;0.0084;0.011;0.0574;0.0464;0.049;0.0036;False;False
discontinued;0.2191;0.1535;0.1992;0.0457;-0.0199;0.0035;False;False
depletion;0.0771;0.0877;0.1334;0.0456;0.0563;0.0035;False;False
jeopardize;0.0455;0.0395;0.0827;0.0432;0.0372;0.0033;False;False
poor;0.1769;0.1601;0.2026;0.0425;0.0257;0.0033;False;False
disclaimer;0.0153;0.0197;0.0608;0.041;0.0455;0.0032;False;False
deviations;0.1959;0.1798;0.2195;0.0396;0.0236;0.0031;False;False
fails;0.0473;0.0395;0.0777;0.0382;0.0303;0.0029;False;False
laundering;0.5334;0.4868;0.525;0.0382;-0.0084;0.0029;False;False
unfair;0.058;0.0636;0.1013;0.0377;0.0433;0.0029;False;False
delayed;0.0552;0.057;0.0945;0.0375;0.0393;0.0029;False;False
closure;0.1365;0.1316;0.1688;0.0372;0.0323;0.0029;False;False
delays;0.1379;0.1338;0.1705;0.0367;0.0326;0.0028;False;False
improper;0.0622;0.0614;0.0979;0.0365;0.0357;0.0028;False;False
threatened;0.0845;0.1075;0.1435;0.036;0.059;0.0028;False;False
discloses;0.0641;0.0658;0.1013;0.0355;0.0372;0.0027;False;False
lost;0.4285;0.4518;0.4862;0.0344;0.0577;0.0027;False;False
misconduct;0.279;0.2917;0.3258;0.0341;0.0468;0.0026;False;True
incorrect;0.0576;0.0811;0.1148;0.0336;0.0572;0.0026;False;False
unforeseen;0.0678;0.0746;0.1063;0.0318;0.0386;0.0025;False;False
tolerate;0.0599;0.0526;0.0844;0.0318;0.0245;0.0024;False;False
infringements;0.0961;0.0899;0.1215;0.0316;0.0255;0.0024;False;True
unavoidable;0.0552;0.057;0.0878;0.0308;0.0325;0.0024;False;False
unable;0.2674;0.2719;0.3022;0.0302;0.0348;0.0023;False;False
barriers;0.1342;0.1601;0.1891;0.029;0.0549;0.0022;False;False
difficulty;0.0826;0.0811;0.1097;0.0286;0.0271;0.0022;False;False
vulnerabilities;0.1374;0.1776;0.2059;0.0283;0.0685;0.0022;False;False
rejection;0.0283;0.0241;0.0523;0.0282;0.024;0.0022;False;False
corrected;0.0441;0.0482;0.076;0.0277;0.0319;0.0021;False;False
contraction;0.0195;0.0132;0.0405;0.0274;0.021;0.0021;False;False
incompatible;0.0204;0.0285;0.054;0.0255;0.0336;0.002;False;False
endangered;0.0947;0.1097;0.135;0.0254;0.0403;0.002;False;False
unacceptable;0.0246;0.0175;0.0422;0.0247;0.0176;0.0019;False;False
tolerated;0.0181;0.0132;0.0371;0.024;0.019;0.0018;False;False
bad;0.0571;0.0439;0.0675;0.0237;0.0104;0.0018;False;False
disrupt;0.1082;0.1031;0.1266;0.0235;0.0184;0.0018;False;False
worst;0.0427;0.0373;0.0608;0.0235;0.0181;0.0018;False;False
omit;0.0009;0.0022;0.0253;0.0231;0.0244;0.0018;False;False
difficulties;0.2358;0.2083;0.2313;0.0229;-0.0045;0.0018;False;False
unpaid;0.0469;0.0417;0.0641;0.0225;0.0173;0.0017;False;False
wrongdoing;0.0214;0.0132;0.0354;0.0223;0.0141;0.0017;False;False
shut;0.026;0.0132;0.0354;0.0223;0.0095;0.0017;False;False
interruptions;0.1161;0.1097;0.1317;0.022;0.0156;0.0017;False;False
endangerment;0.0005;0.0;0.0219;0.0219;0.0215;0.0017;False;False
suspicion;0.026;0.0154;0.0371;0.0218;0.0111;0.0017;False;False
misuse;0.0859;0.0855;0.1063;0.0208;0.0205;0.0016;False;False
unavailability;0.0585;0.0789;0.0996;0.0206;0.0411;0.0016;False;False
warning;0.2056;0.1601;0.1806;0.0205;-0.025;0.0016;False;False
inefficient;0.007;0.0066;0.027;0.0204;0.02;0.0016;False;False
unsafe;0.0297;0.0439;0.0641;0.0203;0.0344;0.0016;False;False
perils;0.0362;0.0614;0.081;0.0196;0.0448;0.0015;False;False
controversy;0.0121;0.0175;0.0371;0.0196;0.0251;0.0015;False;False
uncontrolled;0.0125;0.011;0.0304;0.0194;0.0179;0.0015;False;False
litigations;0.0738;0.0636;0.0827;0.0191;0.0089;0.0015;False;False
detriment;0.0144;0.0197;0.0388;0.0191;0.0244;0.0015;False;False
lacking;0.0269;0.0197;0.0388;0.0191;0.0119;0.0015;False;False
suspend;0.072;0.0504;0.0692;0.0188;-0.0027;0.0014;False;False
disadvantage;0.0084;0.0;0.0186;0.0186;0.0102;0.0014;False;False
fear;0.039;0.0526;0.0709;0.0183;0.0319;0.0014;False;False
unemployed;0.046;0.0329;0.0506;0.0177;0.0047;0.0014;False;False
undermine;0.0436;0.0482;0.0658;0.0176;0.0222;0.0014;False;False
unauthorized;0.1198;0.1075;0.1249;0.0175;0.0052;0.0013;False;False
seize;0.0752;0.0636;0.081;0.0174;0.0058;0.0013;False;False
conflicting;0.0529;0.057;0.0743;0.0173;0.0214;0.0013;False;False
bans;0.0395;0.0351;0.0523;0.0172;0.0129;0.0013;False;False
insufficiently;0.0056;0.0066;0.0236;0.0171;0.0181;0.0013;False;False
scrutiny;0.0873;0.1097;0.1266;0.017;0.0393;0.0013;False;False
misinformation;0.0005;0.0;0.0169;0.0169;0.0164;0.0013;False;False
stringent;0.3936;0.3597;0.3764;0.0168;-0.0172;0.0013;False;False
demolition;0.0594;0.0592;0.076;0.0168;0.0165;0.0013;False;False
weaker;0.039;0.0307;0.0473;0.0166;0.0083;0.0013;False;False
dissatisfaction;0.006;0.0088;0.0253;0.0165;0.0193;0.0013;False;False
dissatisfied;0.0051;0.0022;0.0186;0.0164;0.0135;0.0013;False;False
bridge;0.0627;0.0614;0.0777;0.0162;0.015;0.0013;False;False
involuntary;0.0441;0.0329;0.049;0.0161;0.0049;0.0012;False;False
collusion;0.1666;0.1294;0.1452;0.0158;-0.0215;0.0012;False;False
fraudulent;0.0743;0.0724;0.0878;0.0154;0.0135;0.0012;False;False
retaliatory;0.0172;0.0219;0.0371;0.0152;0.02;0.0012;False;False
investigated;0.1374;0.125;0.1401;0.0151;0.0027;0.0012;False;False
illiquid;0.0111;0.0154;0.0304;0.015;0.0192;0.0012;False;False
uncorrected;0.0344;0.0241;0.0388;0.0147;0.0045;0.0011;False;False
cancelled;0.0993;0.0833;0.0979;0.0146;-0.0014;0.0011;False;False
impair;0.0682;0.057;0.0709;0.0139;0.0027;0.0011;False;False
problematic;0.0176;0.0132;0.027;0.0139;0.0094;0.0011;False;False
damaging;0.0339;0.0285;0.0422;0.0137;0.0083;0.0011;False;False
closures;0.0501;0.0285;0.0422;0.0137;-0.0079;0.0011;False;False
expose;0.1634;0.1535;0.1671;0.0136;0.0037;0.001;False;False
overload;0.0005;0.0;0.0135;0.0135;0.013;0.001;False;False
canceled;0.0724;0.0526;0.0658;0.0132;-0.0066;0.001;False;False
renegotiation;0.0214;0.0088;0.0219;0.0132;0.0006;0.001;False;False
disrupting;0.0223;0.0241;0.0371;0.013;0.0149;0.001;False;False
hardship;0.0084;0.011;0.0236;0.0127;0.0153;0.001;False;False
forgery;0.149;0.114;0.1266;0.0126;-0.0224;0.001;False;False
escalated;0.0483;0.0482;0.0608;0.0125;0.0125;0.001;False;False
losing;0.0418;0.0263;0.0388;0.0125;-0.003;0.001;False;False
weaken;0.0135;0.0132;0.0253;0.0122;0.0119;0.0009;False;False
exposing;0.0162;0.0285;0.0405;0.012;0.0243;0.0009;False;False
corrections;0.0162;0.0219;0.0338;0.0118;0.0175;0.0009;False;False
stressed;0.084;0.0811;0.0928;0.0117;0.0088;0.0009;False;False
incidence;0.0279;0.0154;0.027;0.0117;-0.0008;0.0009;False;False
erode;0.007;0.0088;0.0203;0.0115;0.0133;0.0009;False;False
noncompliant;0.0065;0.0088;0.0203;0.0115;0.0138;0.0009;False;False
suffer;0.0984;0.0899;0.1013;0.0114;0.0029;0.0009;False;False
detrimental;0.0371;0.0461;0.0574;0.0113;0.0203;0.0009;False;False
unsustainable;0.0186;0.0241;0.0354;0.0113;0.0169;0.0009;False;False
disregard;0.0032;0.0022;0.0135;0.0113;0.0103;0.0009;False;False
infringe;0.0144;0.0022;0.0135;0.0113;-0.0009;0.0009;False;False
confusion;0.0097;0.0022;0.0135;0.0113;0.0038;0.0009;False;False
injury;0.4675;0.4868;0.498;0.0111;0.0305;0.0009;False;True
delay;0.1541;0.1645;0.1756;0.0111;0.0214;0.0009;False;False
misleading;0.0469;0.0548;0.0658;0.011;0.019;0.0008;False;False
unfairly;0.0074;0.011;0.0219;0.011;0.0145;0.0008;False;False
oppose;0.0037;0.0044;0.0152;0.0108;0.0115;0.0008;False;False
infringing;0.0074;0.0044;0.0152;0.0108;0.0078;0.0008;False;False
exacerbate;0.0153;0.0197;0.0304;0.0106;0.0151;0.0008;False;False
restructuring;0.3974;0.3355;0.3461;0.0105;-0.0513;0.0008;False;False
hinder;0.039;0.0351;0.0456;0.0105;0.0066;0.0008;False;False
investigates;0.0214;0.0132;0.0236;0.0105;0.0023;0.0008;False;False
inability;0.1328;0.1162;0.1266;0.0104;-0.0062;0.0008;False;False
hostile;0.0111;0.0066;0.0169;0.0103;0.0057;0.0008;False;False
unrealistic;0.0;0.0;0.0101;0.0101;0.0101;0.0008;False;False
correction;0.078;0.0811;0.0912;0.01;0.0132;0.0008;False;False
unexpected;0.143;0.1184;0.1283;0.0099;-0.0147;0.0008;False;False
breaching;0.0121;0.0088;0.0186;0.0098;0.0065;0.0008;False;False
obsolescence;0.0432;0.0461;0.0557;0.0097;0.0125;0.0007;False;False
inadvertently;0.0046;0.0022;0.0118;0.0096;0.0072;0.0007;False;False
deadweight;0.0005;0.0022;0.0118;0.0096;0.0114;0.0007;False;False
prevents;0.0409;0.0395;0.049;0.0095;0.0081;0.0007;False;False
dispose;0.0682;0.0395;0.049;0.0095;-0.0193;0.0007;False;False
forbidden;0.0176;0.0175;0.027;0.0095;0.0094;0.0007;False;False
annulment;0.0125;0.0175;0.027;0.0095;0.0145;0.0007;False;False
unwanted;0.0144;0.011;0.0203;0.0093;0.0059;0.0007;False;False
suspicions;0.0125;0.011;0.0203;0.0093;0.0077;0.0007;False;False
recalls;0.0933;0.0921;0.1013;0.0092;0.008;0.0007;False;False
escalate;0.02;0.0263;0.0354;0.0091;0.0155;0.0007;False;False
retaliate;0.0042;0.0044;0.0135;0.0091;0.0093;0.0007;False;False
bribes;0.0065;0.0044;0.0135;0.0091;0.007;0.0007;True;True
fatality;0.0399;0.057;0.0658;0.0088;0.0259;0.0007;False;True
delaying;0.0111;0.0132;0.0219;0.0088;0.0108;0.0007;False;False
disturbance;0.007;0.0066;0.0152;0.0086;0.0082;0.0007;False;False
inconsistency;0.0051;0.0066;0.0152;0.0086;0.0101;0.0007;False;False
slowdowns;0.0042;0.0066;0.0152;0.0086;0.011;0.0007;False;False
aggravation;0.0023;0.0;0.0084;0.0084;0.0061;0.0007;False;False
suspension;0.1634;0.1469;0.1553;0.0084;-0.0081;0.0006;False;False
pressing;0.0418;0.0373;0.0456;0.0083;0.0038;0.0006;False;False
uncover;0.0084;0.0154;0.0236;0.0083;0.0153;0.0006;False;False
accident;0.6285;0.5877;0.5959;0.0082;-0.0326;0.0006;False;True
offences;0.0515;0.0307;0.0388;0.0081;-0.0127;0.0006;False;False
intrusion;0.0316;0.0307;0.0388;0.0081;0.0073;0.0006;False;False
disclosing;0.1718;0.1557;0.1637;0.008;-0.008;0.0006;False;False
seizing;0.0218;0.0241;0.0321;0.008;0.0103;0.0006;False;False
disturbances;0.0046;0.0022;0.0101;0.0079;0.0055;0.0006;False;False
unlawfully;0.0074;0.0022;0.0101;0.0079;0.0027;0.0006;False;False
challenged;0.0877;0.0833;0.0912;0.0078;0.0034;0.0006;False;False
slow;0.0738;0.0614;0.0692;0.0078;-0.0046;0.0006;False;False
exploited;0.0111;0.011;0.0186;0.0076;0.0074;0.0006;False;False
unsuitable;0.013;0.011;0.0186;0.0076;0.0056;0.0006;False;False
resigning;0.013;0.011;0.0186;0.0076;0.0056;0.0006;False;False
rejects;0.013;0.011;0.0186;0.0076;0.0056;0.0006;False;False
catastrophe;0.0483;0.0482;0.0557;0.0075;0.0074;0.0006;False;False
threaten;0.0427;0.0482;0.0557;0.0075;0.013;0.0006;False;False
reject;0.0292;0.0263;0.0338;0.0074;0.0045;0.0006;False;False
cautionary;0.007;0.0044;0.0118;0.0074;0.0049;0.0006;False;False
impending;0.0074;0.0044;0.0118;0.0074;0.0044;0.0006;False;False
abnormal;0.0097;0.0044;0.0118;0.0074;0.0021;0.0006;False;False
subjected;0.0854;0.0855;0.0928;0.0073;0.0074;0.0006;False;False
harming;0.0181;0.0197;0.027;0.0073;0.0089;0.0006;False;False
irregularities;0.1123;0.0724;0.0793;0.007;-0.033;0.0005;False;False
downturns;0.0093;0.0066;0.0135;0.0069;0.0042;0.0005;False;False
unresolved;0.0107;0.0066;0.0135;0.0069;0.0028;0.0005;False;False
mishandling;0.0;0.0;0.0068;0.0068;0.0068;0.0005;False;False
uncontrollable;0.0;0.0;0.0068;0.0068;0.0068;0.0005;False;False
disclaimers;0.0005;0.0;0.0068;0.0068;0.0063;0.0005;False;False
sentenced;0.0065;0.0;0.0068;0.0068;0.0003;0.0005;False;False
exacerbating;0.0005;0.0;0.0068;0.0068;0.0063;0.0005;False;False
questionable;0.0028;0.0;0.0068;0.0068;0.004;0.0005;False;False
oversupply;0.0051;0.0;0.0068;0.0068;0.0016;0.0005;False;False
manipulated;0.0014;0.0;0.0068;0.0068;0.0054;0.0005;False;False
irreparable;0.0;0.0;0.0068;0.0068;0.0068;0.0005;False;False
demotion;0.0028;0.0;0.0068;0.0068;0.004;0.0005;False;False
nonperforming;0.0162;0.0154;0.0219;0.0066;0.0057;0.0005;False;False
downtime;0.0227;0.0088;0.0152;0.0064;-0.0076;0.0005;False;False
protests;0.0051;0.0088;0.0152;0.0064;0.0101;0.0005;False;False
violated;0.0255;0.0241;0.0304;0.0063;0.0049;0.0005;True;True
convicted;0.0269;0.0241;0.0304;0.0063;0.0035;0.0005;False;True
usury;0.0032;0.0022;0.0084;0.0062;0.0052;0.0005;False;False
mismanaged;0.0009;0.0022;0.0084;0.0062;0.0075;0.0005;False;False
overlooked;0.0014;0.0022;0.0084;0.0062;0.007;0.0005;False;False
criticized;0.0032;0.0022;0.0084;0.0062;0.0052;0.0005;False;False
outdated;0.0065;0.0022;0.0084;0.0062;0.0019;0.0005;False;False
declining;0.0594;0.0614;0.0675;0.0061;0.0081;0.0005;False;False
suspicious;0.0515;0.0395;0.0456;0.0061;-0.0059;0.0005;False;False
rejecting;0.0158;0.0175;0.0236;0.0061;0.0079;0.0005;False;False
depleted;0.0297;0.0263;0.0321;0.0058;0.0024;0.0004;False;False
harmed;0.013;0.0263;0.0321;0.0058;0.0191;0.0004;False;False
punishment;0.0051;0.0044;0.0101;0.0057;0.005;0.0004;False;False
complicated;0.0088;0.0044;0.0101;0.0057;0.0013;0.0004;False;False
disputed;0.0046;0.0044;0.0101;0.0057;0.0055;0.0004;False;False
jeopardized;0.0028;0.0044;0.0101;0.0057;0.0073;0.0004;False;False
suspects;0.0102;0.0044;0.0101;0.0057;-0.0001;0.0004;False;False
deteriorated;0.0274;0.0197;0.0253;0.0056;-0.0021;0.0004;False;False
violating;0.0269;0.0197;0.0253;0.0056;-0.0016;0.0004;False;False
inefficiencies;0.019;0.0132;0.0186;0.0054;-0.0005;0.0004;False;False
disagree;0.0023;0.0066;0.0118;0.0052;0.0095;0.0004;False;False
inaccessible;0.007;0.0066;0.0118;0.0052;0.0049;0.0004;False;False
tragic;0.0046;0.0066;0.0118;0.0052;0.0072;0.0004;False;False
disputes;0.3194;0.3004;0.3055;0.0051;-0.0138;0.0004;False;False
irreversible;0.0167;0.0219;0.027;0.0051;0.0103;0.0004;False;False
lagged;0.0009;0.0;0.0051;0.0051;0.0041;0.0004;False;False
impropriety;0.0037;0.0;0.0051;0.0051;0.0014;0.0004;False;False
retaliates;0.0;0.0;0.0051;0.0051;0.0051;0.0004;False;False
overcapacity;0.0097;0.0;0.0051;0.0051;-0.0047;0.0004;False;False
complicates;0.0;0.0;0.0051;0.0051;0.0051;0.0004;False;False
revokes;0.0009;0.0;0.0051;0.0051;0.0041;0.0004;False;False
demise;0.0014;0.0;0.0051;0.0051;0.0037;0.0004;False;False
miscommunication;0.0;0.0;0.0051;0.0051;0.0051;0.0004;False;False
abusing;0.0005;0.0;0.0051;0.0051;0.0046;0.0004;False;False
overestimate;0.0009;0.0;0.0051;0.0051;0.0041;0.0004;False;False
kickbacks;0.0005;0.0;0.0051;0.0051;0.0046;0.0004;False;False
complication;0.0014;0.0;0.0051;0.0051;0.0037;0.0004;False;False
inaccuracies;0.0218;0.0154;0.0203;0.0049;-0.0016;0.0004;False;False
diminish;0.0158;0.0154;0.0203;0.0049;0.0045;0.0004;False;False
layoffs;0.0162;0.0154;0.0203;0.0049;0.004;0.0004;False;False
breached;0.0204;0.0154;0.0203;0.0049;-0.0002;0.0004;False;False
misrepresentations;0.1509;0.1184;0.1232;0.0048;-0.0276;0.0004;False;False
suffered;0.0747;0.0746;0.0793;0.0048;0.0046;0.0004;False;False
anticompetitive;0.0274;0.0307;0.0354;0.0047;0.0081;0.0004;False;False
downgraded;0.013;0.0088;0.0135;0.0047;0.0005;0.0004;False;False
improperly;0.0046;0.0088;0.0135;0.0047;0.0089;0.0004;False;False
frauds;0.0093;0.0088;0.0135;0.0047;0.0042;0.0004;False;False
problems;0.2205;0.1776;0.1823;0.0047;-0.0382;0.0004;False;False
interfere;0.032;0.0241;0.0287;0.0046;-0.0033;0.0004;False;False
interferes;0.0009;0.0022;0.0068;0.0046;0.0058;0.0004;False;False
circumvented;0.0005;0.0022;0.0068;0.0046;0.0063;0.0004;False;False
riskier;0.0042;0.0022;0.0068;0.0046;0.0026;0.0004;False;False
perpetrated;0.0019;0.0022;0.0068;0.0046;0.0049;0.0004;False;False
disappear;0.0084;0.0022;0.0068;0.0046;-0.0016;0.0004;False;False
boycotts;0.0009;0.0022;0.0068;0.0046;0.0058;0.0004;False;False
ineligibility;0.0014;0.0022;0.0068;0.0046;0.0054;0.0004;False;False
defends;0.0037;0.0022;0.0068;0.0046;0.003;0.0004;False;False
defamation;0.0014;0.0022;0.0068;0.0046;0.0054;0.0004;False;False
destroying;0.0028;0.0022;0.0068;0.0046;0.004;0.0004;False;False
sluggish;0.0028;0.0022;0.0068;0.0046;0.004;0.0004;False;False
misunderstandings;0.0014;0.0022;0.0068;0.0046;0.0054;0.0004;False;False
miss;0.0223;0.0175;0.0219;0.0044;-0.0003;0.0003;False;False
mismanagement;0.0135;0.0175;0.0219;0.0044;0.0085;0.0003;False;False
impaired;0.1244;0.0987;0.103;0.0043;-0.0214;0.0003;False;False
degraded;0.0353;0.0548;0.0591;0.0043;0.0238;0.0003;False;False
obsolete;0.0446;0.0548;0.0591;0.0043;0.0145;0.0003;False;False
outages;0.0348;0.0263;0.0304;0.0041;-0.0044;0.0003;False;False
downgrades;0.0088;0.0044;0.0084;0.0041;-0.0004;0.0003;False;False
destructive;0.0056;0.0044;0.0084;0.0041;0.0029;0.0003;False;False
dismissing;0.0056;0.0044;0.0084;0.0041;0.0029;0.0003;False;False
inaction;0.0019;0.0044;0.0084;0.0041;0.0066;0.0003;False;False
arguing;0.0042;0.0044;0.0084;0.0041;0.0043;0.0003;False;False
uncovered;0.0088;0.0044;0.0084;0.0041;-0.0004;0.0003;False;False
verdict;0.0042;0.0044;0.0084;0.0041;0.0043;0.0003;False;False
distortion;0.0074;0.0044;0.0084;0.0041;0.001;0.0003;False;False
undetected;0.007;0.0044;0.0084;0.0041;0.0015;0.0003;False;False
prosecutions;0.006;0.0044;0.0084;0.0041;0.0024;0.0003;False;False
interfering;0.0074;0.0044;0.0084;0.0041;0.001;0.0003;False;False
downward;0.0785;0.0855;0.0895;0.0039;0.011;0.0003;False;False
weakness;0.0432;0.0417;0.0456;0.0039;0.0024;0.0003;False;False
ceasing;0.0265;0.0197;0.0236;0.0039;-0.0028;0.0003;False;False
misstatements;0.2126;0.1886;0.1924;0.0038;-0.0202;0.0003;False;False
error;0.662;0.5921;0.5959;0.0038;-0.0661;0.0003;False;False
defects;0.0682;0.057;0.0608;0.0038;-0.0075;0.0003;False;False
disorderly;0.0186;0.0351;0.0388;0.0037;0.0203;0.0003;False;False
unpredictable;0.0446;0.0351;0.0388;0.0037;-0.0057;0.0003;False;False
canceling;0.0218;0.0132;0.0169;0.0037;-0.0049;0.0003;False;False
prejudices;0.013;0.0132;0.0169;0.0037;0.0039;0.0003;False;False
escalating;0.0139;0.0132;0.0169;0.0037;0.003;0.0003;False;False
barrier;0.0292;0.0132;0.0169;0.0037;-0.0124;0.0003;False;False
repossessed;0.0037;0.0066;0.0101;0.0035;0.0064;0.0003;False;False
peril;0.0019;0.0066;0.0101;0.0035;0.0083;0.0003;False;False
lingering;0.0051;0.0066;0.0101;0.0035;0.005;0.0003;False;False
aggravating;0.0056;0.0066;0.0101;0.0035;0.0046;0.0003;False;False
dishonest;0.0084;0.0066;0.0101;0.0035;0.0018;0.0003;False;False
refuse;0.0214;0.0219;0.0253;0.0034;0.004;0.0003;False;False
lag;0.0195;0.0219;0.0253;0.0034;0.0058;0.0003;False;False
disappearing;0.0023;0.0;0.0034;0.0034;0.0011;0.0003;False;False
detention;0.0032;0.0;0.0034;0.0034;0.0001;0.0003;False;False
acquitted;0.0167;0.0;0.0034;0.0034;-0.0133;0.0003;False;False
displace;0.0005;0.0;0.0034;0.0034;0.0029;0.0003;False;False
unfit;0.0019;0.0;0.0034;0.0034;0.0015;0.0003;False;False
wrongly;0.0028;0.0;0.0034;0.0034;0.0006;0.0003;False;False
scrutinizing;0.0005;0.0;0.0034;0.0034;0.0029;0.0003;False;False
detained;0.0005;0.0;0.0034;0.0034;0.0029;0.0003;False;False
retribution;0.0028;0.0;0.0034;0.0034;0.0006;0.0003;False;False
knowingly;0.0032;0.0;0.0034;0.0034;0.0001;0.0003;False;False
injure;0.0;0.0;0.0034;0.0034;0.0034;0.0003;False;False
abolishes;0.0;0.0;0.0034;0.0034;0.0034;0.0003;False;False
subjecting;0.0056;0.0;0.0034;0.0034;-0.0022;0.0003;False;False
deprives;0.0014;0.0;0.0034;0.0034;0.002;0.0003;False;False
confines;0.0019;0.0;0.0034;0.0034;0.0015;0.0003;False;False
counterfeits;0.0014;0.0;0.0034;0.0034;0.002;0.0003;False;False
unsuited;0.0;0.0;0.0034;0.0034;0.0034;0.0003;False;False
incompleteness;0.0;0.0;0.0034;0.0034;0.0034;0.0003;False;False
hurt;0.0051;0.0;0.0034;0.0034;-0.0017;0.0003;False;False
overproduction;0.0005;0.0;0.0034;0.0034;0.0029;0.0003;False;False
confine;0.0005;0.0;0.0034;0.0034;0.0029;0.0003;False;False
criticisms;0.0019;0.0;0.0034;0.0034;0.0015;0.0003;False;False
denigration;0.0;0.0;0.0034;0.0034;0.0034;0.0003;False;False
inconclusive;0.0005;0.0;0.0034;0.0034;0.0029;0.0003;False;False
dysfunctional;0.0005;0.0;0.0034;0.0034;0.0029;0.0003;False;False
monopolization;0.0;0.0;0.0034;0.0034;0.0034;0.0003;False;False
severities;0.0014;0.0;0.0034;0.0034;0.002;0.0003;False;False
miscalculation;0.0;0.0;0.0034;0.0034;0.0034;0.0003;False;False
predatory;0.0;0.0;0.0034;0.0034;0.0034;0.0003;False;False
cutback;0.0;0.0;0.0034;0.0034;0.0034;0.0003;False;False
misinterpreted;0.0014;0.0;0.0034;0.0034;0.002;0.0003;False;False
negatives;0.0023;0.0;0.0034;0.0034;0.0011;0.0003;False;False
harshly;0.0009;0.0;0.0034;0.0034;0.0024;0.0003;False;False
disapprove;0.0009;0.0;0.0034;0.0034;0.0024;0.0003;False;False
underutilized;0.0042;0.0;0.0034;0.0034;-0.0008;0.0003;False;False
overcapacities;0.0005;0.0;0.0034;0.0034;0.0029;0.0003;False;False
retaliating;0.0014;0.0;0.0034;0.0034;0.002;0.0003;False;False
severed;0.0014;0.0;0.0034;0.0034;0.002;0.0003;False;False
undetermined;0.0019;0.0;0.0034;0.0034;0.0015;0.0003;False;False
unwillingness;0.0005;0.0;0.0034;0.0034;0.0029;0.0003;False;False
limitation;0.1625;0.1469;0.1502;0.0033;-0.0122;0.0003;False;False
abuses;0.0613;0.0592;0.0625;0.0032;0.0012;0.0003;False;True
violates;0.0153;0.0154;0.0186;0.0032;0.0033;0.0002;False;False
drastic;0.0135;0.0154;0.0186;0.0032;0.0051;0.0002;False;False
counterfeit;0.0255;0.0154;0.0186;0.0032;-0.007;0.0002;False;False
impede;0.0246;0.0307;0.0338;0.0031;0.0092;0.0002;False;False
renegotiations;0.0121;0.0088;0.0118;0.003;-0.0003;0.0002;False;False
infringes;0.0107;0.0088;0.0118;0.003;0.0011;0.0002;False;False
slowly;0.0107;0.0088;0.0118;0.003;0.0011;0.0002;False;False
obstacles;0.0511;0.0461;0.049;0.0029;-0.0021;0.0002;False;False
unannounced;0.0246;0.0241;0.027;0.0029;0.0024;0.0002;False;False
easing;0.0246;0.0241;0.027;0.0029;0.0024;0.0002;False;False
argue;0.0023;0.0022;0.0051;0.0029;0.0027;0.0002;False;False
incompatibilities;0.0032;0.0022;0.0051;0.0029;0.0018;0.0002;False;False
concealed;0.0009;0.0022;0.0051;0.0029;0.0041;0.0002;False;False
bankrupt;0.0028;0.0022;0.0051;0.0029;0.0023;0.0002;False;False
acquittal;0.0149;0.0022;0.0051;0.0029;-0.0098;0.0002;False;False
delisting;0.006;0.0022;0.0051;0.0029;-0.001;0.0002;False;False
insecure;0.0009;0.0022;0.0051;0.0029;0.0041;0.0002;False;False
disincentives;0.0009;0.0022;0.0051;0.0029;0.0041;0.0002;False;False
prosecute;0.0032;0.0022;0.0051;0.0029;0.0018;0.0002;False;False
destabilize;0.0009;0.0022;0.0051;0.0029;0.0041;0.0002;False;False
penalizing;0.0023;0.0022;0.0051;0.0029;0.0027;0.0002;False;False
unfeasible;0.0009;0.0022;0.0051;0.0029;0.0041;0.0002;False;False
underfunded;0.0051;0.0022;0.0051;0.0029;-0.0;0.0002;False;False
evictions;0.0023;0.0022;0.0051;0.0029;0.0027;0.0002;False;False
protracted;0.0037;0.0022;0.0051;0.0029;0.0014;0.0002;False;False
contradictory;0.0023;0.0022;0.0051;0.0029;0.0027;0.0002;False;False
depressed;0.0074;0.0022;0.0051;0.0029;-0.0024;0.0002;False;False
sever;0.0023;0.0022;0.0051;0.0029;0.0027;0.0002;False;False
overpayments;0.0005;0.0022;0.0051;0.0029;0.0046;0.0002;False;False
strains;0.0125;0.0022;0.0051;0.0029;-0.0075;0.0002;False;False
inflicted;0.0019;0.0022;0.0051;0.0029;0.0032;0.0002;False;False
escalates;0.0019;0.0022;0.0051;0.0029;0.0032;0.0002;False;False
denies;0.0032;0.0022;0.0051;0.0029;0.0018;0.0002;False;False
declines;0.0385;0.0395;0.0422;0.0027;0.0037;0.0002;False;False
unsatisfactory;0.0209;0.0175;0.0203;0.0027;-0.0006;0.0002;False;False
doubts;0.0223;0.0175;0.0203;0.0027;-0.002;0.0002;False;False
weakening;0.0149;0.0175;0.0203;0.0027;0.0054;0.0002;False;False
discrepancies;0.0534;0.0548;0.0574;0.0026;0.004;0.0002;False;False
distress;0.0251;0.0329;0.0354;0.0026;0.0104;0.0002;False;False
false;0.0515;0.0329;0.0354;0.0026;-0.0161;0.0002;False;False
distortions;0.0093;0.011;0.0135;0.0025;0.0042;0.0002;False;False
secrecy;0.0223;0.011;0.0135;0.0025;-0.0088;0.0002;False;False
unintended;0.0181;0.011;0.0135;0.0025;-0.0046;0.0002;False;False
underperformance;0.0149;0.011;0.0135;0.0025;-0.0013;0.0002;False;False
persist;0.0237;0.0263;0.0287;0.0024;0.005;0.0002;False;False
irregular;0.0311;0.0263;0.0287;0.0024;-0.0024;0.0002;False;False
illiquidity;0.0009;0.0044;0.0068;0.0024;0.0058;0.0002;False;False
invalidate;0.007;0.0044;0.0068;0.0024;-0.0002;0.0002;False;False
complicating;0.0019;0.0044;0.0068;0.0024;0.0049;0.0002;False;False
deteriorates;0.0051;0.0044;0.0068;0.0024;0.0016;0.0002;False;False
coercion;0.0032;0.0044;0.0068;0.0024;0.0035;0.0002;False;False
condone;0.0046;0.0044;0.0068;0.0024;0.0021;0.0002;False;False
defaulted;0.0102;0.0044;0.0068;0.0024;-0.0035;0.0002;False;False
corrects;0.0046;0.0044;0.0068;0.0024;0.0021;0.0002;False;False
disrupts;0.0019;0.0044;0.0068;0.0024;0.0049;0.0002;False;False
recalling;0.0065;0.0044;0.0068;0.0024;0.0003;0.0002;False;False
underestimate;0.0023;0.0044;0.0068;0.0024;0.0044;0.0002;False;False
unwelcome;0.0032;0.0044;0.0068;0.0024;0.0035;0.0002;False;False
downgrading;0.0079;0.0044;0.0068;0.0024;-0.0011;0.0002;False;False
refused;0.0111;0.0044;0.0068;0.0024;-0.0044;0.0002;False;False
ignores;0.0042;0.0044;0.0068;0.0024;0.0026;0.0002;False;False
trouble;0.0056;0.0044;0.0068;0.0024;0.0012;0.0002;False;False
defaulting;0.0079;0.0044;0.0068;0.0024;-0.0011;0.0002;False;False
mistrial;0.0014;0.0044;0.0068;0.0024;0.0054;0.0002;False;False
displacement;0.0274;0.0417;0.0439;0.0022;0.0165;0.0002;False;False
accusations;0.0139;0.0197;0.0219;0.0022;0.008;0.0002;False;False
anomaly;0.0162;0.0197;0.0219;0.0022;0.0057;0.0002;False;False
fail;0.1147;0.1228;0.1249;0.0021;0.0103;0.0002;False;False
disagreements;0.0172;0.0132;0.0152;0.002;-0.002;0.0002;False;False
injunction;0.0065;0.0132;0.0152;0.002;0.0087;0.0002;False;False
threatens;0.0121;0.0132;0.0152;0.002;0.0031;0.0002;False;False
ineligible;0.0051;0.0132;0.0152;0.002;0.0101;0.0002;False;False
stops;0.0241;0.0132;0.0152;0.002;-0.0089;0.0002;False;False
arguments;0.0176;0.0132;0.0152;0.002;-0.0024;0.0002;False;False
shutdown;0.0534;0.0504;0.0523;0.0019;-0.0011;0.0001;False;False
unjustified;0.0232;0.0285;0.0304;0.0019;0.0072;0.0001;False;False
misled;0.0074;0.0066;0.0084;0.0019;0.001;0.0001;False;False
endangering;0.0074;0.0066;0.0084;0.0019;0.001;0.0001;False;False
forbid;0.006;0.0066;0.0084;0.0019;0.0024;0.0001;False;False
confused;0.0042;0.0066;0.0084;0.0019;0.0043;0.0001;False;False
halted;0.013;0.0066;0.0084;0.0019;-0.0046;0.0001;False;False
objected;0.0037;0.0066;0.0084;0.0019;0.0047;0.0001;False;False
misrepresentation;0.0065;0.0066;0.0084;0.0019;0.0019;0.0001;False;False
artificially;0.0032;0.0066;0.0084;0.0019;0.0052;0.0001;False;False
impeding;0.0074;0.0066;0.0084;0.0019;0.001;0.0001;False;False
stolen;0.007;0.0066;0.0084;0.0019;0.0015;0.0001;False;False
underperforming;0.0051;0.0066;0.0084;0.0019;0.0033;0.0001;False;False
contradict;0.006;0.0066;0.0084;0.0019;0.0024;0.0001;False;False
unemployment;0.0877;0.0658;0.0675;0.0017;-0.0202;0.0001;False;False
incomplete;0.0446;0.0658;0.0675;0.0017;0.023;0.0001;False;False
overcomes;0.0005;0.0;0.0017;0.0017;0.0012;0.0001;False;False
misrepresenting;0.0;0.0;0.0017;0.0017;0.0017;0.0001;False;False
disloyal;0.0005;0.0;0.0017;0.0017;0.0012;0.0001;False;False
recklessness;0.0023;0.0;0.0017;0.0017;-0.0006;0.0001;False;False
mismatched;0.0;0.0;0.0017;0.0017;0.0017;0.0001;False;False
insensitive;0.0;0.0;0.0017;0.0017;0.0017;0.0001;False;False
unethically;0.0;0.0;0.0017;0.0017;0.0017;0.0001;False;False
disinterested;0.0009;0.0;0.0017;0.0017;0.0008;0.0001;False;False
unsuccessfully;0.0009;0.0;0.0017;0.0017;0.0008;0.0001;False;False
redacted;0.0005;0.0;0.0017;0.0017;0.0012;0.0001;False;False
unaccounted;0.0;0.0;0.0017;0.0017;0.0017;0.0001;False;False
breakages;0.0;0.0;0.0017;0.0017;0.0017;0.0001;False;False
deny;0.0032;0.0;0.0017;0.0017;-0.0016;0.0001;False;False
adversarial;0.0005;0.0;0.0017;0.0017;0.0012;0.0001;False;False
offender;0.0;0.0;0.0017;0.0017;0.0017;0.0001;False;False
unfriendly;0.0;0.0;0.0017;0.0017;0.0017;0.0001;False;False
abruptly;0.0005;0.0;0.0017;0.0017;0.0012;0.0001;False;False
dissenting;0.0009;0.0;0.0017;0.0017;0.0008;0.0001;False;False
underpaid;0.0005;0.0;0.0017;0.0017;0.0012;0.0001;False;False
censure;0.0023;0.0;0.0017;0.0017;-0.0006;0.0001;False;False
disclaim;0.0;0.0;0.0017;0.0017;0.0017;0.0001;False;False
complicate;0.0005;0.0;0.0017;0.0017;0.0012;0.0001;False;False
disfavored;0.0;0.0;0.0017;0.0017;0.0017;0.0001;False;False
aggravates;0.0;0.0;0.0017;0.0017;0.0017;0.0001;False;False
prolongs;0.0005;0.0;0.0017;0.0017;0.0012;0.0001;False;False
picket;0.0005;0.0;0.0017;0.0017;0.0012;0.0001;False;False
hurting;0.0019;0.0;0.0017;0.0017;-0.0002;0.0001;False;False
manipulates;0.0;0.0;0.0017;0.0017;0.0017;0.0001;False;False
uncollected;0.0;0.0;0.0017;0.0017;0.0017;0.0001;False;False
redressing;0.0009;0.0;0.0017;0.0017;0.0008;0.0001;False;False
writedown;0.0107;0.0;0.0017;0.0017;-0.009;0.0001;False;False
mispricing;0.0;0.0;0.0017;0.0017;0.0017;0.0001;False;False
prolongation;0.0023;0.0;0.0017;0.0017;-0.0006;0.0001;False;False
weakly;0.0;0.0;0.0017;0.0017;0.0017;0.0001;False;False
implicate;0.0;0.0;0.0017;0.0017;0.0017;0.0001;False;False
hostility;0.0;0.0;0.0017;0.0017;0.0017;0.0001;False;False
nonperformance;0.0005;0.0;0.0017;0.0017;0.0012;0.0001;False;False
disqualifies;0.0;0.0;0.0017;0.0017;0.0017;0.0001;False;False
cutbacks;0.0005;0.0;0.0017;0.0017;0.0012;0.0001;False;False
inferior;0.0005;0.0;0.0017;0.0017;0.0012;0.0001;False;False
condemning;0.0028;0.0;0.0017;0.0017;-0.0011;0.0001;False;False
complications;0.0028;0.0;0.0017;0.0017;-0.0011;0.0001;False;False
unavoidably;0.0;0.0;0.0017;0.0017;0.0017;0.0001;False;False
misplaced;0.0;0.0;0.0017;0.0017;0.0017;0.0001;False;False
demolitions;0.0;0.0;0.0017;0.0017;0.0017;0.0001;False;False
underpayments;0.0019;0.0;0.0017;0.0017;-0.0002;0.0001;False;False
pled;0.0005;0.0;0.0017;0.0017;0.0012;0.0001;False;False
revoking;0.0051;0.0;0.0017;0.0017;-0.0034;0.0001;False;False
understatements;0.0019;0.0;0.0017;0.0017;-0.0002;0.0001;False;False
suspensions;0.007;0.0;0.0017;0.0017;-0.0053;0.0001;False;False
insufficiency;0.0;0.0;0.0017;0.0017;0.0017;0.0001;False;False
discourages;0.0005;0.0;0.0017;0.0017;0.0012;0.0001;False;False
abnormalities;0.0;0.0;0.0017;0.0017;0.0017;0.0001;False;False
ignoring;0.0028;0.0;0.0017;0.0017;-0.0011;0.0001;False;False
circumvents;0.0;0.0;0.0017;0.0017;0.0017;0.0001;False;False
sacrificed;0.0005;0.0;0.0017;0.0017;0.0012;0.0001;False;False
condoned;0.0;0.0;0.0017;0.0017;0.0017;0.0001;False;False
shocked;0.0009;0.0;0.0017;0.0017;0.0008;0.0001;False;False
impracticable;0.0;0.0;0.0017;0.0017;0.0017;0.0001;False;False
disappoint;0.0;0.0;0.0017;0.0017;0.0017;0.0001;False;False
annul;0.0;0.0;0.0017;0.0017;0.0017;0.0001;False;False
incorrectness;0.0;0.0;0.0017;0.0017;0.0017;0.0001;False;False
prejudiced;0.0;0.0;0.0017;0.0017;0.0017;0.0001;False;False
misrepresents;0.0;0.0;0.0017;0.0017;0.0017;0.0001;False;False
slanderous;0.0;0.0;0.0017;0.0017;0.0017;0.0001;False;False
subjection;0.0;0.0;0.0017;0.0017;0.0017;0.0001;False;False
unwarranted;0.0005;0.0;0.0017;0.0017;0.0012;0.0001;False;False
unnecessarily;0.0028;0.0;0.0017;0.0017;-0.0011;0.0001;False;False
errs;0.0;0.0;0.0017;0.0017;0.0017;0.0001;False;False
repossession;0.0005;0.0;0.0017;0.0017;0.0012;0.0001;False;False
devolve;0.0005;0.0;0.0017;0.0017;0.0012;0.0001;False;False
obstructed;0.0;0.0;0.0017;0.0017;0.0017;0.0001;False;False
dishonesty;0.0019;0.0;0.0017;0.0017;-0.0002;0.0001;False;False
inadequacies;0.0009;0.0;0.0017;0.0017;0.0008;0.0001;False;False
lying;0.0023;0.0;0.0017;0.0017;-0.0006;0.0001;False;False
overvaluing;0.0;0.0;0.0017;0.0017;0.0017;0.0001;False;False
revocations;0.0;0.0;0.0017;0.0017;0.0017;0.0001;False;False
unsatisfied;0.0;0.0;0.0017;0.0017;0.0017;0.0001;False;False
precluding;0.0032;0.0;0.0017;0.0017;-0.0016;0.0001;False;False
firing;0.0032;0.0;0.0017;0.0017;-0.0016;0.0001;False;False
fatally;0.0;0.0;0.0017;0.0017;0.0017;0.0001;False;False
duress;0.0;0.0;0.0017;0.0017;0.0017;0.0001;False;False
dangerously;0.0;0.0;0.0017;0.0017;0.0017;0.0001;False;False
relinquishing;0.0;0.0;0.0017;0.0017;0.0017;0.0001;False;False
abandons;0.0014;0.0;0.0017;0.0017;0.0003;0.0001;False;False
mismatching;0.0005;0.0;0.0017;0.0017;0.0012;0.0001;False;False
unjustifiable;0.0;0.0;0.0017;0.0017;0.0017;0.0001;False;False
exploitative;0.0005;0.0;0.0017;0.0017;0.0012;0.0001;False;False
demotions;0.0019;0.0;0.0017;0.0017;-0.0002;0.0001;False;False
distorting;0.0;0.0;0.0017;0.0017;0.0017;0.0001;False;False
evading;0.0014;0.0;0.0017;0.0017;0.0003;0.0001;False;False
disgorging;0.0;0.0;0.0017;0.0017;0.0017;0.0001;False;False
expropriations;0.0009;0.0;0.0017;0.0017;0.0008;0.0001;False;False
deprivation;0.0019;0.0;0.0017;0.0017;-0.0002;0.0001;False;False
sluggishness;0.0;0.0;0.0017;0.0017;0.0017;0.0001;False;False
malfunctioning;0.0037;0.0;0.0017;0.0017;-0.002;0.0001;False;False
confusing;0.0005;0.0;0.0017;0.0017;0.0012;0.0001;False;False
complains;0.0005;0.0;0.0017;0.0017;0.0012;0.0001;False;False
insurrection;0.0;0.0;0.0017;0.0017;0.0017;0.0001;False;False
summonses;0.0;0.0;0.0017;0.0017;0.0017;0.0001;False;False
repossessions;0.0;0.0;0.0017;0.0017;0.0017;0.0001;False;False
testify;0.0028;0.0;0.0017;0.0017;-0.0011;0.0001;False;False
forfeiting;0.0023;0.0;0.0017;0.0017;-0.0006;0.0001;False;False
condemnations;0.0009;0.0;0.0017;0.0017;0.0008;0.0001;False;False
collapses;0.0005;0.0;0.0017;0.0017;0.0012;0.0001;False;False
devalue;0.0;0.0;0.0017;0.0017;0.0017;0.0001;False;False
censuring;0.0;0.0;0.0017;0.0017;0.0017;0.0001;False;False
irrecoverable;0.0;0.0;0.0017;0.0017;0.0017;0.0001;False;False
weakens;0.0023;0.0;0.0017;0.0017;-0.0006;0.0001;False;False
dismissal;0.2219;0.1908;0.1924;0.0017;-0.0294;0.0001;False;False
failures;0.1801;0.1689;0.1705;0.0016;-0.0096;0.0001;False;False
downturn;0.0733;0.0373;0.0388;0.0015;-0.0345;0.0001;False;False
defective;0.0492;0.0373;0.0388;0.0015;-0.0104;0.0001;False;False
downgrade;0.0214;0.0154;0.0169;0.0015;-0.0045;0.0001;False;False
poorly;0.0093;0.0154;0.0169;0.0015;0.0076;0.0001;False;False
indictment;0.0325;0.0154;0.0169;0.0015;-0.0156;0.0001;False;False
shortfalls;0.0227;0.0154;0.0169;0.0015;-0.0059;0.0001;False;False
seriousness;0.019;0.0154;0.0169;0.0015;-0.0022;0.0001;False;False
violate;0.0432;0.0526;0.054;0.0014;0.0108;0.0001;True;True
cancellations;0.0297;0.0307;0.0321;0.0014;0.0024;0.0001;False;False
persisted;0.0107;0.0088;0.0101;0.0014;-0.0005;0.0001;False;False
prejudicial;0.0111;0.0088;0.0101;0.0014;-0.001;0.0001;False;False
inadequacy;0.0042;0.0088;0.0101;0.0014;0.006;0.0001;False;False
renegotiated;0.0093;0.0088;0.0101;0.0014;0.0008;0.0001;False;False
illegally;0.0097;0.0088;0.0101;0.0014;0.0004;0.0001;False;False
unsuccessful;0.0214;0.0088;0.0101;0.0014;-0.0112;0.0001;False;False
disappearance;0.006;0.0088;0.0101;0.0014;0.0041;0.0001;False;False
reluctance;0.0065;0.0088;0.0101;0.0014;0.0036;0.0001;False;False
invalid;0.0111;0.0088;0.0101;0.0014;-0.001;0.0001;False;False
prosecution;0.0283;0.0241;0.0253;0.0012;-0.003;0.0001;False;False
undermining;0.0158;0.0241;0.0253;0.0012;0.0095;0.0001;False;False
negligently;0.0005;0.0022;0.0034;0.0012;0.0029;0.0001;False;False
lags;0.0032;0.0022;0.0034;0.0012;0.0001;0.0001;False;False
coerced;0.0032;0.0022;0.0034;0.0012;0.0001;0.0001;False;False
unreported;0.0028;0.0022;0.0034;0.0012;0.0006;0.0001;False;False
deception;0.0046;0.0022;0.0034;0.0012;-0.0013;0.0001;False;False
indecent;0.0009;0.0022;0.0034;0.0012;0.0024;0.0001;False;False
lockouts;0.0009;0.0022;0.0034;0.0012;0.0024;0.0001;False;False
straining;0.0005;0.0022;0.0034;0.0012;0.0029;0.0001;False;False
scrutinize;0.0019;0.0022;0.0034;0.0012;0.0015;0.0001;False;False
devastated;0.0046;0.0022;0.0034;0.0012;-0.0013;0.0001;False;False
collusive;0.0019;0.0022;0.0034;0.0012;0.0015;0.0001;False;False
exacerbates;0.0005;0.0022;0.0034;0.0012;0.0029;0.0001;False;False
underreporting;0.0005;0.0022;0.0034;0.0012;0.0029;0.0001;False;False
interrupting;0.0023;0.0022;0.0034;0.0012;0.0011;0.0001;False;False
unfortunate;0.0019;0.0022;0.0034;0.0012;0.0015;0.0001;False;False
inactivated;0.0023;0.0022;0.0034;0.0012;0.0011;0.0001;False;False
unfulfilled;0.0032;0.0022;0.0034;0.0012;0.0001;0.0001;False;False
disapproval;0.0005;0.0022;0.0034;0.0012;0.0029;0.0001;False;False
underestimation;0.0065;0.0022;0.0034;0.0012;-0.0031;0.0001;False;False
reassigned;0.0046;0.0022;0.0034;0.0012;-0.0013;0.0001;False;False
cyberbullying;0.0023;0.0022;0.0034;0.0012;0.0011;0.0001;False;False
endangers;0.0032;0.0022;0.0034;0.0012;0.0001;0.0001;False;False
tampered;0.0028;0.0022;0.0034;0.0012;0.0006;0.0001;False;False
relinquish;0.0042;0.0022;0.0034;0.0012;-0.0008;0.0001;False;False
countermeasure;0.0005;0.0022;0.0034;0.0012;0.0029;0.0001;False;False
demolished;0.0051;0.0022;0.0034;0.0012;-0.0017;0.0001;False;False
unknowingly;0.0009;0.0022;0.0034;0.0012;0.0024;0.0001;False;False
misstate;0.0028;0.0022;0.0034;0.0012;0.0006;0.0001;False;False
underutilization;0.0019;0.0022;0.0034;0.0012;0.0015;0.0001;False;False
harshness;0.0014;0.0022;0.0034;0.0012;0.002;0.0001;False;False
unexpectedly;0.0084;0.0022;0.0034;0.0012;-0.005;0.0001;False;False
untimely;0.0019;0.0022;0.0034;0.0012;0.0015;0.0001;False;False
harsher;0.0046;0.0022;0.0034;0.0012;-0.0013;0.0001;False;False
sue;0.0032;0.0022;0.0034;0.0012;0.0001;0.0001;False;False
spam;0.0028;0.0022;0.0034;0.0012;0.0006;0.0001;False;False
harassed;0.0028;0.0022;0.0034;0.0012;0.0006;0.0001;True;True
fictitious;0.0009;0.0022;0.0034;0.0012;0.0024;0.0001;False;False
overstates;0.0005;0.0022;0.0034;0.0012;0.0029;0.0001;False;False
manipulations;0.0019;0.0022;0.0034;0.0012;0.0015;0.0001;False;False
scrutinizes;0.0032;0.0022;0.0034;0.0012;0.0001;0.0001;False;False
overstated;0.0028;0.0022;0.0034;0.0012;0.0006;0.0001;False;False
unavailable;0.0348;0.0614;0.0625;0.0011;0.0276;0.0001;False;False
critically;0.0497;0.0395;0.0405;0.001;-0.0092;0.0001;False;False
burdens;0.0121;0.0175;0.0186;0.001;0.0065;0.0001;False;False
deteriorate;0.0265;0.0175;0.0186;0.001;-0.0079;0.0001;False;False
break;0.0803;0.0768;0.0777;0.0009;-0.0027;0.0001;False;False
discrepancy;0.0529;0.011;0.0118;0.0009;-0.0411;0.0001;False;False
incidences;0.0167;0.011;0.0118;0.0009;-0.0049;0.0001;False;False
disagreement;0.0176;0.011;0.0118;0.0009;-0.0058;0.0001;False;False
hindering;0.0065;0.011;0.0118;0.0009;0.0053;0.0001;False;False
impairing;0.0084;0.011;0.0118;0.0009;0.0035;0.0001;False;False
impediment;0.0153;0.011;0.0118;0.0009;-0.0035;0.0001;False;False
irregularity;0.0102;0.011;0.0118;0.0009;0.0016;0.0001;False;False
prolong;0.0172;0.011;0.0118;0.0009;-0.0054;0.0001;False;False
weak;0.0845;0.114;0.1148;0.0008;0.0303;0.0001;False;False
warnings;0.0562;0.0482;0.049;0.0007;-0.0072;0.0001;False;False
persistent;0.0487;0.0482;0.049;0.0007;0.0002;0.0001;False;False
unfavourable;0.0316;0.0263;0.027;0.0007;-0.0046;0.0001;False;False
confronting;0.0088;0.0044;0.0051;0.0007;-0.0038;0.0001;False;False
conflicted;0.0042;0.0044;0.0051;0.0007;0.0009;0.0001;False;False
closings;0.007;0.0044;0.0051;0.0007;-0.0019;0.0001;False;False
mistakes;0.0214;0.0044;0.0051;0.0007;-0.0163;0.0001;False;False
disagrees;0.0042;0.0044;0.0051;0.0007;0.0009;0.0001;False;False
substandard;0.0125;0.0044;0.0051;0.0007;-0.0075;0.0001;False;False
contradiction;0.0056;0.0044;0.0051;0.0007;-0.0005;0.0001;False;False
lacked;0.006;0.0044;0.0051;0.0007;-0.001;0.0001;False;False
aggravate;0.0037;0.0044;0.0051;0.0007;0.0014;0.0001;False;False
stagnating;0.0009;0.0044;0.0051;0.0007;0.0041;0.0001;False;False
excessively;0.0046;0.0044;0.0051;0.0007;0.0004;0.0001;False;False
penalize;0.0046;0.0044;0.0051;0.0007;0.0004;0.0001;False;False
traumatic;0.0032;0.0044;0.0051;0.0007;0.0018;0.0001;False;False
confront;0.0111;0.0044;0.0051;0.0007;-0.0061;0.0001;False;False
erroneous;0.0093;0.0044;0.0051;0.0007;-0.0042;0.0001;False;False
deplete;0.0023;0.0044;0.0051;0.0007;0.0027;0.0001;False;False
manipulating;0.0051;0.0044;0.0051;0.0007;-0.0;0.0001;False;False
eroding;0.0032;0.0044;0.0051;0.0007;0.0018;0.0001;False;False
insolvent;0.007;0.0044;0.0051;0.0007;-0.0019;0.0001;False;False
lagging;0.0032;0.0044;0.0051;0.0007;0.0018;0.0001;False;False
worries;0.0028;0.0044;0.0051;0.0007;0.0023;0.0001;False;False
omitting;0.0028;0.0044;0.0051;0.0007;0.0023;0.0001;False;False
displacements;0.0056;0.0044;0.0051;0.0007;-0.0005;0.0001;False;False
discouraging;0.0051;0.0044;0.0051;0.0007;-0.0;0.0001;False;False
restates;0.0125;0.0044;0.0051;0.0007;-0.0075;0.0001;False;False
retaliated;0.0023;0.0044;0.0051;0.0007;0.0027;0.0001;False;False
defendants;0.0956;0.0417;0.0422;0.0005;-0.0534;0.0;False;False
danger;0.0288;0.0197;0.0203;0.0005;-0.0085;0.0;False;False
disadvantages;0.0181;0.0197;0.0203;0.0005;0.0022;0.0;False;False
abusive;0.0251;0.0197;0.0203;0.0005;-0.0048;0.0;False;False
divesting;0.0135;0.0132;0.0135;0.0003;0.0;0.0;False;False
debarment;0.0139;0.0132;0.0135;0.0003;-0.0004;0.0;False;False
misstated;0.0209;0.0132;0.0135;0.0003;-0.0074;0.0;False;False
inevitable;0.0111;0.0132;0.0135;0.0003;0.0024;0.0;False;False
opposition;0.0162;0.0132;0.0135;0.0003;-0.0027;0.0;False;False
ineffectiveness;0.0209;0.0285;0.0287;0.0002;0.0078;0.0;False;False
unplanned;0.0325;0.0285;0.0287;0.0002;-0.0038;0.0;False;False
infringed;0.0056;0.0066;0.0068;0.0002;0.0012;0.0;False;False
alerted;0.0065;0.0066;0.0068;0.0002;0.0003;0.0;False;False
overturned;0.0097;0.0066;0.0068;0.0002;-0.003;0.0;False;False
inaccuracy;0.0032;0.0066;0.0068;0.0002;0.0035;0.0;False;False
recessions;0.0032;0.0066;0.0068;0.0002;0.0035;0.0;False;False
punished;0.013;0.0066;0.0068;0.0002;-0.0062;0.0;False;False
incapacitated;0.0139;0.0066;0.0068;0.0002;-0.0072;0.0;False;False
condemnation;0.0032;0.0066;0.0068;0.0002;0.0035;0.0;False;False
falsification;0.0125;0.0066;0.0068;0.0002;-0.0058;0.0;False;False
bribe;0.0056;0.0066;0.0068;0.0002;0.0012;0.0;True;True
liquidations;0.0097;0.0066;0.0068;0.0002;-0.003;0.0;False;False
disregarding;0.0051;0.0066;0.0068;0.0002;0.0016;0.0;False;False
hampered;0.0079;0.0066;0.0068;0.0002;-0.0011;0.0;False;False
impediments;0.007;0.0066;0.0068;0.0002;-0.0002;0.0;False;False
complained;0.0042;0.0066;0.0068;0.0002;0.0026;0.0;False;False
mismatches;0.007;0.0066;0.0068;0.0002;-0.0002;0.0;False;False
implicated;0.0019;0.0066;0.0068;0.0002;0.0049;0.0;False;False
worsened;0.0135;0.0066;0.0068;0.0002;-0.0067;0.0;False;False
disproportionate;0.0237;0.0219;0.0219;0.0;-0.0017;0.0;False;False
standstills;0.0023;0.0;0.0;0.0;-0.0023;0.0;False;False
mistaken;0.0005;0.0;0.0;0.0;-0.0005;0.0;False;False
inequity;0.0009;0.0;0.0;0.0;-0.0009;0.0;False;False
enjoin;0.0019;0.0;0.0;0.0;-0.0019;0.0;False;False
understatement;0.0014;0.0;0.0;0.0;-0.0014;0.0;False;False
precipitated;0.0005;0.0;0.0;0.0;-0.0005;0.0;False;False
foreclosed;0.0037;0.0;0.0;0.0;-0.0037;0.0;False;False
destroys;0.0009;0.0;0.0;0.0;-0.0009;0.0;False;False
implicating;0.0005;0.0;0.0;0.0;-0.0005;0.0;False;False
subpoena;0.0009;0.0;0.0;0.0;-0.0009;0.0;False;False
calamitous;0.0005;0.0;0.0;0.0;-0.0005;0.0;False;False
drawback;0.0005;0.0;0.0;0.0;-0.0005;0.0;False;False
accusing;0.0005;0.0;0.0;0.0;-0.0005;0.0;False;False
exploitations;0.0005;0.0;0.0;0.0;-0.0005;0.0;False;False
perpetrate;0.0005;0.0;0.0;0.0;-0.0005;0.0;False;False
deterred;0.0028;0.0;0.0;0.0;-0.0028;0.0;False;False
calamity;0.0019;0.0;0.0;0.0;-0.0019;0.0;False;False
unfavorably;0.0005;0.0;0.0;0.0;-0.0005;0.0;False;False
discontinuations;0.0005;0.0;0.0;0.0;-0.0005;0.0;False;False
irreconcilable;0.0005;0.0;0.0;0.0;-0.0005;0.0;False;False
felony;0.0009;0.0;0.0;0.0;-0.0009;0.0;False;False
hindrance;0.0014;0.0;0.0;0.0;-0.0014;0.0;False;False
overlook;0.0005;0.0;0.0;0.0;-0.0005;0.0;False;False
dissent;0.0037;0.0;0.0;0.0;-0.0037;0.0;False;False
underperformed;0.0014;0.0;0.0;0.0;-0.0014;0.0;False;False
pretrial;0.0005;0.0;0.0;0.0;-0.0005;0.0;False;False
cautions;0.0019;0.0;0.0;0.0;-0.0019;0.0;False;False
contentious;0.0019;0.0;0.0;0.0;-0.0019;0.0;False;False
offenders;0.0009;0.0;0.0;0.0;-0.0009;0.0;False;False
corrupting;0.0023;0.0;0.0;0.0;-0.0023;0.0;False;False
taint;0.0005;0.0;0.0;0.0;-0.0005;0.0;False;False
boycott;0.0051;0.0;0.0;0.0;-0.0051;0.0;False;False
misappropriating;0.0023;0.0;0.0;0.0;-0.0023;0.0;False;False
overstate;0.0009;0.0;0.0;0.0;-0.0009;0.0;False;False
oversupplying;0.0005;0.0;0.0;0.0;-0.0005;0.0;False;False
tragedy;0.0037;0.0;0.0;0.0;-0.0037;0.0;False;False
penalizes;0.0005;0.0;0.0;0.0;-0.0005;0.0;False;False
annulments;0.0005;0.0;0.0;0.0;-0.0005;0.0;False;False
destabilized;0.0014;0.0;0.0;0.0;-0.0014;0.0;False;False
slander;0.0019;0.0;0.0;0.0;-0.0019;0.0;False;False
punishments;0.0005;0.0;0.0;0.0;-0.0005;0.0;False;False
prosecuting;0.0032;0.0;0.0;0.0;-0.0032;0.0;False;False
unlicensed;0.0005;0.0;0.0;0.0;-0.0005;0.0;False;False
foreclosures;0.0009;0.0;0.0;0.0;-0.0009;0.0;False;False
unreasonably;0.0019;0.0;0.0;0.0;-0.0019;0.0;False;False
forfeits;0.0023;0.0;0.0;0.0;-0.0023;0.0;False;False
litigated;0.0014;0.0;0.0;0.0;-0.0014;0.0;False;False
lacks;0.0032;0.0;0.0;0.0;-0.0032;0.0;False;False
provoking;0.0005;0.0;0.0;0.0;-0.0005;0.0;False;False
adulterated;0.0009;0.0;0.0;0.0;-0.0009;0.0;False;False
confining;0.0005;0.0;0.0;0.0;-0.0005;0.0;False;False
unsellable;0.0009;0.0;0.0;0.0;-0.0009;0.0;False;False
detract;0.0005;0.0;0.0;0.0;-0.0005;0.0;False;False
scandals;0.0005;0.0;0.0;0.0;-0.0005;0.0;False;False
intermittently;0.0005;0.0;0.0;0.0;-0.0005;0.0;False;False
wrongfully;0.0005;0.0;0.0;0.0;-0.0005;0.0;False;False
moratoriums;0.0023;0.0;0.0;0.0;-0.0023;0.0;False;False
overrun;0.0005;0.0;0.0;0.0;-0.0005;0.0;False;False
punishing;0.0014;0.0;0.0;0.0;-0.0014;0.0;False;False
depress;0.0009;0.0;0.0;0.0;-0.0009;0.0;False;False
disagreed;0.0005;0.0;0.0;0.0;-0.0005;0.0;False;False
postponements;0.0014;0.0;0.0;0.0;-0.0014;0.0;False;False
sues;0.0009;0.0;0.0;0.0;-0.0009;0.0;False;False
dissolutions;0.0009;0.0;0.0;0.0;-0.0009;0.0;False;False
contending;0.0005;0.0;0.0;0.0;-0.0005;0.0;False;False
embargoed;0.006;0.0;0.0;0.0;-0.006;0.0;False;False
prejudicing;0.0005;0.0;0.0;0.0;-0.0005;0.0;False;False
acquitting;0.0005;0.0;0.0;0.0;-0.0005;0.0;False;False
divorced;0.0005;0.0;0.0;0.0;-0.0005;0.0;False;False
accuses;0.0019;0.0;0.0;0.0;-0.0019;0.0;False;False
careless;0.0005;0.0;0.0;0.0;-0.0005;0.0;False;False
denigrates;0.0005;0.0;0.0;0.0;-0.0005;0.0;False;False
demolish;0.0005;0.0;0.0;0.0;-0.0005;0.0;False;False
interfered;0.0005;0.0;0.0;0.0;-0.0005;0.0;False;False
deprive;0.0019;0.0;0.0;0.0;-0.0019;0.0;False;False
colluded;0.0019;0.0;0.0;0.0;-0.0019;0.0;False;False
quitting;0.0014;0.0;0.0;0.0;-0.0014;0.0;False;False
defeating;0.0005;0.0;0.0;0.0;-0.0005;0.0;False;False
nullify;0.0023;0.0;0.0;0.0;-0.0023;0.0;False;False
foreclosure;0.0019;0.0;0.0;0.0;-0.0019;0.0;False;False
contractions;0.0005;0.0;0.0;0.0;-0.0005;0.0;False;False
weakest;0.0037;0.0;0.0;0.0;-0.0037;0.0;False;False
conspired;0.0065;0.0;0.0;0.0;-0.0065;0.0;False;False
protestors;0.0005;0.0;0.0;0.0;-0.0005;0.0;False;False
disappointment;0.0014;0.0;0.0;0.0;-0.0014;0.0;False;False
deceive;0.0028;0.0;0.0;0.0;-0.0028;0.0;False;False
confuse;0.0005;0.0;0.0;0.0;-0.0005;0.0;False;False
protesting;0.0005;0.0;0.0;0.0;-0.0005;0.0;False;False
pleadings;0.0042;0.0;0.0;0.0;-0.0042;0.0;False;False
improprieties;0.0005;0.0;0.0;0.0;-0.0005;0.0;False;False
impasse;0.0009;0.0;0.0;0.0;-0.0009;0.0;False;False
impedes;0.0023;0.0;0.0;0.0;-0.0023;0.0;False;False
subpoenas;0.0019;0.0;0.0;0.0;-0.0019;0.0;False;False
reassignments;0.0005;0.0;0.0;0.0;-0.0005;0.0;False;False
misjudging;0.0005;0.0;0.0;0.0;-0.0005;0.0;False;False
insurrections;0.0005;0.0;0.0;0.0;-0.0005;0.0;False;False
deleterious;0.0005;0.0;0.0;0.0;-0.0005;0.0;False;False
postpones;0.0005;0.0;0.0;0.0;-0.0005;0.0;False;False
illegality;0.0005;0.0;0.0;0.0;-0.0005;0.0;False;False
worthless;0.0005;0.0;0.0;0.0;-0.0005;0.0;False;False
curtails;0.0005;0.0;0.0;0.0;-0.0005;0.0;False;False
inconveniences;0.0005;0.0;0.0;0.0;-0.0005;0.0;False;False
slandered;0.0009;0.0;0.0;0.0;-0.0009;0.0;False;False
conciliating;0.0005;0.0;0.0;0.0;-0.0005;0.0;False;False
stagnates;0.0005;0.0;0.0;0.0;-0.0005;0.0;False;False
reassign;0.0051;0.0;0.0;0.0;-0.0051;0.0;False;False
annulling;0.0005;0.0;0.0;0.0;-0.0005;0.0;False;False
frustrate;0.0005;0.0;0.0;0.0;-0.0005;0.0;False;False
encumbering;0.0005;0.0;0.0;0.0;-0.0005;0.0;False;False
undercut;0.0019;0.0;0.0;0.0;-0.0019;0.0;False;False
discontinuance;0.0014;0.0;0.0;0.0;-0.0014;0.0;False;False
perpetrating;0.0014;0.0;0.0;0.0;-0.0014;0.0;False;False
contention;0.0009;0.0;0.0;0.0;-0.0009;0.0;False;False
abolishing;0.0019;0.0;0.0;0.0;-0.0019;0.0;False;False
purport;0.0005;0.0;0.0;0.0;-0.0005;0.0;False;False
overstating;0.0019;0.0;0.0;0.0;-0.0019;0.0;False;False
depressing;0.0009;0.0;0.0;0.0;-0.0009;0.0;False;False
tragedies;0.0009;0.0;0.0;0.0;-0.0009;0.0;False;False
defunct;0.0014;0.0;0.0;0.0;-0.0014;0.0;False;False
briberies;0.0014;0.0;0.0;0.0;-0.0014;0.0;False;False
unusable;0.0014;0.0;0.0;0.0;-0.0014;0.0;False;False
mothballing;0.0005;0.0;0.0;0.0;-0.0005;0.0;False;False
harshest;0.0005;0.0;0.0;0.0;-0.0005;0.0;False;False
stagnate;0.0019;0.0;0.0;0.0;-0.0019;0.0;False;False
detentions;0.0005;0.0;0.0;0.0;-0.0005;0.0;False;False
colluding;0.0014;0.0;0.0;0.0;-0.0014;0.0;False;False
abrogated;0.0005;0.0;0.0;0.0;-0.0005;0.0;False;False
repudiating;0.0005;0.0;0.0;0.0;-0.0005;0.0;False;False
overturns;0.0005;0.0;0.0;0.0;-0.0005;0.0;False;False
exonerated;0.0005;0.0;0.0;0.0;-0.0005;0.0;False;False
provokes;0.0005;0.0;0.0;0.0;-0.0005;0.0;False;False
mishandled;0.0019;0.0;0.0;0.0;-0.0019;0.0;False;False
invalidates;0.0028;0.0;0.0;0.0;-0.0028;0.0;False;False
disallows;0.0005;0.0;0.0;0.0;-0.0005;0.0;False;False
exonerate;0.0009;0.0;0.0;0.0;-0.0009;0.0;False;False
overloads;0.0019;0.0;0.0;0.0;-0.0019;0.0;False;False
divests;0.0005;0.0;0.0;0.0;-0.0005;0.0;False;False
lapsing;0.0009;0.0;0.0;0.0;-0.0009;0.0;False;False
incompetent;0.0005;0.0;0.0;0.0;-0.0005;0.0;False;False
expulsion;0.0005;0.0;0.0;0.0;-0.0005;0.0;False;False
incarcerated;0.0005;0.0;0.0;0.0;-0.0005;0.0;False;False
exacerbation;0.0009;0.0;0.0;0.0;-0.0009;0.0;False;False
disappointed;0.0005;0.0;0.0;0.0;-0.0005;0.0;False;False
noncomplying;0.0005;0.0;0.0;0.0;-0.0005;0.0;False;False
disappears;0.0005;0.0;0.0;0.0;-0.0005;0.0;False;False
unsuitability;0.0009;0.0;0.0;0.0;-0.0009;0.0;False;False
pleaded;0.0028;0.0;0.0;0.0;-0.0028;0.0;False;False
misjudge;0.0005;0.0;0.0;0.0;-0.0005;0.0;False;False
overestimates;0.0005;0.0;0.0;0.0;-0.0005;0.0;False;False
aberrations;0.0009;0.0;0.0;0.0;-0.0009;0.0;False;False
embezzle;0.0005;0.0;0.0;0.0;-0.0005;0.0;False;False
deceiving;0.0005;0.0;0.0;0.0;-0.0005;0.0;False;False
inexperience;0.0014;0.0;0.0;0.0;-0.0014;0.0;False;False
adulteration;0.0005;0.0;0.0;0.0;-0.0005;0.0;False;False
seizes;0.0019;0.0;0.0;0.0;-0.0019;0.0;False;False
deadlocks;0.0009;0.0;0.0;0.0;-0.0009;0.0;False;False
convict;0.0005;0.0;0.0;0.0;-0.0005;0.0;False;False
concealing;0.0005;0.0;0.0;0.0;-0.0005;0.0;False;False
injurious;0.0005;0.0;0.0;0.0;-0.0005;0.0;False;False
depriving;0.0005;0.0;0.0;0.0;-0.0005;0.0;False;False
unreasonableness;0.0005;0.0;0.0;0.0;-0.0005;0.0;False;False
overcharge;0.0005;0.0;0.0;0.0;-0.0005;0.0;False;False
collision;0.0162;0.0154;0.0152;-0.0002;-0.0011;-0.0;False;False
liquidated;0.0316;0.0154;0.0152;-0.0002;-0.0164;-0.0;False;False
wrong;0.0186;0.0154;0.0152;-0.0002;-0.0034;-0.0;False;False
contested;0.0237;0.0154;0.0152;-0.0002;-0.0085;-0.0;False;False
fined;0.02;0.0154;0.0152;-0.0002;-0.0048;-0.0;False;False
drag;0.0046;0.0088;0.0084;-0.0003;0.0038;-0.0;False;False
expropriation;0.0167;0.0088;0.0084;-0.0003;-0.0083;-0.0;False;False
curtailment;0.0097;0.0088;0.0084;-0.0003;-0.0013;-0.0;False;False
writedowns;0.0046;0.0088;0.0084;-0.0003;0.0038;-0.0;False;False
confiscation;0.0097;0.0088;0.0084;-0.0003;-0.0013;-0.0;False;False
condemn;0.0046;0.0088;0.0084;-0.0003;0.0038;-0.0;False;False
suspect;0.0135;0.0088;0.0084;-0.0003;-0.005;-0.0;False;False
poses;0.0566;0.0899;0.0895;-0.0004;0.0328;-0.0;False;False
unqualified;0.0854;0.068;0.0675;-0.0005;-0.0179;-0.0;False;False
anomalies;0.0775;0.068;0.0675;-0.0005;-0.01;-0.0;False;False
defendant;0.0269;0.0241;0.0236;-0.0005;-0.0033;-0.0;False;False
unduly;0.0218;0.0241;0.0236;-0.0005;0.0018;-0.0;False;False
disqualify;0.0009;0.0022;0.0017;-0.0005;0.0008;-0.0;False;False
disappointing;0.0042;0.0022;0.0017;-0.0005;-0.0025;-0.0;False;False
tainted;0.0014;0.0022;0.0017;-0.0005;0.0003;-0.0;False;False
usurped;0.0023;0.0022;0.0017;-0.0005;-0.0006;-0.0;False;False
overstatement;0.0028;0.0022;0.0017;-0.0005;-0.0011;-0.0;False;False
impractical;0.0028;0.0022;0.0017;-0.0005;-0.0011;-0.0;False;False
deteriorations;0.0005;0.0022;0.0017;-0.0005;0.0012;-0.0;False;False
cumbersome;0.0009;0.0022;0.0017;-0.0005;0.0008;-0.0;False;False
troubled;0.0037;0.0022;0.0017;-0.0005;-0.002;-0.0;False;False
wasteful;0.0009;0.0022;0.0017;-0.0005;0.0008;-0.0;False;False
unrecovered;0.0019;0.0022;0.0017;-0.0005;-0.0002;-0.0;False;False
misusing;0.0023;0.0022;0.0017;-0.0005;-0.0006;-0.0;False;False
compulsion;0.0009;0.0022;0.0017;-0.0005;0.0008;-0.0;False;False
harass;0.0014;0.0022;0.0017;-0.0005;0.0003;-0.0;False;False
delinquencies;0.0014;0.0022;0.0017;-0.0005;0.0003;-0.0;False;False
overvalued;0.0009;0.0022;0.0017;-0.0005;0.0008;-0.0;False;False
distorts;0.0014;0.0022;0.0017;-0.0005;0.0003;-0.0;False;False
downsize;0.0005;0.0022;0.0017;-0.0005;0.0012;-0.0;False;False
fallout;0.0056;0.0022;0.0017;-0.0005;-0.0039;-0.0;False;False
worsens;0.0014;0.0022;0.0017;-0.0005;0.0003;-0.0;False;False
misstating;0.0014;0.0022;0.0017;-0.0005;0.0003;-0.0;False;False
distract;0.0028;0.0022;0.0017;-0.0005;-0.0011;-0.0;False;False
refusing;0.006;0.0022;0.0017;-0.0005;-0.0043;-0.0;False;False
misunderstanding;0.0042;0.0022;0.0017;-0.0005;-0.0025;-0.0;False;False
divulged;0.0042;0.0022;0.0017;-0.0005;-0.0025;-0.0;False;False
tolerates;0.0023;0.0022;0.0017;-0.0005;-0.0006;-0.0;False;False
counterfeiters;0.0037;0.0022;0.0017;-0.0005;-0.002;-0.0;False;False
purporting;0.0014;0.0022;0.0017;-0.0005;0.0003;-0.0;False;False
foregone;0.0023;0.0022;0.0017;-0.0005;-0.0006;-0.0;False;False
voiding;0.0014;0.0022;0.0017;-0.0005;0.0003;-0.0;False;False
unneeded;0.0009;0.0022;0.0017;-0.0005;0.0008;-0.0;False;False
stressful;0.0046;0.0022;0.0017;-0.0005;-0.003;-0.0;False;False
perpetration;0.0023;0.0022;0.0017;-0.0005;-0.0006;-0.0;False;False
overturn;0.0056;0.0022;0.0017;-0.0005;-0.0039;-0.0;False;False
unrecoverable;0.0019;0.0022;0.0017;-0.0005;-0.0002;-0.0;False;False
moratorium;0.0074;0.0022;0.0017;-0.0005;-0.0057;-0.0;False;False
exploits;0.0037;0.0022;0.0017;-0.0005;-0.002;-0.0;False;False
demoted;0.0005;0.0022;0.0017;-0.0005;0.0012;-0.0;False;False
divulge;0.0028;0.0022;0.0017;-0.0005;-0.0011;-0.0;False;False
unoccupied;0.0005;0.0022;0.0017;-0.0005;0.0012;-0.0;False;False
collapsed;0.0009;0.0022;0.0017;-0.0005;0.0008;-0.0;False;False
objectionable;0.0014;0.0022;0.0017;-0.0005;0.0003;-0.0;False;False
tolerating;0.0019;0.0022;0.0017;-0.0005;-0.0002;-0.0;False;False
distractions;0.0032;0.0022;0.0017;-0.0005;-0.0016;-0.0;False;False
petty;0.0028;0.0022;0.0017;-0.0005;-0.0011;-0.0;False;False
debarred;0.0009;0.0022;0.0017;-0.0005;0.0008;-0.0;False;False
riskiest;0.0019;0.0022;0.0017;-0.0005;-0.0002;-0.0;False;False
lockout;0.0009;0.0022;0.0017;-0.0005;0.0008;-0.0;False;False
suing;0.0014;0.0022;0.0017;-0.0005;0.0003;-0.0;False;False
immoral;0.0028;0.0022;0.0017;-0.0005;-0.0011;-0.0;False;False
misrepresented;0.0019;0.0022;0.0017;-0.0005;-0.0002;-0.0;False;False
nuisance;0.007;0.0022;0.0017;-0.0005;-0.0053;-0.0;False;False
bribing;0.0014;0.0022;0.0017;-0.0005;0.0003;-0.0;False;False
forestall;0.0019;0.0022;0.0017;-0.0005;-0.0002;-0.0;False;False
disallowed;0.0019;0.0022;0.0017;-0.0005;-0.0002;-0.0;False;False
misappropriated;0.0042;0.0022;0.0017;-0.0005;-0.0025;-0.0;False;False
restructures;0.0005;0.0022;0.0017;-0.0005;0.0012;-0.0;False;False
corrupted;0.0019;0.0022;0.0017;-0.0005;-0.0002;-0.0;False;False
uncompleted;0.0023;0.0022;0.0017;-0.0005;-0.0006;-0.0;False;False
unpredictably;0.0023;0.0022;0.0017;-0.0005;-0.0006;-0.0;False;False
deceptive;0.0005;0.0022;0.0017;-0.0005;0.0012;-0.0;False;False
inappropriately;0.0051;0.0022;0.0017;-0.0005;-0.0034;-0.0;False;False
deadlock;0.0019;0.0022;0.0017;-0.0005;-0.0002;-0.0;False;False
disgorgements;0.0032;0.0022;0.0017;-0.0005;-0.0016;-0.0;False;False
overturning;0.0009;0.0022;0.0017;-0.0005;0.0008;-0.0;False;False
sentencing;0.0019;0.0022;0.0017;-0.0005;-0.0002;-0.0;False;False
eviction;0.0019;0.0022;0.0017;-0.0005;-0.0002;-0.0;False;False
forfeit;0.0056;0.0022;0.0017;-0.0005;-0.0039;-0.0;False;False
delisted;0.0046;0.0022;0.0017;-0.0005;-0.003;-0.0;False;False
renouncing;0.0028;0.0022;0.0017;-0.0005;-0.0011;-0.0;False;False
embezzling;0.0023;0.0022;0.0017;-0.0005;-0.0006;-0.0;False;False
mothballed;0.0009;0.0022;0.0017;-0.0005;0.0008;-0.0;False;False
erratic;0.0023;0.0022;0.0017;-0.0005;-0.0006;-0.0;False;False
disregards;0.0028;0.0022;0.0017;-0.0005;-0.0011;-0.0;False;False
markdown;0.0009;0.0022;0.0017;-0.0005;0.0008;-0.0;False;False
oversupplies;0.0051;0.0022;0.0017;-0.0005;-0.0034;-0.0;False;False
renounced;0.0023;0.0022;0.0017;-0.0005;-0.0006;-0.0;False;False
postponing;0.0046;0.0022;0.0017;-0.0005;-0.003;-0.0;False;False
nonrenewal;0.0023;0.0022;0.0017;-0.0005;-0.0006;-0.0;False;False
deceit;0.0014;0.0022;0.0017;-0.0005;0.0003;-0.0;False;False
disturb;0.0042;0.0022;0.0017;-0.0005;-0.0025;-0.0;False;False
bribed;0.0023;0.0022;0.0017;-0.0005;-0.0006;-0.0;False;False
unmarketable;0.0019;0.0022;0.0017;-0.0005;-0.0002;-0.0;False;False
hampers;0.0019;0.0022;0.0017;-0.0005;-0.0002;-0.0;False;False
overstatements;0.0005;0.0022;0.0017;-0.0005;0.0012;-0.0;False;False
exaggeration;0.0014;0.0022;0.0017;-0.0005;0.0003;-0.0;False;False
curtailments;0.0032;0.0022;0.0017;-0.0005;-0.0016;-0.0;False;False
layoff;0.0023;0.0022;0.0017;-0.0005;-0.0006;-0.0;False;False
precluded;0.0032;0.0022;0.0017;-0.0005;-0.0016;-0.0;False;False
incapable;0.007;0.0022;0.0017;-0.0005;-0.0053;-0.0;False;False
fraudulently;0.0046;0.0022;0.0017;-0.0005;-0.003;-0.0;False;False
dismisses;0.0028;0.0022;0.0017;-0.0005;-0.0011;-0.0;False;False
provoke;0.0019;0.0022;0.0017;-0.0005;-0.0002;-0.0;False;False
displaces;0.0005;0.0022;0.0017;-0.0005;0.0012;-0.0;False;False
devastation;0.0019;0.0022;0.0017;-0.0005;-0.0002;-0.0;False;False
relinquishment;0.0056;0.0022;0.0017;-0.0005;-0.0039;-0.0;False;False
encroachment;0.0051;0.0022;0.0017;-0.0005;-0.0034;-0.0;False;False
warns;0.0037;0.0022;0.0017;-0.0005;-0.002;-0.0;False;False
erosion;0.0766;0.0833;0.0827;-0.0006;0.0061;-0.0;False;False
countermeasures;0.0659;0.0614;0.0608;-0.0006;-0.0051;-0.0;False;False
susceptible;0.0223;0.0395;0.0388;-0.0006;0.0165;-0.0;False;False
stoppages;0.0325;0.0395;0.0388;-0.0006;0.0063;-0.0;False;False
unanticipated;0.02;0.0175;0.0169;-0.0007;-0.0031;-0.0001;False;False
summoned;0.0153;0.0175;0.0169;-0.0007;0.0016;-0.0001;False;False
embargo;0.0283;0.0175;0.0169;-0.0007;-0.0114;-0.0001;False;False
shutdowns;0.0269;0.0175;0.0169;-0.0007;-0.01;-0.0001;False;False
undue;0.0525;0.0548;0.054;-0.0008;0.0016;-0.0001;False;False
fired;0.0107;0.011;0.0101;-0.0008;-0.0005;-0.0001;False;False
cautioned;0.007;0.011;0.0101;-0.0008;0.0032;-0.0001;False;False
discourage;0.0121;0.011;0.0101;-0.0008;-0.0019;-0.0001;False;False
resigns;0.0181;0.011;0.0101;-0.0008;-0.008;-0.0001;False;False
verdicts;0.006;0.011;0.0101;-0.0008;0.0041;-0.0001;False;False
injunctions;0.0162;0.011;0.0101;-0.0008;-0.0061;-0.0001;False;False
violent;0.0158;0.011;0.0101;-0.0008;-0.0057;-0.0001;False;False
anomalous;0.0088;0.011;0.0101;-0.0008;0.0013;-0.0001;False;False
harsh;0.0125;0.011;0.0101;-0.0008;-0.0024;-0.0001;False;False
illegal;0.1829;0.2018;0.2009;-0.0009;0.018;-0.0001;False;False
precludes;0.0543;0.0482;0.0473;-0.001;-0.007;-0.0001;False;False
deviate;0.0608;0.0482;0.0473;-0.001;-0.0135;-0.0001;False;False
drawbacks;0.0028;0.0044;0.0034;-0.001;0.0006;-0.0001;False;False
rationalized;0.0014;0.0044;0.0034;-0.001;0.002;-0.0001;False;False
infractions;0.006;0.0044;0.0034;-0.001;-0.0027;-0.0001;False;False
revoke;0.013;0.0044;0.0034;-0.001;-0.0096;-0.0001;False;False
pervasiveness;0.0014;0.0044;0.0034;-0.001;0.002;-0.0001;False;False
bankruptcies;0.0032;0.0044;0.0034;-0.001;0.0001;-0.0001;False;False
quit;0.0032;0.0044;0.0034;-0.001;0.0001;-0.0001;False;False
prosecuted;0.0056;0.0044;0.0034;-0.001;-0.0022;-0.0001;False;False
deviating;0.0046;0.0044;0.0034;-0.001;-0.0013;-0.0001;False;False
shrinkage;0.0019;0.0044;0.0034;-0.001;0.0015;-0.0001;False;False
involuntarily;0.007;0.0044;0.0034;-0.001;-0.0036;-0.0001;False;False
strained;0.0074;0.0044;0.0034;-0.001;-0.0041;-0.0001;False;False
invalidated;0.0056;0.0044;0.0034;-0.001;-0.0022;-0.0001;False;False
argued;0.0032;0.0044;0.0034;-0.001;0.0001;-0.0001;False;False
disqualifications;0.0046;0.0044;0.0034;-0.001;-0.0013;-0.0001;False;False
disgorgement;0.0079;0.0044;0.0034;-0.001;-0.0045;-0.0001;False;False
dysfunctions;0.0046;0.0044;0.0034;-0.001;-0.0013;-0.0001;False;False
condemns;0.0097;0.0044;0.0034;-0.001;-0.0064;-0.0001;False;False
overestimating;0.0014;0.0044;0.0034;-0.001;0.002;-0.0001;False;False
disturbed;0.0051;0.0044;0.0034;-0.001;-0.0017;-0.0001;False;False
forfeitures;0.006;0.0044;0.0034;-0.001;-0.0027;-0.0001;False;False
unintentionally;0.0028;0.0044;0.0034;-0.001;0.0006;-0.0001;False;False
downtimes;0.0079;0.0044;0.0034;-0.001;-0.0045;-0.0001;False;False
destabilization;0.0014;0.0044;0.0034;-0.001;0.002;-0.0001;False;False
groundless;0.0051;0.0044;0.0034;-0.001;-0.0017;-0.0001;False;False
harms;0.0032;0.0044;0.0034;-0.001;0.0001;-0.0001;False;False
flaws;0.0051;0.0044;0.0034;-0.001;-0.0017;-0.0001;False;False
sacrificing;0.0019;0.0044;0.0034;-0.001;0.0015;-0.0001;False;False
neglect;0.0074;0.0044;0.0034;-0.001;-0.0041;-0.0001;False;False
lie;0.0395;0.0417;0.0405;-0.0012;0.0011;-0.0001;False;False
idle;0.0125;0.0197;0.0186;-0.0012;0.006;-0.0001;False;False
onerous;0.0246;0.0197;0.0186;-0.0012;-0.006;-0.0001;False;False
investigating;0.1109;0.1009;0.0996;-0.0013;-0.0113;-0.0001;False;False
outage;0.0153;0.0132;0.0118;-0.0013;-0.0035;-0.0001;False;False
abandonment;0.0209;0.0132;0.0118;-0.0013;-0.0091;-0.0001;False;False
destroy;0.0046;0.0132;0.0118;-0.0013;0.0072;-0.0001;False;False
summons;0.0051;0.0066;0.0051;-0.0015;-0.0;-0.0001;False;False
disputing;0.0093;0.0066;0.0051;-0.0015;-0.0042;-0.0001;False;False
curtailed;0.0019;0.0066;0.0051;-0.0015;0.0032;-0.0001;False;False
manipulate;0.0019;0.0066;0.0051;-0.0015;0.0032;-0.0001;False;False
setbacks;0.0116;0.0066;0.0051;-0.0015;-0.0065;-0.0001;False;False
susceptibility;0.0051;0.0066;0.0051;-0.0015;-0.0;-0.0001;False;False
imprisonment;0.0065;0.0066;0.0051;-0.0015;-0.0014;-0.0001;False;False
counterclaims;0.0056;0.0066;0.0051;-0.0015;-0.0005;-0.0001;False;False
distort;0.0079;0.0066;0.0051;-0.0015;-0.0028;-0.0001;False;False
neglecting;0.0037;0.0066;0.0051;-0.0015;0.0014;-0.0001;False;False
reassignment;0.0079;0.0066;0.0051;-0.0015;-0.0028;-0.0001;False;False
impeded;0.0097;0.0066;0.0051;-0.0015;-0.0047;-0.0001;False;False
hinders;0.0046;0.0066;0.0051;-0.0015;0.0004;-0.0001;False;False
forbids;0.0065;0.0066;0.0051;-0.0015;-0.0014;-0.0001;False;False
disqualifying;0.0093;0.0066;0.0051;-0.0015;-0.0042;-0.0001;False;False
denying;0.0056;0.0066;0.0051;-0.0015;-0.0005;-0.0001;False;False
annulled;0.0084;0.0066;0.0051;-0.0015;-0.0033;-0.0001;False;False
imprudent;0.0065;0.0066;0.0051;-0.0015;-0.0014;-0.0001;False;False
discouraged;0.0037;0.0066;0.0051;-0.0015;0.0014;-0.0001;False;False
accidentally;0.0032;0.0066;0.0051;-0.0015;0.0018;-0.0001;False;False
turmoil;0.0121;0.0066;0.0051;-0.0015;-0.007;-0.0001;False;False
lapse;0.0422;0.0439;0.0422;-0.0017;-0.0;-0.0001;False;False
insolvency;0.084;0.0811;0.0793;-0.0018;-0.0047;-0.0001;False;False
recession;0.0446;0.0373;0.0354;-0.0018;-0.0091;-0.0001;False;False
bottlenecks;0.0548;0.0373;0.0354;-0.0018;-0.0193;-0.0001;False;False
disrupted;0.0473;0.0373;0.0354;-0.0018;-0.0119;-0.0001;False;False
nuisances;0.0241;0.0154;0.0135;-0.0018;-0.0106;-0.0001;False;False
objection;0.0223;0.0154;0.0135;-0.0018;-0.0088;-0.0001;False;False
degrading;0.0116;0.0154;0.0135;-0.0018;0.0019;-0.0001;False;False
restructure;0.0172;0.0154;0.0135;-0.0018;-0.0037;-0.0001;False;False
embezzlement;0.0162;0.0154;0.0135;-0.0018;-0.0027;-0.0001;False;False
undesired;0.0139;0.0154;0.0135;-0.0018;-0.0004;-0.0001;False;False
cyberattack;0.0288;0.0307;0.0287;-0.002;-0.0001;-0.0002;False;False
negligence;0.0617;0.0307;0.0287;-0.002;-0.033;-0.0002;False;False
overdue;0.0116;0.0088;0.0068;-0.002;-0.0049;-0.0002;False;False
opposes;0.0037;0.0088;0.0068;-0.002;0.003;-0.0002;False;False
liquidating;0.0084;0.0088;0.0068;-0.002;-0.0016;-0.0002;False;False
inadequately;0.0097;0.0088;0.0068;-0.002;-0.003;-0.0002;False;False
wrongdoings;0.0028;0.0088;0.0068;-0.002;0.004;-0.0002;False;False
misused;0.0149;0.0088;0.0068;-0.002;-0.0081;-0.0002;False;False
obstruct;0.0037;0.0088;0.0068;-0.002;0.003;-0.0002;False;False
impossibility;0.0084;0.0088;0.0068;-0.002;-0.0016;-0.0002;False;False
redress;0.0158;0.0088;0.0068;-0.002;-0.009;-0.0002;False;False
insolvencies;0.0079;0.0088;0.0068;-0.002;-0.0011;-0.0002;False;False
unaware;0.0065;0.0088;0.0068;-0.002;0.0003;-0.0002;False;False
refuses;0.0079;0.0088;0.0068;-0.002;-0.0011;-0.0002;False;False
dispute;0.0989;0.0899;0.0878;-0.0021;-0.0111;-0.0002;False;False
disproportionately;0.0176;0.0241;0.0219;-0.0022;0.0043;-0.0002;False;False
degrades;0.0023;0.0022;0.0;-0.0022;-0.0023;-0.0002;False;False
protested;0.0005;0.0022;0.0;-0.0022;-0.0005;-0.0002;False;False
inefficiency;0.0019;0.0022;0.0;-0.0022;-0.0019;-0.0002;False;False
unsure;0.0019;0.0022;0.0;-0.0022;-0.0019;-0.0002;False;False
unsaleable;0.0005;0.0022;0.0;-0.0022;-0.0005;-0.0002;False;False
extenuating;0.0005;0.0022;0.0;-0.0022;-0.0005;-0.0002;False;False
censures;0.0014;0.0022;0.0;-0.0022;-0.0014;-0.0002;False;False
distracting;0.0005;0.0022;0.0;-0.0022;-0.0005;-0.0002;False;False
provoked;0.0005;0.0022;0.0;-0.0022;-0.0005;-0.0002;False;False
disappeared;0.0019;0.0022;0.0;-0.0022;-0.0019;-0.0002;False;False
understating;0.0009;0.0022;0.0;-0.0022;-0.0009;-0.0002;False;False
overloading;0.0005;0.0022;0.0;-0.0022;-0.0005;-0.0002;False;False
monopolizes;0.0005;0.0022;0.0;-0.0022;-0.0005;-0.0002;False;False
disagreeing;0.0005;0.0022;0.0;-0.0022;-0.0005;-0.0002;False;False
nonpayment;0.0005;0.0022;0.0;-0.0022;-0.0005;-0.0002;False;False
noncompetitive;0.0005;0.0022;0.0;-0.0022;-0.0005;-0.0002;False;False
worry;0.0028;0.0022;0.0;-0.0022;-0.0028;-0.0002;False;False
unattractive;0.0028;0.0022;0.0;-0.0022;-0.0028;-0.0002;False;False
demolishing;0.0019;0.0022;0.0;-0.0022;-0.0019;-0.0002;False;False
confronts;0.0009;0.0022;0.0;-0.0022;-0.0009;-0.0002;False;False
unproductive;0.0009;0.0022;0.0;-0.0022;-0.0009;-0.0002;False;False
unjust;0.0005;0.0022;0.0;-0.0022;-0.0005;-0.0002;False;False
overshadowed;0.0028;0.0022;0.0;-0.0022;-0.0028;-0.0002;False;False
ineffectively;0.0028;0.0022;0.0;-0.0022;-0.0028;-0.0002;False;False
displacing;0.0023;0.0022;0.0;-0.0022;-0.0023;-0.0002;False;False
contradicts;0.0014;0.0022;0.0;-0.0022;-0.0014;-0.0002;False;False
dishonestly;0.0014;0.0022;0.0;-0.0022;-0.0014;-0.0002;False;False
recklessly;0.0005;0.0022;0.0;-0.0022;-0.0005;-0.0002;False;False
impairs;0.0009;0.0022;0.0;-0.0022;-0.0009;-0.0002;False;False
inactions;0.0028;0.0022;0.0;-0.0022;-0.0028;-0.0002;False;False
contradictions;0.0019;0.0022;0.0;-0.0022;-0.0019;-0.0002;False;False
denials;0.0009;0.0022;0.0;-0.0022;-0.0009;-0.0002;False;False
dysfunction;0.0014;0.0022;0.0;-0.0022;-0.0014;-0.0002;False;False
setback;0.0009;0.0022;0.0;-0.0022;-0.0009;-0.0002;False;False
abrogation;0.0005;0.0022;0.0;-0.0022;-0.0005;-0.0002;False;False
abolish;0.0051;0.0022;0.0;-0.0022;-0.0051;-0.0002;False;False
suspends;0.0019;0.0022;0.0;-0.0022;-0.0019;-0.0002;False;False
deters;0.0005;0.0022;0.0;-0.0022;-0.0005;-0.0002;False;False
culpability;0.0014;0.0022;0.0;-0.0022;-0.0014;-0.0002;False;False
counterfeited;0.0009;0.0022;0.0;-0.0022;-0.0009;-0.0002;False;False
violently;0.0005;0.0022;0.0;-0.0022;-0.0005;-0.0002;False;False
litigants;0.0005;0.0022;0.0;-0.0022;-0.0005;-0.0002;False;False
inactivity;0.0023;0.0022;0.0;-0.0022;-0.0023;-0.0002;False;False
misunderstood;0.0023;0.0022;0.0;-0.0022;-0.0023;-0.0002;False;False
encroach;0.0014;0.0022;0.0;-0.0022;-0.0014;-0.0002;False;False
mistake;0.0028;0.0022;0.0;-0.0022;-0.0028;-0.0002;False;False
underinsured;0.0023;0.0022;0.0;-0.0022;-0.0023;-0.0002;False;False
repudiation;0.0028;0.0022;0.0;-0.0022;-0.0028;-0.0002;False;False
unjustly;0.0014;0.0022;0.0;-0.0022;-0.0014;-0.0002;False;False
uncollectible;0.0009;0.0022;0.0;-0.0022;-0.0009;-0.0002;False;False
arrested;0.0005;0.0022;0.0;-0.0022;-0.0005;-0.0002;False;False
rationalizing;0.0009;0.0022;0.0;-0.0022;-0.0009;-0.0002;False;False
unapproved;0.0014;0.0022;0.0;-0.0022;-0.0014;-0.0002;False;False
invalidating;0.0009;0.0022;0.0;-0.0022;-0.0009;-0.0002;False;False
suffers;0.0009;0.0022;0.0;-0.0022;-0.0009;-0.0002;False;False
complaining;0.0037;0.0022;0.0;-0.0022;-0.0037;-0.0002;False;False
coercive;0.0028;0.0022;0.0;-0.0022;-0.0028;-0.0002;False;False
adversities;0.0019;0.0022;0.0;-0.0022;-0.0019;-0.0002;False;False
renegotiating;0.0028;0.0022;0.0;-0.0022;-0.0028;-0.0002;False;False
objecting;0.0028;0.0022;0.0;-0.0022;-0.0028;-0.0002;False;False
vitiation;0.0005;0.0022;0.0;-0.0022;-0.0005;-0.0002;False;False
overshadow;0.0009;0.0022;0.0;-0.0022;-0.0009;-0.0002;False;False
underpayment;0.0028;0.0022;0.0;-0.0022;-0.0028;-0.0002;False;False
forbidding;0.0032;0.0022;0.0;-0.0022;-0.0032;-0.0002;False;False
expropriated;0.0009;0.0022;0.0;-0.0022;-0.0009;-0.0002;False;False
argument;0.0065;0.0022;0.0;-0.0022;-0.0065;-0.0002;False;False
cybercrimes;0.0023;0.0022;0.0;-0.0022;-0.0023;-0.0002;False;False
devolved;0.0005;0.0022;0.0;-0.0022;-0.0005;-0.0002;False;False
oversupplied;0.0005;0.0022;0.0;-0.0022;-0.0005;-0.0002;False;False
writeoff;0.0014;0.0022;0.0;-0.0022;-0.0014;-0.0002;False;False
purportedly;0.0051;0.0022;0.0;-0.0022;-0.0051;-0.0002;False;False
contended;0.0023;0.0022;0.0;-0.0022;-0.0023;-0.0002;False;False
inhibited;0.0005;0.0022;0.0;-0.0022;-0.0005;-0.0002;False;False
disastrous;0.0009;0.0022;0.0;-0.0022;-0.0009;-0.0002;False;False
erodes;0.0005;0.0022;0.0;-0.0022;-0.0005;-0.0002;False;False
abusiveness;0.0023;0.0022;0.0;-0.0022;-0.0023;-0.0002;False;False
moratoria;0.0371;0.0022;0.0;-0.0022;-0.0371;-0.0002;False;False
misrepresent;0.0005;0.0022;0.0;-0.0022;-0.0005;-0.0002;False;False
delinquency;0.0023;0.0022;0.0;-0.0022;-0.0023;-0.0002;False;False
frivolous;0.0009;0.0022;0.0;-0.0022;-0.0009;-0.0002;False;False
offends;0.0005;0.0022;0.0;-0.0022;-0.0005;-0.0002;False;False
stagnant;0.0009;0.0022;0.0;-0.0022;-0.0009;-0.0002;False;False
nonfunctional;0.0019;0.0022;0.0;-0.0022;-0.0019;-0.0002;False;False
evaded;0.0014;0.0022;0.0;-0.0022;-0.0014;-0.0002;False;False
circumventing;0.0009;0.0022;0.0;-0.0022;-0.0009;-0.0002;False;False
collude;0.0009;0.0022;0.0;-0.0022;-0.0009;-0.0002;False;False
misappropriation;0.0348;0.0395;0.0371;-0.0023;0.0023;-0.0002;False;False
opposed;0.052;0.0395;0.0371;-0.0023;-0.0149;-0.0002;False;False
defaults;0.0422;0.0395;0.0371;-0.0023;-0.0051;-0.0002;False;False
tense;0.0135;0.0175;0.0152;-0.0024;0.0017;-0.0002;False;False
persisting;0.0074;0.0175;0.0152;-0.0024;0.0078;-0.0002;False;False
terminations;0.0469;0.0329;0.0304;-0.0025;-0.0165;-0.0002;False;False
attrition;0.0311;0.0329;0.0304;-0.0025;-0.0007;-0.0002;False;False
hindered;0.0065;0.011;0.0084;-0.0025;0.0019;-0.0002;False;False
persists;0.0042;0.011;0.0084;-0.0025;0.0043;-0.0002;False;False
flawed;0.0037;0.011;0.0084;-0.0025;0.0047;-0.0002;False;False
unsubstantiated;0.007;0.011;0.0084;-0.0025;0.0015;-0.0002;False;False
disadvantageous;0.0125;0.011;0.0084;-0.0025;-0.0041;-0.0002;False;False
diminishing;0.0074;0.011;0.0084;-0.0025;0.001;-0.0002;False;False
allegation;0.0251;0.0263;0.0236;-0.0027;-0.0014;-0.0002;False;False
abused;0.0093;0.0044;0.0017;-0.0027;-0.0076;-0.0002;False;False
redressed;0.0037;0.0044;0.0017;-0.0027;-0.002;-0.0002;False;False
distracted;0.0037;0.0044;0.0017;-0.0027;-0.002;-0.0002;False;False
recessionary;0.0028;0.0044;0.0017;-0.0027;-0.0011;-0.0002;False;False
uneconomic;0.0014;0.0044;0.0017;-0.0027;0.0003;-0.0002;False;False
arrest;0.0028;0.0044;0.0017;-0.0027;-0.0011;-0.0002;False;False
underperforms;0.0028;0.0044;0.0017;-0.0027;-0.0011;-0.0002;False;False
confrontation;0.0074;0.0044;0.0017;-0.0027;-0.0057;-0.0002;False;False
understated;0.0019;0.0044;0.0017;-0.0027;-0.0002;-0.0002;False;False
distorted;0.0032;0.0044;0.0017;-0.0027;-0.0016;-0.0002;False;False
opportunistic;0.0046;0.0044;0.0017;-0.0027;-0.003;-0.0002;False;False
indictments;0.0056;0.0044;0.0017;-0.0027;-0.0039;-0.0002;False;False
reassigning;0.0032;0.0044;0.0017;-0.0027;-0.0016;-0.0002;False;False
testifying;0.0093;0.0044;0.0017;-0.0027;-0.0076;-0.0002;False;False
adversaries;0.0051;0.0044;0.0017;-0.0027;-0.0034;-0.0002;False;False
inequitable;0.0032;0.0044;0.0017;-0.0027;-0.0016;-0.0002;False;False
accuse;0.0009;0.0044;0.0017;-0.0027;0.0008;-0.0002;False;False
inattention;0.0051;0.0044;0.0017;-0.0027;-0.0034;-0.0002;False;False
encroaching;0.0023;0.0044;0.0017;-0.0027;-0.0006;-0.0002;False;False
derogatory;0.0028;0.0044;0.0017;-0.0027;-0.0011;-0.0002;False;False
offending;0.0019;0.0044;0.0017;-0.0027;-0.0002;-0.0002;False;False
hardships;0.0032;0.0044;0.0017;-0.0027;-0.0016;-0.0002;False;False
fears;0.0088;0.0044;0.0017;-0.0027;-0.0071;-0.0002;False;False
nondisclosure;0.0032;0.0044;0.0017;-0.0027;-0.0016;-0.0002;False;False
indicted;0.0139;0.0044;0.0017;-0.0027;-0.0122;-0.0002;False;False
adversity;0.0037;0.0044;0.0017;-0.0027;-0.002;-0.0002;False;False
evade;0.0009;0.0044;0.0017;-0.0027;0.0008;-0.0002;False;False
wasting;0.0084;0.0044;0.0017;-0.0027;-0.0067;-0.0002;False;False
underestimating;0.0019;0.0044;0.0017;-0.0027;-0.0002;-0.0002;False;False
underestimated;0.0079;0.0044;0.0017;-0.0027;-0.0062;-0.0002;False;False
protest;0.0046;0.0044;0.0017;-0.0027;-0.003;-0.0002;False;False
frustration;0.0037;0.0044;0.0017;-0.0027;-0.002;-0.0002;False;False
nullifying;0.0023;0.0044;0.0017;-0.0027;-0.0006;-0.0002;False;False
standstill;0.0084;0.0044;0.0017;-0.0027;-0.0067;-0.0002;False;False
imperfections;0.0037;0.0044;0.0017;-0.0027;-0.002;-0.0002;False;False
reparation;0.0019;0.0044;0.0017;-0.0027;-0.0002;-0.0002;False;False
reluctant;0.0028;0.0044;0.0017;-0.0027;-0.0011;-0.0002;False;False
circumvention;0.019;0.0417;0.0388;-0.0028;0.0198;-0.0002;False;False
ceases;0.0636;0.0417;0.0388;-0.0028;-0.0248;-0.0002;False;False
restructured;0.0223;0.0197;0.0169;-0.0029;-0.0054;-0.0002;False;False
unreliable;0.0111;0.0197;0.0169;-0.0029;0.0057;-0.0002;False;False
missed;0.0511;0.0351;0.0321;-0.003;-0.019;-0.0002;False;False
deter;0.0214;0.0132;0.0101;-0.003;-0.0112;-0.0002;False;False
abrupt;0.0084;0.0132;0.0101;-0.003;0.0018;-0.0002;False;False
stagnation;0.0102;0.0132;0.0101;-0.003;-0.0001;-0.0002;False;False
corrupt;0.0849;0.0724;0.0692;-0.0032;-0.0157;-0.0002;True;True
accused;0.0344;0.0285;0.0253;-0.0032;-0.009;-0.0002;False;False
deliberated;0.0506;0.0285;0.0253;-0.0032;-0.0253;-0.0002;False;False
distressed;0.006;0.0066;0.0034;-0.0032;-0.0027;-0.0002;False;False
malfeasance;0.0042;0.0066;0.0034;-0.0032;-0.0008;-0.0002;False;False
disclaims;0.0023;0.0066;0.0034;-0.0032;0.0011;-0.0002;False;False
malice;0.0079;0.0066;0.0034;-0.0032;-0.0045;-0.0002;False;False
bail;0.0051;0.0066;0.0034;-0.0032;-0.0017;-0.0002;False;False
dampen;0.0037;0.0066;0.0034;-0.0032;-0.0003;-0.0002;False;False
deterrent;0.0046;0.0066;0.0034;-0.0032;-0.0013;-0.0002;False;False
uncovering;0.0019;0.0066;0.0034;-0.0032;0.0015;-0.0002;False;False
unacceptably;0.0051;0.0066;0.0034;-0.0032;-0.0017;-0.0002;False;False
abolished;0.0042;0.0066;0.0034;-0.0032;-0.0008;-0.0002;False;False
burdensome;0.0019;0.0066;0.0034;-0.0032;0.0015;-0.0002;False;False
eroded;0.0042;0.0066;0.0034;-0.0032;-0.0008;-0.0002;False;False
renounce;0.013;0.0066;0.0034;-0.0032;-0.0096;-0.0002;False;False
disqualification;0.0121;0.0066;0.0034;-0.0032;-0.0087;-0.0002;False;False
deviated;0.0097;0.0066;0.0034;-0.0032;-0.0064;-0.0002;False;False
misinterpretation;0.0079;0.0066;0.0034;-0.0032;-0.0045;-0.0002;False;False
voided;0.0028;0.0066;0.0034;-0.0032;0.0006;-0.0002;False;False
dereliction;0.0065;0.0066;0.0034;-0.0032;-0.0031;-0.0002;False;False
refusal;0.0158;0.0219;0.0186;-0.0034;0.0028;-0.0003;False;False
prone;0.0149;0.0219;0.0186;-0.0034;0.0037;-0.0003;False;False
exploiting;0.026;0.0219;0.0186;-0.0034;-0.0074;-0.0003;False;False
unwilling;0.0097;0.0154;0.0118;-0.0035;0.0021;-0.0003;False;False
opposing;0.0125;0.0154;0.0118;-0.0035;-0.0007;-0.0003;False;False
curtail;0.0176;0.0154;0.0118;-0.0035;-0.0058;-0.0003;False;False
incorrectly;0.013;0.0154;0.0118;-0.0035;-0.0012;-0.0003;False;False
seized;0.0227;0.0154;0.0118;-0.0035;-0.0109;-0.0003;False;False
obstacle;0.0153;0.0154;0.0118;-0.0035;-0.0035;-0.0003;False;False
relinquished;0.0162;0.0154;0.0118;-0.0035;-0.0044;-0.0003;False;False
discontinuing;0.0153;0.0154;0.0118;-0.0035;-0.0035;-0.0003;False;False
vandalism;0.0167;0.0154;0.0118;-0.0035;-0.0049;-0.0003;False;False
turbulence;0.0153;0.0154;0.0118;-0.0035;-0.0035;-0.0003;False;False
stresses;0.0144;0.0307;0.027;-0.0037;0.0126;-0.0003;False;False
weakened;0.0144;0.0088;0.0051;-0.0037;-0.0093;-0.0003;False;False
undermines;0.0088;0.0088;0.0051;-0.0037;-0.0038;-0.0003;False;False
deterrence;0.0079;0.0088;0.0051;-0.0037;-0.0028;-0.0003;False;False
inadvertent;0.0051;0.0088;0.0051;-0.0037;-0.0;-0.0003;False;False
postponement;0.0209;0.0088;0.0051;-0.0037;-0.0158;-0.0003;False;False
incompatibility;0.0111;0.0088;0.0051;-0.0037;-0.0061;-0.0003;False;False
burdened;0.0042;0.0088;0.0051;-0.0037;0.0009;-0.0003;False;False
mislead;0.0088;0.0088;0.0051;-0.0037;-0.0038;-0.0003;False;False
restate;0.0079;0.0088;0.0051;-0.0037;-0.0028;-0.0003;False;False
depleting;0.0088;0.0088;0.0051;-0.0037;-0.0038;-0.0003;False;False
ignore;0.0051;0.0088;0.0051;-0.0037;-0.0;-0.0003;False;False
malicious;0.0887;0.0899;0.0861;-0.0038;-0.0026;-0.0003;False;False
unrest;0.0538;0.0461;0.0422;-0.0039;-0.0116;-0.0003;False;False
rationalization;0.02;0.0241;0.0203;-0.0039;0.0003;-0.0003;False;False
strain;0.0334;0.0241;0.0203;-0.0039;-0.0132;-0.0003;False;False
undesirable;0.0251;0.0241;0.0203;-0.0039;-0.0048;-0.0003;False;False
diverting;0.0121;0.0175;0.0135;-0.004;0.0014;-0.0003;False;False
hamper;0.0139;0.0175;0.0135;-0.004;-0.0004;-0.0003;False;False
disparity;0.0167;0.0175;0.0135;-0.004;-0.0032;-0.0003;False;False
failings;0.0209;0.0175;0.0135;-0.004;-0.0074;-0.0003;False;False
disqualified;0.0209;0.0175;0.0135;-0.004;-0.0074;-0.0003;False;False
unnecessary;0.0487;0.0548;0.0506;-0.0042;0.0019;-0.0003;False;False
rationalize;0.0065;0.011;0.0068;-0.0042;0.0003;-0.0003;False;False
unfortunately;0.0186;0.011;0.0068;-0.0042;-0.0118;-0.0003;False;False
liquidators;0.0084;0.011;0.0068;-0.0042;-0.0016;-0.0003;False;False
contesting;0.0125;0.011;0.0068;-0.0042;-0.0058;-0.0003;False;False
contend;0.0186;0.011;0.0068;-0.0042;-0.0118;-0.0003;False;False
uninsured;0.0102;0.011;0.0068;-0.0042;-0.0035;-0.0003;False;False
devastating;0.0139;0.011;0.0068;-0.0042;-0.0072;-0.0003;False;False
barred;0.0139;0.011;0.0068;-0.0042;-0.0072;-0.0003;False;False
grossly;0.0051;0.011;0.0068;-0.0042;0.0016;-0.0003;False;False
overlooking;0.006;0.011;0.0068;-0.0042;0.0007;-0.0003;False;False
doubtful;0.0204;0.0263;0.0219;-0.0044;0.0015;-0.0003;False;False
overestimated;0.0009;0.0044;0.0;-0.0044;-0.0009;-0.0003;False;False
prolonging;0.0051;0.0044;0.0;-0.0044;-0.0051;-0.0003;False;False
tragically;0.0019;0.0044;0.0;-0.0044;-0.0019;-0.0003;False;False
abandon;0.0074;0.0044;0.0;-0.0044;-0.0074;-0.0003;False;False
racketeer;0.0042;0.0044;0.0;-0.0044;-0.0042;-0.0003;False;False
inconvenience;0.0032;0.0044;0.0;-0.0044;-0.0032;-0.0003;False;False
arrests;0.0009;0.0044;0.0;-0.0044;-0.0009;-0.0003;False;False
invalidation;0.0042;0.0044;0.0;-0.0044;-0.0042;-0.0003;False;False
encroaches;0.0009;0.0044;0.0;-0.0044;-0.0009;-0.0003;False;False
cybercriminal;0.0009;0.0044;0.0;-0.0044;-0.0009;-0.0003;False;False
immature;0.0023;0.0044;0.0;-0.0044;-0.0023;-0.0003;False;False
retaliations;0.0009;0.0044;0.0;-0.0044;-0.0009;-0.0003;False;False
conspiring;0.0009;0.0044;0.0;-0.0044;-0.0009;-0.0003;False;False
disturbing;0.006;0.0044;0.0;-0.0044;-0.006;-0.0003;False;False
breakage;0.0074;0.0044;0.0;-0.0044;-0.0074;-0.0003;False;False
hampering;0.0056;0.0044;0.0;-0.0044;-0.0056;-0.0003;False;False
restating;0.0042;0.0044;0.0;-0.0044;-0.0042;-0.0003;False;False
diminution;0.0028;0.0044;0.0;-0.0044;-0.0028;-0.0003;False;False
criminally;0.0051;0.0044;0.0;-0.0044;-0.0051;-0.0003;False;False
terminating;0.0381;0.0417;0.0371;-0.0045;-0.0009;-0.0003;False;False
interference;0.0367;0.0417;0.0371;-0.0045;0.0005;-0.0003;False;False
difficult;0.3249;0.2763;0.2718;-0.0045;-0.0532;-0.0003;False;False
malfunction;0.0214;0.0197;0.0152;-0.0045;-0.0062;-0.0004;False;False
deficit;0.0381;0.0351;0.0304;-0.0047;-0.0077;-0.0004;False;False
questioning;0.0144;0.0132;0.0084;-0.0047;-0.0059;-0.0004;False;False
scrutinized;0.0107;0.0132;0.0084;-0.0047;-0.0022;-0.0004;False;False
justifiable;0.0116;0.0132;0.0084;-0.0047;-0.0032;-0.0004;False;False
neglected;0.013;0.0132;0.0084;-0.0047;-0.0046;-0.0004;False;False
restructurings;0.0079;0.0132;0.0084;-0.0047;0.0005;-0.0004;False;False
destroyed;0.0149;0.0132;0.0084;-0.0047;-0.0064;-0.0004;False;False
cancels;0.0195;0.0285;0.0236;-0.0049;0.0041;-0.0004;False;False
threatening;0.0325;0.0285;0.0236;-0.0049;-0.0089;-0.0004;False;False
terminates;0.0395;0.0285;0.0236;-0.0049;-0.0158;-0.0004;False;False
noncompliances;0.0051;0.0066;0.0017;-0.0049;-0.0034;-0.0004;False;False
ignored;0.0042;0.0066;0.0017;-0.0049;-0.0025;-0.0004;False;False
unscheduled;0.007;0.0066;0.0017;-0.0049;-0.0053;-0.0004;False;False
unfunded;0.0102;0.0066;0.0017;-0.0049;-0.0085;-0.0004;False;False
worrying;0.0088;0.0066;0.0017;-0.0049;-0.0071;-0.0004;False;False
confiscated;0.006;0.0066;0.0017;-0.0049;-0.0043;-0.0004;False;False
assaults;0.0019;0.0066;0.0017;-0.0049;-0.0002;-0.0004;False;False
forego;0.0056;0.0066;0.0017;-0.0049;-0.0039;-0.0004;False;False
counterfeiting;0.0265;0.0219;0.0169;-0.005;-0.0096;-0.0004;False;False
burned;0.0135;0.0219;0.0169;-0.005;0.0034;-0.0004;False;False
inconsistent;0.0455;0.0373;0.0321;-0.0052;-0.0134;-0.0004;False;False
suffering;0.045;0.0373;0.0321;-0.0052;-0.013;-0.0004;False;False
undermined;0.0084;0.0154;0.0101;-0.0052;0.0018;-0.0004;False;False
purported;0.0186;0.0154;0.0101;-0.0052;-0.0084;-0.0004;False;False
revoked;0.0246;0.0154;0.0101;-0.0052;-0.0145;-0.0004;False;False
interrupted;0.0246;0.0154;0.0101;-0.0052;-0.0145;-0.0004;False;False
prematurely;0.0218;0.0154;0.0101;-0.0052;-0.0117;-0.0004;False;False
correcting;0.0162;0.0154;0.0101;-0.0052;-0.0061;-0.0004;False;False
alleges;0.0139;0.0088;0.0034;-0.0054;-0.0105;-0.0004;False;False
pervasive;0.0088;0.0088;0.0034;-0.0054;-0.0054;-0.0004;False;False
reckless;0.0079;0.0088;0.0034;-0.0054;-0.0045;-0.0004;False;False
omission;0.0144;0.0088;0.0034;-0.0054;-0.011;-0.0004;False;False
diminishes;0.0032;0.0088;0.0034;-0.0054;0.0001;-0.0004;False;False
deceived;0.0088;0.0088;0.0034;-0.0054;-0.0054;-0.0004;False;False
deterring;0.0037;0.0088;0.0034;-0.0054;-0.0003;-0.0004;False;False
faulty;0.0088;0.0088;0.0034;-0.0054;-0.0054;-0.0004;False;False
manipulation;0.0738;0.068;0.0625;-0.0055;-0.0113;-0.0004;False;False
intermittent;0.046;0.0461;0.0405;-0.0055;-0.0054;-0.0004;False;False
malfunctions;0.0483;0.0395;0.0338;-0.0057;-0.0145;-0.0004;False;False
unforeseeable;0.0353;0.0395;0.0338;-0.0057;-0.0015;-0.0004;False;False
dangers;0.0265;0.0175;0.0118;-0.0057;-0.0146;-0.0004;False;False
questions;0.7423;0.6776;0.6719;-0.0058;-0.0704;-0.0004;False;False
closed;0.4503;0.4211;0.4153;-0.0058;-0.035;-0.0004;False;False
defend;0.0859;0.0548;0.049;-0.0059;-0.0369;-0.0005;False;False
culpable;0.019;0.011;0.0051;-0.0059;-0.014;-0.0005;False;False
erroneously;0.0032;0.011;0.0051;-0.0059;0.0018;-0.0005;False;False
stagnated;0.0042;0.011;0.0051;-0.0059;0.0009;-0.0005;False;False
inequities;0.0051;0.011;0.0051;-0.0059;-0.0;-0.0005;False;False
crucially;0.0097;0.011;0.0051;-0.0059;-0.0047;-0.0005;False;False
assault;0.007;0.011;0.0051;-0.0059;-0.0019;-0.0005;False;False
deliberately;0.0325;0.0263;0.0203;-0.0061;-0.0122;-0.0005;False;False
persistence;0.0172;0.0197;0.0135;-0.0062;-0.0037;-0.0005;False;False
offence;0.0218;0.0197;0.0135;-0.0062;-0.0083;-0.0005;False;False
defensive;0.0125;0.0132;0.0068;-0.0064;-0.0058;-0.0005;False;False
suspending;0.019;0.0132;0.0068;-0.0064;-0.0123;-0.0005;False;False
sabotage;0.0599;0.0504;0.0439;-0.0065;-0.016;-0.0005;False;False
renegotiate;0.0079;0.0066;0.0;-0.0066;-0.0079;-0.0005;False;False
obstruction;0.0065;0.0066;0.0;-0.0066;-0.0065;-0.0005;False;False
encumbered;0.0028;0.0066;0.0;-0.0066;-0.0028;-0.0005;False;False
serious;0.6866;0.6447;0.6381;-0.0066;-0.0485;-0.0005;False;False
wrongful;0.0167;0.0219;0.0152;-0.0067;-0.0015;-0.0005;False;False
unreasonable;0.0102;0.0219;0.0152;-0.0067;0.005;-0.0005;False;False
drought;0.1096;0.1689;0.1621;-0.0068;0.0525;-0.0005;False;False
illicit;0.0353;0.0373;0.0304;-0.0069;-0.0049;-0.0005;False;False
injured;0.0316;0.0373;0.0304;-0.0069;-0.0012;-0.0005;False;False
postpone;0.0237;0.0154;0.0084;-0.0069;-0.0152;-0.0005;False;False
loses;0.0144;0.0154;0.0084;-0.0069;-0.0059;-0.0005;False;False
plea;0.0176;0.0154;0.0084;-0.0069;-0.0092;-0.0005;False;False
defect;0.0316;0.0307;0.0236;-0.0071;-0.0079;-0.0005;False;False
deficits;0.0218;0.0307;0.0236;-0.0071;0.0018;-0.0005;False;False
overestimation;0.0056;0.0088;0.0017;-0.0071;-0.0039;-0.0005;False;False
encumbrances;0.007;0.0088;0.0017;-0.0071;-0.0053;-0.0005;False;False
abandoning;0.006;0.0088;0.0017;-0.0071;-0.0043;-0.0005;False;False
bottleneck;0.0042;0.0088;0.0017;-0.0071;-0.0025;-0.0005;False;False
monopolistic;0.0051;0.0088;0.0017;-0.0071;-0.0034;-0.0005;False;False
droughts;0.058;0.0899;0.0827;-0.0072;0.0247;-0.0006;False;False
imperative;0.0627;0.068;0.0608;-0.0072;-0.0019;-0.0006;False;False
imbalance;0.0232;0.0241;0.0169;-0.0072;-0.0063;-0.0006;False;False
late;0.2261;0.2149;0.2076;-0.0073;-0.0184;-0.0006;False;False
denied;0.052;0.0395;0.0321;-0.0074;-0.0199;-0.0006;False;False
preclude;0.02;0.0175;0.0101;-0.0074;-0.0098;-0.0006;False;False
unprofitable;0.0074;0.011;0.0034;-0.0076;-0.0041;-0.0006;False;False
confinement;0.0139;0.011;0.0034;-0.0076;-0.0105;-0.0006;False;False
unpredictability;0.0223;0.0263;0.0186;-0.0077;-0.0037;-0.0006;False;False
posing;0.0227;0.0263;0.0186;-0.0077;-0.0042;-0.0006;False;False
resignations;0.0288;0.0417;0.0338;-0.0079;0.005;-0.0006;False;False
penalized;0.0218;0.0197;0.0118;-0.0079;-0.01;-0.0006;False;False
fault;0.0158;0.0197;0.0118;-0.0079;-0.004;-0.0006;False;False
risky;0.0859;0.1009;0.0928;-0.008;0.007;-0.0006;False;False
slowdown;0.0757;0.0789;0.0709;-0.008;-0.0048;-0.0006;False;False
impossible;0.0743;0.057;0.049;-0.0081;-0.0253;-0.0006;False;False
criticism;0.0176;0.0132;0.0051;-0.0081;-0.0126;-0.0006;False;False
defended;0.0046;0.0132;0.0051;-0.0081;0.0004;-0.0006;False;False
circumvent;0.0088;0.0132;0.0051;-0.0081;-0.0038;-0.0006;False;False
condemned;0.0097;0.0132;0.0051;-0.0081;-0.0047;-0.0006;False;False
disregarded;0.0121;0.0132;0.0051;-0.0081;-0.007;-0.0006;False;False
cybercriminals;0.0084;0.0132;0.0051;-0.0081;-0.0033;-0.0006;False;False
warn;0.0135;0.0132;0.0051;-0.0081;-0.0084;-0.0006;False;False
impermissible;0.0158;0.0132;0.0051;-0.0081;-0.0107;-0.0006;False;False
crime;0.4452;0.4605;0.4524;-0.0081;0.0072;-0.0006;False;False
recalled;0.0473;0.0504;0.0422;-0.0082;-0.0051;-0.0006;False;False
lose;0.0548;0.0504;0.0422;-0.0082;-0.0126;-0.0006;False;False
discontinue;0.0292;0.0285;0.0203;-0.0083;-0.009;-0.0006;False;False
defer;0.0288;0.0285;0.0203;-0.0083;-0.0085;-0.0006;False;False
ineffective;0.0863;0.0877;0.0793;-0.0084;-0.007;-0.0006;False;False
exposes;0.0399;0.0439;0.0354;-0.0084;-0.0045;-0.0006;False;False
questioned;0.0246;0.0219;0.0135;-0.0084;-0.0111;-0.0006;False;False
caution;0.0139;0.0219;0.0135;-0.0084;-0.0004;-0.0006;False;False
sued;0.0255;0.0219;0.0135;-0.0084;-0.012;-0.0006;False;False
lapses;0.0102;0.0219;0.0135;-0.0084;0.0033;-0.0006;False;False
deteriorating;0.013;0.0154;0.0068;-0.0086;-0.0062;-0.0007;False;False
undisclosed;0.0074;0.0154;0.0068;-0.0086;-0.0007;-0.0007;False;False
overruns;0.0158;0.0154;0.0068;-0.0086;-0.009;-0.0007;False;False
degrade;0.0074;0.0154;0.0068;-0.0086;-0.0007;-0.0007;False;False
deceased;0.0093;0.0154;0.0068;-0.0086;-0.0025;-0.0007;False;False
damages;0.4447;0.4189;0.4102;-0.0087;-0.0345;-0.0007;False;False
plead;0.006;0.0088;0.0;-0.0088;-0.006;-0.0007;False;False
breaks;0.0631;0.068;0.0591;-0.0089;-0.004;-0.0007;False;False
imbalances;0.0255;0.0241;0.0152;-0.0089;-0.0103;-0.0007;False;False
slowing;0.0218;0.0241;0.0152;-0.0089;-0.0066;-0.0007;False;False
stoppage;0.0265;0.0241;0.0152;-0.0089;-0.0113;-0.0007;False;False
infringement;0.0942;0.1053;0.0962;-0.009;0.002;-0.0007;False;True
defending;0.0534;0.0395;0.0304;-0.0091;-0.023;-0.0007;False;False
confronted;0.0473;0.0395;0.0304;-0.0091;-0.017;-0.0007;False;False
reassessments;0.0144;0.0175;0.0084;-0.0091;-0.0059;-0.0007;False;False
collisions;0.0153;0.0175;0.0084;-0.0091;-0.0069;-0.0007;False;False
worsen;0.0111;0.0175;0.0084;-0.0091;-0.0027;-0.0007;False;False
deprived;0.0316;0.0175;0.0084;-0.0091;-0.0231;-0.0007;False;False
unintentional;0.0432;0.0548;0.0456;-0.0092;0.0024;-0.0007;False;False
claiming;0.0543;0.0548;0.0456;-0.0092;-0.0087;-0.0007;False;False
exacerbated;0.045;0.0329;0.0236;-0.0093;-0.0214;-0.0007;False;False
lapsed;0.0367;0.0329;0.0236;-0.0093;-0.013;-0.0007;False;False
drastically;0.033;0.0329;0.0236;-0.0093;-0.0093;-0.0007;False;False
defrauded;0.0037;0.011;0.0017;-0.0093;-0.002;-0.0007;False;False
warned;0.0079;0.011;0.0017;-0.0093;-0.0062;-0.0007;False;False
wasted;0.0218;0.0263;0.0169;-0.0094;-0.0049;-0.0007;False;False
dissolution;0.0251;0.0263;0.0169;-0.0094;-0.0082;-0.0007;False;False
destruction;0.0817;0.1075;0.0979;-0.0095;0.0162;-0.0007;False;False
endanger;0.0511;0.0417;0.0321;-0.0096;-0.019;-0.0007;False;False
inaccurate;0.0622;0.0789;0.0692;-0.0097;0.007;-0.0008;False;False
forcing;0.0232;0.0351;0.0253;-0.0098;0.0021;-0.0008;False;False
downsizing;0.0167;0.0132;0.0034;-0.0098;-0.0133;-0.0008;False;False
aftermath;0.013;0.0132;0.0034;-0.0098;-0.0096;-0.0008;False;False
fraud;1.7807;1.6338;1.6239;-0.0098;-0.1567;-0.0008;False;True
disparities;0.0432;0.0504;0.0405;-0.0099;-0.0027;-0.0008;False;False
denial;0.02;0.0285;0.0186;-0.0099;-0.0014;-0.0008;False;False
ceased;0.0868;0.0658;0.0557;-0.0101;-0.0311;-0.0008;False;False
allegedly;0.0696;0.0658;0.0557;-0.0101;-0.0139;-0.0008;False;False
worse;0.0153;0.0219;0.0118;-0.0101;-0.0035;-0.0008;False;False
faults;0.0204;0.0219;0.0118;-0.0101;-0.0086;-0.0008;False;False
mismatch;0.0176;0.0219;0.0118;-0.0101;-0.0058;-0.0008;False;False
stopped;0.0506;0.0592;0.049;-0.0103;-0.0016;-0.0008;False;False
unstable;0.0135;0.0154;0.0051;-0.0103;-0.0084;-0.0008;False;False
criminals;0.0214;0.0154;0.0051;-0.0103;-0.0163;-0.0008;False;False
punitive;0.0631;0.0526;0.0422;-0.0104;-0.0209;-0.0008;False;False
halt;0.0548;0.0526;0.0422;-0.0104;-0.0126;-0.0008;False;False
dismissals;0.0636;0.0526;0.0422;-0.0104;-0.0214;-0.0008;False;False
deviates;0.0297;0.0307;0.0203;-0.0104;-0.0095;-0.0008;False;False
cancellation;0.2906;0.2215;0.211;-0.0105;-0.0796;-0.0008;False;False
alerting;0.0093;0.0175;0.0068;-0.0108;-0.0025;-0.0008;False;False
arrears;0.0279;0.0329;0.0219;-0.0109;-0.0059;-0.0008;False;False
monopoly;0.0102;0.011;0.0;-0.011;-0.0102;-0.0008;False;False
counterclaim;0.0074;0.011;0.0;-0.011;-0.0074;-0.0008;False;False
undercutting;0.0051;0.011;0.0;-0.011;-0.0051;-0.0008;False;False
tightening;0.0696;0.0702;0.0591;-0.0111;-0.0105;-0.0009;False;False
overcoming;0.0288;0.0263;0.0152;-0.0111;-0.0136;-0.0009;False;False
catastrophes;0.0603;0.0789;0.0675;-0.0114;0.0072;-0.0009;False;False
forfeited;0.0562;0.057;0.0456;-0.0114;-0.0106;-0.0009;False;False
malpractice;0.0111;0.0132;0.0017;-0.0115;-0.0095;-0.0009;False;False
stressing;0.0084;0.0132;0.0017;-0.0115;-0.0067;-0.0009;False;False
deliberate;0.0822;0.0724;0.0608;-0.0116;-0.0214;-0.0009;False;False
collapse;0.0195;0.0285;0.0169;-0.0116;-0.0026;-0.0009;False;False
stopping;0.0204;0.0219;0.0101;-0.0118;-0.0103;-0.0009;False;False
accusation;0.0121;0.0154;0.0034;-0.012;-0.0087;-0.0009;False;False
problem;0.0757;0.0746;0.0625;-0.0121;-0.0132;-0.0009;False;False
absences;0.0808;0.068;0.0557;-0.0123;-0.0251;-0.0009;False;False
divestiture;0.0571;0.0461;0.0338;-0.0123;-0.0233;-0.0009;False;False
postponed;0.0455;0.0241;0.0118;-0.0123;-0.0337;-0.0009;False;False
cancel;0.1978;0.1491;0.1367;-0.0124;-0.061;-0.001;False;False
catastrophic;0.0631;0.0614;0.049;-0.0124;-0.0142;-0.001;False;False
breaking;0.0413;0.0395;0.027;-0.0125;-0.0143;-0.001;False;False
incapacity;0.0738;0.0548;0.0422;-0.0126;-0.0316;-0.001;False;False
assertions;0.0316;0.0329;0.0203;-0.0126;-0.0113;-0.001;False;False
diminished;0.019;0.0329;0.0203;-0.0126;0.0012;-0.001;False;False
staggering;0.0181;0.0263;0.0135;-0.0128;-0.0046;-0.001;False;False
persistently;0.0144;0.0263;0.0135;-0.0128;-0.0009;-0.001;False;False
shortfall;0.0376;0.0417;0.0287;-0.013;-0.0089;-0.001;False;False
inquiry;0.0525;0.0417;0.0287;-0.013;-0.0238;-0.001;False;False
worsening;0.0371;0.0417;0.0287;-0.013;-0.0084;-0.001;False;False
allege;0.0413;0.057;0.0439;-0.0131;0.0026;-0.001;False;False
exploit;0.059;0.057;0.0439;-0.0131;-0.0151;-0.001;False;False
conciliation;0.0121;0.0132;0.0;-0.0132;-0.0121;-0.001;False;False
instability;0.0947;0.1097;0.0962;-0.0134;0.0015;-0.001;False;False
weaknesses;0.2521;0.2127;0.1992;-0.0135;-0.0529;-0.001;False;False
question;0.5566;0.5285;0.5149;-0.0136;-0.0417;-0.0011;False;False
conspiracy;0.0158;0.0154;0.0017;-0.0137;-0.0141;-0.0011;False;False
shutting;0.0051;0.0154;0.0017;-0.0137;-0.0034;-0.0011;False;False
plaintiff;0.0344;0.0307;0.0169;-0.0138;-0.0175;-0.0011;False;False
dropped;0.0325;0.0307;0.0169;-0.0138;-0.0156;-0.0011;False;False
discontinuation;0.0274;0.0307;0.0169;-0.0138;-0.0105;-0.0011;False;False
divest;0.0353;0.0461;0.0321;-0.014;-0.0032;-0.0011;False;False
aggravated;0.0195;0.0241;0.0101;-0.014;-0.0094;-0.0011;False;False
resign;0.0836;0.057;0.0422;-0.0148;-0.0414;-0.0011;False;False
vulnerability;0.2126;0.3443;0.3292;-0.0151;0.1166;-0.0012;False;False
interrupt;0.0274;0.0373;0.0219;-0.0153;-0.0054;-0.0012;False;False
falsified;0.007;0.0154;0.0;-0.0154;-0.007;-0.0012;False;False
slowed;0.032;0.0307;0.0152;-0.0155;-0.0168;-0.0012;False;False
invalidity;0.0422;0.0461;0.0304;-0.0157;-0.0119;-0.0012;False;False
intentional;0.2145;0.193;0.1772;-0.0157;-0.0372;-0.0012;False;False
revocation;0.0427;0.0395;0.0236;-0.0158;-0.0191;-0.0012;False;False
reassessment;0.0302;0.0417;0.0253;-0.0163;-0.0049;-0.0013;False;False
bankruptcy;0.0538;0.0417;0.0253;-0.0163;-0.0285;-0.0013;False;False
confrontations;0.0065;0.0197;0.0034;-0.0164;-0.0031;-0.0013;False;False
penalty;0.0836;0.0789;0.0625;-0.0165;-0.0211;-0.0013;False;True
guilty;0.0348;0.0351;0.0186;-0.0165;-0.0162;-0.0013;False;False
dismiss;0.0529;0.0351;0.0186;-0.0165;-0.0344;-0.0013;False;False
cybercrime;0.0789;0.0504;0.0338;-0.0167;-0.0452;-0.0013;False;False
contrary;0.1499;0.1535;0.1367;-0.0168;-0.0132;-0.0013;False;False
forfeiture;0.0483;0.0439;0.027;-0.0169;-0.0213;-0.0013;False;False
deficient;0.0223;0.0219;0.0051;-0.0169;-0.0172;-0.0013;False;False
nonconformity;0.013;0.0307;0.0135;-0.0172;0.0005;-0.0013;False;False
harm;0.447;0.7347;0.7174;-0.0172;0.2704;-0.0013;False;False
crucial;0.4215;0.5022;0.4845;-0.0177;0.063;-0.0014;False;False
overcome;0.0919;0.0855;0.0675;-0.018;-0.0244;-0.0014;False;False
dampened;0.0121;0.0197;0.0017;-0.018;-0.0104;-0.0014;False;False
confined;0.032;0.0351;0.0169;-0.0182;-0.0151;-0.0014;False;False
deficiency;0.032;0.0504;0.0321;-0.0184;0.0;-0.0014;False;False
distraction;0.013;0.0219;0.0034;-0.0186;-0.0096;-0.0014;False;False
accidental;0.1759;0.1469;0.1283;-0.0186;-0.0476;-0.0014;False;False
impairments;0.1727;0.1623;0.1435;-0.0188;-0.0292;-0.0014;False;False
breakdowns;0.052;0.068;0.049;-0.019;-0.003;-0.0015;False;False
shortage;0.1003;0.1053;0.0861;-0.0192;-0.0142;-0.0015;False;False
negligent;0.0409;0.0482;0.0287;-0.0195;-0.0122;-0.0015;False;False
encumbrance;0.0158;0.0263;0.0068;-0.0196;-0.009;-0.0015;False;False
conviction;0.1244;0.0855;0.0658;-0.0197;-0.0586;-0.0015;False;True
restatements;0.033;0.0417;0.0219;-0.0197;-0.011;-0.0015;False;False
prolonged;0.0631;0.057;0.0371;-0.0199;-0.026;-0.0015;False;False
dangerous;0.1035;0.0899;0.0692;-0.0207;-0.0343;-0.0016;False;False
divested;0.0571;0.0482;0.027;-0.0212;-0.0301;-0.0016;False;False
displaced;0.0265;0.0263;0.0051;-0.0213;-0.0214;-0.0016;False;False
misses;0.058;0.0636;0.0422;-0.0214;-0.0158;-0.0016;False;False
restatement;0.071;0.1009;0.0793;-0.0215;0.0083;-0.0017;False;False
alleging;0.0882;0.0789;0.0574;-0.0216;-0.0308;-0.0017;False;False
divert;0.0297;0.0439;0.0219;-0.0219;-0.0078;-0.0017;False;False
downsized;0.006;0.0219;0.0;-0.0219;-0.006;-0.0017;False;False
doubt;0.1355;0.1118;0.0895;-0.0224;-0.0461;-0.0017;False;False
damaged;0.0724;0.0899;0.0675;-0.0224;-0.0049;-0.0017;False;False
embargoes;0.0942;0.0789;0.0557;-0.0232;-0.0385;-0.0018;False;False
severely;0.0655;0.057;0.0338;-0.0233;-0.0317;-0.0018;False;False
liquidation;0.1564;0.1162;0.0928;-0.0234;-0.0636;-0.0018;False;False
deviation;0.1379;0.1535;0.13;-0.0235;-0.0079;-0.0018;False;False
terminate;0.13;0.1097;0.0861;-0.0236;-0.0439;-0.0018;False;False
shortages;0.1369;0.1689;0.1452;-0.0237;0.0082;-0.0018;False;False
sharply;0.0738;0.0592;0.0354;-0.0238;-0.0384;-0.0018;False;False
divestments;0.1207;0.1184;0.0945;-0.0239;-0.0262;-0.0018;False;False
costly;0.0534;0.0746;0.0506;-0.0239;-0.0027;-0.0018;False;False
divestitures;0.0826;0.0899;0.0658;-0.0241;-0.0168;-0.0019;False;False
objections;0.1035;0.0833;0.0591;-0.0243;-0.0444;-0.0019;False;False
unfounded;0.0306;0.0548;0.0304;-0.0244;-0.0003;-0.0019;False;False
liquidate;0.123;0.0921;0.0675;-0.0246;-0.0555;-0.0019;False;False
burden;0.0418;0.0658;0.0405;-0.0253;-0.0013;-0.0019;False;False
abandoned;0.0237;0.0373;0.0118;-0.0255;-0.0119;-0.002;False;False
diversion;0.033;0.0526;0.027;-0.0256;-0.0059;-0.002;False;False
divestment;0.1142;0.1118;0.0861;-0.0258;-0.0281;-0.002;False;False
defeat;0.0455;0.0461;0.0203;-0.0258;-0.0252;-0.002;False;False
prejudice;0.221;0.2018;0.1756;-0.0262;-0.0454;-0.002;False;False
cancelling;0.045;0.0504;0.0236;-0.0268;-0.0214;-0.0021;False;False
declined;0.1699;0.1316;0.1047;-0.0269;-0.0652;-0.0021;False;False
volatile;0.2047;0.2281;0.2009;-0.0272;-0.0038;-0.0021;False;False
failed;0.0706;0.068;0.0405;-0.0275;-0.03;-0.0021;False;False
disruptive;0.1434;0.1404;0.1114;-0.0289;-0.032;-0.0022;False;False
nonconformities;0.0144;0.0329;0.0034;-0.0295;-0.011;-0.0023;False;False
claims;1.1108;1.1272;1.0973;-0.0299;-0.0136;-0.0023;False;False
plaintiffs;0.1945;0.1798;0.1486;-0.0313;-0.0459;-0.0024;False;False
adversely;0.395;0.4232;0.3916;-0.0316;-0.0034;-0.0024;True;True
unsold;0.0887;0.1206;0.0878;-0.0328;-0.0009;-0.0025;False;False
abuse;0.2883;0.3048;0.2718;-0.033;-0.0165;-0.0025;False;True
interruption;0.2205;0.2281;0.1941;-0.0339;-0.0264;-0.0026;False;False
misstatement;0.7669;0.6974;0.6634;-0.034;-0.1034;-0.0026;False;False
downwards;0.0585;0.0746;0.0405;-0.034;-0.018;-0.0026;False;False
deficiencies;0.2507;0.2303;0.1941;-0.0361;-0.0565;-0.0028;False;False
seriously;0.1068;0.1162;0.0793;-0.0369;-0.0274;-0.0028;False;False
urgency;0.0877;0.0943;0.0574;-0.0369;-0.0303;-0.0028;False;False
threat;0.2419;0.2632;0.2262;-0.037;-0.0156;-0.0028;False;False
slower;0.0645;0.1097;0.0726;-0.0371;0.0081;-0.0029;False;False
conflict;1.1141;1.0417;1.0044;-0.0373;-0.1097;-0.0029;False;False
premature;0.0367;0.0526;0.0152;-0.0374;-0.0215;-0.0029;False;False
cut;0.1388;0.1338;0.0962;-0.0376;-0.0426;-0.0029;False;False
unfavorable;0.0766;0.0921;0.054;-0.0381;-0.0226;-0.0029;False;False
disclose;0.4749;0.6009;0.5621;-0.0387;0.0873;-0.003;False;False
terminated;0.2795;0.2171;0.1772;-0.0399;-0.1022;-0.0031;False;False
cyberattacks;0.1063;0.1382;0.0979;-0.0402;-0.0084;-0.0031;False;False
resigned;0.1504;0.1075;0.0641;-0.0433;-0.0863;-0.0033;False;False
dismissed;0.1295;0.1404;0.0962;-0.0441;-0.0333;-0.0034;False;False
cease;0.273;0.2325;0.1874;-0.0451;-0.0856;-0.0035;False;False
threats;0.4294;0.5132;0.4676;-0.0456;0.0382;-0.0035;False;False
victims;0.1128;0.1031;0.0557;-0.0474;-0.0571;-0.0037;False;False
decline;0.4312;0.4364;0.3883;-0.0481;-0.043;-0.0037;False;False
crises;0.1407;0.1754;0.1266;-0.0488;-0.014;-0.0038;False;False
rejected;0.0924;0.1075;0.0557;-0.0518;-0.0367;-0.004;False;False
recall;0.1286;0.1382;0.0844;-0.0538;-0.0442;-0.0041;False;False
crimes;0.1472;0.125;0.0675;-0.0575;-0.0796;-0.0044;False;False
challenging;0.3867;0.3991;0.341;-0.0581;-0.0457;-0.0045;False;False
clawback;0.2725;0.3114;0.2532;-0.0582;-0.0193;-0.0045;False;False
criminal;0.6211;0.4583;0.3984;-0.0599;-0.2227;-0.0046;False;False
alleged;0.3885;0.3114;0.2481;-0.0633;-0.1404;-0.0049;False;False
resignation;0.2739;0.2105;0.1452;-0.0654;-0.1287;-0.005;False;False
urgent;0.1546;0.1447;0.0777;-0.0671;-0.0769;-0.0052;False;False
suspended;0.2748;0.2347;0.1671;-0.0675;-0.1077;-0.0052;False;False
disadvantaged;0.1662;0.1469;0.0793;-0.0676;-0.0868;-0.0052;False;False
volatility;0.4368;0.4276;0.3545;-0.0731;-0.0823;-0.0056;False;False
absenteeism;0.2906;0.2127;0.1367;-0.076;-0.1539;-0.0059;False;False
disasters;0.3129;0.3684;0.2853;-0.0831;-0.0276;-0.0064;False;False
against;3.9736;3.9079;3.8218;-0.0861;-0.1518;-0.0066;False;False
solvency;0.4763;0.4737;0.3849;-0.0888;-0.0914;-0.0068;False;False
disaster;0.2103;0.1974;0.1063;-0.091;-0.1039;-0.007;False;False
evasion;0.2126;0.1579;0.0625;-0.0954;-0.1501;-0.0074;False;False
closing;0.6248;0.5417;0.4389;-0.1028;-0.1859;-0.0079;False;False
antitrust;0.4795;0.3991;0.2954;-0.1037;-0.1841;-0.008;False;False
losses;1.5063;1.6316;1.5227;-0.1089;0.0163;-0.0084;False;False
litigation;0.5928;0.6601;0.5486;-0.1115;-0.0442;-0.0086;False;False
conflicts;1.2097;1.193;1.0686;-0.1244;-0.1412;-0.0096;False;False
impairment;0.9614;1.0088;0.8626;-0.1462;-0.0988;-0.0113;False;False
termination;1.1229;0.9408;0.7158;-0.225;-0.4072;-0.0174;False;False
restated;0.3686;0.4978;0.2667;-0.2311;-0.1019;-0.0178;False;False
challenge;0.836;0.7654;0.4963;-0.2691;-0.3397;-0.0207;False;False
crisis;1.5514;0.7917;0.4946;-0.2971;-1.0568;-0.0229;False;False
force;1.5945;1.489;1.1732;-0.3158;-0.4213;-0.0244;False;False
challenges;2.8112;2.8246;2.3329;-0.4916;-0.4783;-0.0379;False;False
