cb;score;view;method;r;ci_lo;ci_hi;n;block
fin_tone;Z_SEN;pooled;pearson;0.8091626010315943;0.7265314564225385;0.8620076764060884;343;1_tono
fin_tone;SEN_s;pooled;pearson;0.8007281054837192;0.7269305107225529;0.8519473838350691;343;1_tono
fin_tone;Z_SUS;pooled;pearson;0.13440275236795918;-0.1013112620679429;0.3448004456670183;343;1_tono
fin_tone;Z_QUANT;pooled;pearson;0.10627049587196652;-0.08973909363268101;0.36065800843132856;343;1_tono
fin_tone;Z_HEDGE;pooled;pearson;-0.501461259802076;-0.6134429901272316;-0.3436202282264345;343;1_tono
fin_tone;ESGSI;pooled;pearson;0.5317970511528642;0.37184343432428724;0.6568039171481493;343;1_tono
fin_tone;ESGSI_ext;pooled;pearson;0.24251250011784828;0.03478164290963417;0.44724444636296623;343;1_tono
fin_tone_prob;Z_SEN;pooled;pearson;0.8139082852440709;0.7303433517896412;0.8666663901824078;343;1_tono
fin_tone_prob;SEN_s;pooled;pearson;0.8055583867357269;0.7328514441409546;0.8542706265730515;343;1_tono
fin_tone_prob;Z_SUS;pooled;pearson;0.13236562486349626;-0.10820640718398084;0.34616567560365913;343;1_tono
fin_tone_prob;Z_QUANT;pooled;pearson;0.11354832366151507;-0.08419707141121119;0.36899914141499224;343;1_tono
fin_tone_prob;Z_HEDGE;pooled;pearson;-0.5049834359950026;-0.6157600879364542;-0.3482357730618402;343;1_tono
fin_tone_prob;ESGSI;pooled;pearson;0.5371435004637823;0.3769421214850886;0.6627859649850908;343;1_tono
fin_tone_prob;ESGSI_ext;pooled;pearson;0.24341732562849927;0.03304326849137695;0.45240392493507314;343;1_tono
fin_pos;Z_SEN;pooled;pearson;0.6762378127032439;0.5408792745102342;0.764805780628681;343;1_tono
fin_pos;SEN_s;pooled;pearson;0.6520682724369172;0.5374706312269989;0.7415593595444803;343;1_tono
fin_pos;Z_SUS;pooled;pearson;0.02912683247205373;-0.22974381871859786;0.26379883130212867;343;1_tono
fin_pos;Z_QUANT;pooled;pearson;0.05861395604884705;-0.17878095525718163;0.29323936924213995;343;1_tono
fin_pos;Z_HEDGE;pooled;pearson;-0.2680741127710362;-0.4083885686058993;-0.10122382038683994;343;1_tono
fin_pos;ESGSI;pooled;pearson;0.5100073111416862;0.3386898384429199;0.6513391351018073;343;1_tono
fin_pos;ESGSI_ext;pooled;pearson;0.3163179420420598;0.10275590769546396;0.5324475772498094;343;1_tono
fin_neg;Z_SEN;pooled;pearson;-0.48273027973763755;-0.6220430482347411;-0.29365728462729435;343;1_tono
fin_neg;SEN_s;pooled;pearson;-0.5093299666453763;-0.6324314610517273;-0.3468343161144136;343;1_tono
fin_neg;Z_SUS;pooled;pearson;-0.23389423559170938;-0.3829421219574222;-0.062072583477212104;343;1_tono
fin_neg;Z_QUANT;pooled;pearson;-0.11919363768876315;-0.3559411815684854;0.06050157846812984;343;1_tono
fin_neg;Z_HEDGE;pooled;pearson;0.5781630512626812;0.3939246953233789;0.697243168238128;343;1_tono
fin_neg;ESGSI;pooled;pearson;-0.19611258474931081;-0.3794718110483982;-0.008412748794603575;343;1_tono
fin_neg;ESGSI_ext;pooled;pearson;0.06528723796305666;-0.14469910422654111;0.2647111376442245;343;1_tono
fin_tone;Z_SEN;pooled;spearman;0.7726992486026972;0.6761957721546914;0.8401394976715685;343;1_tono
fin_tone;SEN_s;pooled;spearman;0.797036548462466;0.7132826278251786;0.8552628412301587;343;1_tono
fin_tone;Z_SUS;pooled;spearman;0.13991351327081109;-0.062136796145278506;0.3138384833769076;343;1_tono
fin_tone;Z_QUANT;pooled;spearman;0.18215280854773325;-0.03690061722866457;0.3884472542788749;343;1_tono
fin_tone;Z_HEDGE;pooled;spearman;-0.44324987709172275;-0.5869183844816327;-0.2713300026888904;343;1_tono
fin_tone;ESGSI;pooled;spearman;0.46230191181679225;0.28543456885698926;0.6076316072403202;343;1_tono
fin_tone;ESGSI_ext;pooled;spearman;0.1668086255385278;-0.027602629225728106;0.3657829303632238;343;1_tono
fin_tone_prob;Z_SEN;pooled;spearman;0.7787811833698002;0.6830099264938759;0.8452528269155146;343;1_tono
fin_tone_prob;SEN_s;pooled;spearman;0.8037755186779008;0.7220193222315772;0.8595833411710768;343;1_tono
fin_tone_prob;Z_SUS;pooled;spearman;0.1398272020820918;-0.06268540255716393;0.31767406080726723;343;1_tono
fin_tone_prob;Z_QUANT;pooled;spearman;0.18864646403669882;-0.031254194362507544;0.3970921512336395;343;1_tono
fin_tone_prob;Z_HEDGE;pooled;spearman;-0.44528591293135544;-0.5896091641657708;-0.27170340846907853;343;1_tono
fin_tone_prob;ESGSI;pooled;spearman;0.469004475251704;0.2918849341191385;0.6132837672729425;343;1_tono
fin_tone_prob;ESGSI_ext;pooled;spearman;0.17121413096310778;-0.023993551528161294;0.37403137009145326;343;1_tono
fin_pos;Z_SEN;pooled;spearman;0.6189553799908768;0.4722827296681315;0.7310789246348688;343;1_tono
fin_pos;SEN_s;pooled;spearman;0.6171243451823091;0.4879325929200645;0.7211363045170635;343;1_tono
fin_pos;Z_SUS;pooled;spearman;0.05238701632977271;-0.15653073434290762;0.23187352368215858;343;1_tono
fin_pos;Z_QUANT;pooled;spearman;0.108810147586673;-0.1263123113465412;0.3276933829170111;343;1_tono
fin_pos;Z_HEDGE;pooled;spearman;-0.22167348482998533;-0.39481064358335444;-0.04540989287407084;343;1_tono
fin_pos;ESGSI;pooled;spearman;0.40471248405336535;0.22355027911343786;0.5572909127403779;343;1_tono
fin_pos;ESGSI_ext;pooled;spearman;0.22411049700921454;0.04485238158907896;0.40637437600942006;343;1_tono
fin_neg;Z_SEN;pooled;spearman;-0.3818556333758663;-0.5564194806768277;-0.18491786275371289;343;1_tono
fin_neg;SEN_s;pooled;spearman;-0.43687938032002693;-0.5908393862738026;-0.26922330132468003;343;1_tono
fin_neg;Z_SUS;pooled;spearman;-0.20408887583089952;-0.3690343890035925;-0.024824669693311853;343;1_tono
fin_neg;Z_QUANT;pooled;spearman;-0.2551547533729887;-0.42330801525590345;-0.06743399137175775;343;1_tono
fin_neg;Z_HEDGE;pooled;spearman;0.48302556500855803;0.30547864087854004;0.6275350021020015;343;1_tono
fin_neg;ESGSI;pooled;spearman;-0.14595192356302952;-0.32850528419309316;0.03897041101952855;343;1_tono
fin_neg;ESGSI_ext;pooled;spearman;0.11504177471562742;-0.07778827456185804;0.29812535251541233;343;1_tono
fin_tone;Z_SEN;within;pearson;0.7301353368219663;0.5993495308242222;0.813918725923385;343;1_tono
fin_tone;SEN_s;within;pearson;0.7318158678169927;0.6320079853935113;0.8026106965753425;343;1_tono
fin_tone;Z_SUS;within;pearson;0.038798575869910604;-0.12150125195203204;0.1979289078231061;343;1_tono
fin_tone;Z_QUANT;within;pearson;0.11341736213434649;-0.022075186093212382;0.3009402669596688;343;1_tono
fin_tone;Z_HEDGE;within;pearson;-0.34953090840199463;-0.5275876073604473;-0.14804166370081726;343;1_tono
fin_tone;ESGSI;within;pearson;0.46422772970032516;0.30639918900074264;0.5968720406627621;343;1_tono
fin_tone;ESGSI_ext;within;pearson;0.2545146592848634;0.08076265729157805;0.4278833086553172;343;1_tono
fin_tone_prob;Z_SEN;within;pearson;0.7323465121296427;0.6127526575371558;0.8150882492499436;343;1_tono
fin_tone_prob;SEN_s;within;pearson;0.7389332707727131;0.6429550969567056;0.8067728894728653;343;1_tono
fin_tone_prob;Z_SUS;within;pearson;0.021908496771244564;-0.13302854465668282;0.17582790840833137;343;1_tono
fin_tone_prob;Z_QUANT;within;pearson;0.11700499867281011;-0.01602012428913456;0.3019695363710622;343;1_tono
fin_tone_prob;Z_HEDGE;within;pearson;-0.3501456573332615;-0.5262715924488096;-0.15170290262929081;343;1_tono
fin_tone_prob;ESGSI;within;pearson;0.4794121619416716;0.3245844859373221;0.6097009028675671;343;1_tono
fin_tone_prob;ESGSI_ext;within;pearson;0.26613178854988645;0.09313658307680821;0.4401171541967562;343;1_tono
fin_pos;Z_SEN;within;pearson;0.6725500318461224;0.5346448835622805;0.7723179106243346;343;1_tono
fin_pos;SEN_s;within;pearson;0.6459047377646104;0.5266618979990497;0.7304802240798651;343;1_tono
fin_pos;Z_SUS;within;pearson;-0.017383351742167975;-0.17523862080009966;0.13018566295858056;343;1_tono
fin_pos;Z_QUANT;within;pearson;0.10809794113936876;-0.007461058411150115;0.2619686535257701;343;1_tono
fin_pos;Z_HEDGE;within;pearson;-0.24485214158404348;-0.4176824397125786;-0.04436796491490497;343;1_tono
fin_pos;ESGSI;within;pearson;0.47064443746711765;0.31614989518072795;0.6030887643365893;343;1_tono
fin_pos;ESGSI_ext;within;pearson;0.29311975723538647;0.12111654733046101;0.4591057222037061;343;1_tono
fin_neg;Z_SEN;within;pearson;-0.34908703759335885;-0.4705139823458383;-0.20632829252094573;343;1_tono
fin_neg;SEN_s;within;pearson;-0.4137808273871804;-0.5101652932133299;-0.30946413615316326;343;1_tono
fin_neg;Z_SUS;within;pearson;-0.1389324951882229;-0.3082563610310161;0.04108944178599978;343;1_tono
fin_neg;Z_QUANT;within;pearson;-0.046009821925750184;-0.2404927855334007;0.08965865718228457;343;1_tono
fin_neg;Z_HEDGE;within;pearson;0.34186166566968446;0.18306593400135335;0.48660428408907;343;1_tono
fin_neg;ESGSI;within;pearson;-0.12444051153086708;-0.2707536931119453;0.04068089539405757;343;1_tono
fin_neg;ESGSI_ext;within;pearson;0.01128778940745939;-0.1318980451666228;0.14445350408992969;343;1_tono
fin_tone;Z_SEN;within;spearman;0.6544690403087887;0.543970927277522;0.7421655478643966;343;1_tono
fin_tone;SEN_s;within;spearman;0.6707290889777838;0.5773086554214452;0.7500921424519611;343;1_tono
fin_tone;Z_SUS;within;spearman;0.04710013048758584;-0.09957091964366128;0.19004514799199118;343;1_tono
fin_tone;Z_QUANT;within;spearman;0.1359973361260696;-0.02211686347530797;0.29433995350281356;343;1_tono
fin_tone;Z_HEDGE;within;spearman;-0.29157581899694657;-0.43274587574460116;-0.15267411789943575;343;1_tono
fin_tone;ESGSI;within;spearman;0.37055976438485866;0.21322811102116948;0.5086663164861042;343;1_tono
fin_tone;ESGSI_ext;within;spearman;0.17748779875650209;0.02452770789972637;0.32985806664998535;343;1_tono
fin_tone_prob;Z_SEN;within;spearman;0.666503160673931;0.5650993093172674;0.7479627266120453;343;1_tono
fin_tone_prob;SEN_s;within;spearman;0.6870198157948264;0.5978395635308585;0.760603459515989;343;1_tono
fin_tone_prob;Z_SUS;within;spearman;0.033109589350690444;-0.11596809891261992;0.1757649776285482;343;1_tono
fin_tone_prob;Z_QUANT;within;spearman;0.13541686259259234;-0.02266701569126274;0.29518939564162155;343;1_tono
fin_tone_prob;Z_HEDGE;within;spearman;-0.289296746850515;-0.433330679217358;-0.1481554187198388;343;1_tono
fin_tone_prob;ESGSI;within;spearman;0.39003120045010486;0.24006663114702168;0.5240470615280467;343;1_tono
fin_tone_prob;ESGSI_ext;within;spearman;0.1948383654913268;0.03940162273160331;0.3480266717122745;343;1_tono
fin_pos;Z_SEN;within;spearman;0.599479476973086;0.4849002646940515;0.6933364468804134;343;1_tono
fin_pos;SEN_s;within;spearman;0.5665793403908562;0.4601475381430906;0.6637089630521346;343;1_tono
fin_pos;Z_SUS;within;spearman;0.010316192289887083;-0.15503050206026228;0.1581158502187263;343;1_tono
fin_pos;Z_QUANT;within;spearman;0.13444237885327623;-0.01334964910541112;0.28532054581672484;343;1_tono
fin_pos;Z_HEDGE;within;spearman;-0.19512073633900423;-0.34241275523554005;-0.04648540060605761;343;1_tono
fin_pos;ESGSI;within;spearman;0.3716414888997457;0.2193951584560141;0.5087419387448521;343;1_tono
fin_pos;ESGSI_ext;within;spearman;0.2126629617368476;0.06136002381318011;0.3623135567054656;343;1_tono
fin_neg;Z_SEN;within;spearman;-0.27387169527637506;-0.4181612288238855;-0.12413324531769715;343;1_tono
fin_neg;SEN_s;within;spearman;-0.37668982613153673;-0.48160597357864765;-0.2580989371518895;343;1_tono
fin_neg;Z_SUS;within;spearman;-0.06411763866238925;-0.22123004087343268;0.0969702935205614;343;1_tono
fin_neg;Z_QUANT;within;spearman;-0.02687366455960035;-0.18568347329449597;0.11837000909397166;343;1_tono
fin_neg;Z_HEDGE;within;spearman;0.29013920658314035;0.14741844368439017;0.42524025605554583;343;1_tono
fin_neg;ESGSI;within;spearman;-0.12712458650185027;-0.28070385465036285;0.03964234653194081;343;1_tono
fin_neg;ESGSI_ext;within;spearman;0.00040056239316849313;-0.14427858324297868;0.14450275823079195;343;1_tono
fin_tone;Z_SEN;between;pearson;0.8585409146676672;0.7692755403476339;0.9136005000326226;49;1_tono
fin_tone;SEN_s;between;pearson;0.8483506700818584;0.7457629405090748;0.909816470047342;49;1_tono
fin_tone;Z_SUS;between;pearson;0.20263360969627886;-0.16151355197768313;0.5305286173724606;49;1_tono
fin_tone;Z_QUANT;between;pearson;0.10216463272805673;-0.1876917528968945;0.4490515251620962;49;1_tono
fin_tone;Z_HEDGE;between;pearson;-0.5907343118568691;-0.7661838259677162;-0.3245840681370852;49;1_tono
fin_tone;ESGSI;between;pearson;0.5777478037207923;0.34545496708255996;0.7656301483085436;49;1_tono
fin_tone;ESGSI_ext;between;pearson;0.23472959014634526;-0.09245031041408773;0.5352695541893361;49;1_tono
fin_tone_prob;Z_SEN;between;pearson;0.8620595157405636;0.7747775343886735;0.9158425770048733;49;1_tono
fin_tone_prob;SEN_s;between;pearson;0.8507918530557593;0.7530045905304942;0.9098377369082141;49;1_tono
fin_tone_prob;Z_SUS;between;pearson;0.20933786415879413;-0.15693797409430119;0.5378352452172364;49;1_tono
fin_tone_prob;Z_QUANT;between;pearson;0.11164065063526354;-0.17921763078107883;0.46387178994020617;49;1_tono
fin_tone_prob;Z_HEDGE;between;pearson;-0.5930570094578308;-0.7673042624460865;-0.33126441478912283;49;1_tono
fin_tone_prob;ESGSI;between;pearson;0.5755768664356328;0.34326498663897254;0.7642199431787922;49;1_tono
fin_tone_prob;ESGSI_ext;between;pearson;0.2289777382562096;-0.09701066268083293;0.5320645778242327;49;1_tono
fin_pos;Z_SEN;between;pearson;0.6863616248258669;0.5133204221466559;0.7934556407814448;49;1_tono
fin_pos;SEN_s;between;pearson;0.6565075061404626;0.48054685724079416;0.7760915878215285;49;1_tono
fin_pos;Z_SUS;between;pearson;0.0636021402125107;-0.33887811948236757;0.43033733034178107;49;1_tono
fin_pos;Z_QUANT;between;pearson;0.027722553349444123;-0.3124158028102736;0.37962176089380356;49;1_tono
fin_pos;Z_HEDGE;between;pearson;-0.28386297736239613;-0.5075424786233865;-0.016619639544842617;49;1_tono
fin_pos;ESGSI;between;pearson;0.5379101611590296;0.2729000763797116;0.734369806436702;49;1_tono
fin_pos;ESGSI_ext;between;pearson;0.3323414903300591;-0.014420850676930072;0.6306628671112899;49;1_tono
fin_neg;Z_SEN;between;pearson;-0.5377832153992486;-0.7143845449473768;-0.27485464019960865;49;1_tono
fin_neg;SEN_s;between;pearson;-0.5673679870344692;-0.7387525816503296;-0.31376050109415055;49;1_tono
fin_neg;Z_SUS;between;pearson;-0.28995944571673377;-0.5310903170410491;0.0017267098685282835;49;1_tono
fin_neg;Z_QUANT;between;pearson;-0.15339168064589412;-0.4883028706035729;0.0820362749455006;49;1_tono
fin_neg;Z_HEDGE;between;pearson;0.6821976645455742;0.4418218074343042;0.8246170619748014;49;1_tono
fin_neg;ESGSI;between;pearson;-0.23592190158282064;-0.5346650534818571;0.09150088991154319;49;1_tono
fin_neg;ESGSI_ext;between;pearson;0.09270303519961223;-0.26840873681671146;0.42921865176002216;49;1_tono
fin_tone;Z_SEN;between;spearman;0.8206122448979591;0.6783514594082314;0.9043156082398986;49;1_tono
fin_tone;SEN_s;between;spearman;0.8243877551020408;0.6819912626650925;0.9022577214477825;49;1_tono
fin_tone;Z_SUS;between;spearman;0.22510204081632654;-0.08885924658211831;0.501681839882917;49;1_tono
fin_tone;Z_QUANT;between;spearman;0.2060204081632653;-0.09260440091617068;0.47025767443015104;49;1_tono
fin_tone;Z_HEDGE;between;spearman;-0.5202040816326531;-0.694222887507169;-0.2689239363398598;49;1_tono
fin_tone;ESGSI;between;spearman;0.4956122448979592;0.20027845105444889;0.7127681325286266;49;1_tono
fin_tone;ESGSI_ext;between;spearman;0.18285714285714286;-0.1251259799546667;0.4772071487433927;49;1_tono
fin_tone_prob;Z_SEN;between;spearman;0.826530612244898;0.6923481428664996;0.9039390911758441;49;1_tono
fin_tone_prob;SEN_s;between;spearman;0.8260204081632653;0.6869344773485523;0.9015132667239778;49;1_tono
fin_tone_prob;Z_SUS;between;spearman;0.23;-0.08474045239415644;0.5057361070971789;49;1_tono
fin_tone_prob;Z_QUANT;between;spearman;0.21183673469387754;-0.08092162184864413;0.48144060271622546;49;1_tono
fin_tone_prob;Z_HEDGE;between;spearman;-0.5133673469387755;-0.6947840199323306;-0.2618041768594824;49;1_tono
fin_tone_prob;ESGSI;between;spearman;0.4946938775510204;0.19948048317824468;0.7066982502364783;49;1_tono
fin_tone_prob;ESGSI_ext;between;spearman;0.18183673469387754;-0.11742634582134336;0.47906769759620355;49;1_tono
fin_pos;Z_SEN;between;spearman;0.6443877551020408;0.41992224422198;0.794801730931217;49;1_tono
fin_pos;SEN_s;between;spearman;0.636734693877551;0.4105569702338266;0.789940548922826;49;1_tono
fin_pos;Z_SUS;between;spearman;0.10326530612244898;-0.1933839871842092;0.3785988371668767;49;1_tono
fin_pos;Z_QUANT;between;spearman;0.08938775510204082;-0.2316849766049973;0.3790558392519593;49;1_tono
fin_pos;Z_HEDGE;between;spearman;-0.2885714285714286;-0.5342220030940922;0.0020195376967096818;49;1_tono
fin_pos;ESGSI;between;spearman;0.425;0.1498097411691646;0.6565038193969102;49;1_tono
fin_pos;ESGSI_ext;between;spearman;0.2970408163265306;0.00749523648287504;0.5511805976887163;49;1_tono
fin_neg;Z_SEN;between;spearman;-0.4503061224489796;-0.6727540278453427;-0.17155958805627333;49;1_tono
fin_neg;SEN_s;between;spearman;-0.4692857142857143;-0.6830174369237431;-0.20452330907935104;49;1_tono
fin_neg;Z_SUS;between;spearman;-0.33510204081632655;-0.5834905547591445;-0.05353189966586471;49;1_tono
fin_neg;Z_QUANT;between;spearman;-0.3926530612244898;-0.6016660951232727;-0.13804298704080908;49;1_tono
fin_neg;Z_HEDGE;between;spearman;0.5645918367346939;0.29293600945357806;0.7517395073993302;49;1_tono
fin_neg;ESGSI;between;spearman;-0.18377551020408164;-0.4627736609144097;0.10190344284012501;49;1_tono
fin_neg;ESGSI_ext;between;spearman;0.25214285714285717;-0.05255674107531105;0.5196161579319023;49;1_tono
fin_tone;Z_SEN;twoway;pearson;0.7248575710614615;0.5837292896790555;0.8129322724176747;343;1_tono
fin_tone;SEN_s;twoway;pearson;0.7316181642287998;0.6319756924834332;0.8036930833527665;343;1_tono
fin_tone;Z_SUS;twoway;pearson;0.18129312235900522;0.03488978948642335;0.3347806462403856;343;1_tono
fin_tone;Z_QUANT;twoway;pearson;0.12337869797560756;0.00010610189236212967;0.32216885479774143;343;1_tono
fin_tone;Z_HEDGE;twoway;pearson;-0.3499975900023562;-0.519117735216492;-0.15467394853064634;343;1_tono
fin_tone;ESGSI;twoway;pearson;0.4841872353190413;0.27917805104420035;0.6421493970944518;343;1_tono
fin_tone;ESGSI_ext;twoway;pearson;0.20946323464816757;0.007777117947054788;0.4183000336045558;343;1_tono
fin_tone_prob;Z_SEN;twoway;pearson;0.7264399093160818;0.5950340318123442;0.8139634625437973;343;1_tono
fin_tone_prob;SEN_s;twoway;pearson;0.7391740655254063;0.6425277340783865;0.8082692143992821;343;1_tono
fin_tone_prob;Z_SUS;twoway;pearson;0.16693040537926107;0.029441648737524247;0.30577034878629467;343;1_tono
fin_tone_prob;Z_QUANT;twoway;pearson;0.12742037553321167;0.008219516339221982;0.3198175103779278;343;1_tono
fin_tone_prob;Z_HEDGE;twoway;pearson;-0.3509353119573429;-0.5229187287457854;-0.15841963514236052;343;1_tono
fin_tone_prob;ESGSI;twoway;pearson;0.49705021808210187;0.29594443636144807;0.6536122227379679;343;1_tono
fin_tone_prob;ESGSI_ext;twoway;pearson;0.21778730092402815;0.016241562880369296;0.42602515359704046;343;1_tono
fin_pos;Z_SEN;twoway;pearson;0.6673773186535673;0.5142296285188817;0.7703563515888707;343;1_tono
fin_pos;SEN_s;twoway;pearson;0.6496907008480833;0.5269263377913919;0.7360491216272299;343;1_tono
fin_pos;Z_SUS;twoway;pearson;0.09574872591636728;-0.04319958227316155;0.23168273310402032;343;1_tono
fin_pos;Z_QUANT;twoway;pearson;0.11538004849111669;0.008349480858602827;0.2728963009218518;343;1_tono
fin_pos;Z_HEDGE;twoway;pearson;-0.24417833286306798;-0.41444308983355893;-0.04887744366927023;343;1_tono
fin_pos;ESGSI;twoway;pearson;0.5027104250934955;0.31368417542161503;0.6504114340360286;343;1_tono
fin_pos;ESGSI_ext;twoway;pearson;0.2656340811925975;0.07044066287083238;0.4683439892334793;343;1_tono
fin_neg;Z_SEN;twoway;pearson;-0.35847946851745544;-0.4860161926021446;-0.21432060957778148;343;1_tono
fin_neg;SEN_s;twoway;pearson;-0.4156616325564756;-0.5071097664681294;-0.31548996433603566;343;1_tono
fin_neg;Z_SUS;twoway;pearson;-0.24990223884894552;-0.382703760764304;-0.09429605474272153;343;1_tono
fin_neg;Z_QUANT;twoway;pearson;-0.05699772369104882;-0.2649205498510176;0.06896087704869112;343;1_tono
fin_neg;Z_HEDGE;twoway;pearson;0.3488643106113989;0.1930662649268706;0.4844369610991294;343;1_tono
fin_neg;ESGSI;twoway;pearson;-0.11129655706230998;-0.24790915503194474;0.034020709475997016;343;1_tono
fin_neg;ESGSI_ext;twoway;pearson;0.060284730321375345;-0.05113301395162547;0.16745455613363014;343;1_tono
fin_tone;Z_SEN;twoway;spearman;0.6485583917077935;0.5292457811155616;0.74200765255269;343;1_tono
fin_tone;SEN_s;twoway;spearman;0.6769665026353259;0.5873556609495606;0.7554745440429684;343;1_tono
fin_tone;Z_SUS;twoway;spearman;0.19658394919429567;0.06003917968871276;0.33685507455966185;343;1_tono
fin_tone;Z_QUANT;twoway;spearman;0.13227926246560873;-0.021790211100181908;0.2941699306656364;343;1_tono
fin_tone;Z_HEDGE;twoway;spearman;-0.2881381788595837;-0.4281982903079727;-0.15236575166723357;343;1_tono
fin_tone;ESGSI;twoway;spearman;0.38827818240427836;0.20927265544213733;0.5464748070147191;343;1_tono
fin_tone;ESGSI_ext;twoway;spearman;0.15270734976977327;-0.01173860371332741;0.30817480488064514;343;1_tono
fin_tone_prob;Z_SEN;twoway;spearman;0.6588843965633114;0.5478142700437933;0.7488769145554608;343;1_tono
fin_tone_prob;SEN_s;twoway;spearman;0.6946626176261727;0.6082576154770192;0.7648908890470851;343;1_tono
fin_tone_prob;Z_SUS;twoway;spearman;0.18914157724639077;0.04914886051619858;0.3249481394998238;343;1_tono
fin_tone_prob;Z_QUANT;twoway;spearman;0.1393525936340614;-0.01949315747238857;0.3001379510778971;343;1_tono
fin_tone_prob;Z_HEDGE;twoway;spearman;-0.2862076287063173;-0.42550022174925606;-0.15368550581873405;343;1_tono
fin_tone_prob;ESGSI;twoway;spearman;0.4058309632648303;0.22824012211928643;0.5626196837502383;343;1_tono
fin_tone_prob;ESGSI_ext;twoway;spearman;0.16551136978659273;0.003290633698792633;0.3173949050004836;343;1_tono
fin_pos;Z_SEN;twoway;spearman;0.5732443353281163;0.44696481885284745;0.6812857347672789;343;1_tono
fin_pos;SEN_s;twoway;spearman;0.5751998648733843;0.47081100354120925;0.671473974833904;343;1_tono
fin_pos;Z_SUS;twoway;spearman;0.11735348099722491;-0.03736178405926465;0.26539527454274064;343;1_tono
fin_pos;Z_QUANT;twoway;spearman;0.12399799926965016;-0.015745608939987898;0.26007762856301575;343;1_tono
fin_pos;Z_HEDGE;twoway;spearman;-0.1796824167680711;-0.33107346490583006;-0.03851559732649089;343;1_tono
fin_pos;ESGSI;twoway;spearman;0.40674181895174577;0.2490477880260527;0.5504383858788504;343;1_tono
fin_pos;ESGSI_ext;twoway;spearman;0.21183505750612888;0.05039309382516376;0.3609377897650703;343;1_tono
fin_neg;Z_SEN;twoway;spearman;-0.2950497387274546;-0.4505603301286911;-0.14657533408126713;343;1_tono
fin_neg;SEN_s;twoway;spearman;-0.379065247361403;-0.4871118484177195;-0.2661487811441185;343;1_tono
fin_neg;Z_SUS;twoway;spearman;-0.1694310527148436;-0.30704670638124715;-0.022889859758316523;343;1_tono
fin_neg;Z_QUANT;twoway;spearman;-0.07084066359539094;-0.23546569539913345;0.08499604344790238;343;1_tono
fin_neg;Z_HEDGE;twoway;spearman;0.29389057598909474;0.1476720374962726;0.42833914461685196;343;1_tono
fin_neg;ESGSI;twoway;spearman;-0.09171867732929857;-0.24973407818365118;0.059950978978117804;343;1_tono
fin_neg;ESGSI_ext;twoway;spearman;0.055082533100668137;-0.07602012282553017;0.17677802876265003;343;1_tono
fin_tone;sent_net;pooled;pearson;0.5877755716463094;0.4374747467614335;0.7048870069667373;342;1_tono_extra
fin_tone;sent_net;pooled;spearman;0.5628950684893131;0.41850815223260684;0.67671097329625;342;1_tono_extra
fin_tone;sent_net;within;pearson;0.5279188102172293;0.3307647251702856;0.6671742751125092;342;1_tono_extra
fin_tone;sent_net;within;spearman;0.45988167498163685;0.3091033128766279;0.5772642948497336;342;1_tono_extra
fin_tone;sent_net;between;pearson;0.6249062401121235;0.4253789435560182;0.7852552551993517;49;1_tono_extra
fin_tone;sent_net;between;spearman;0.6513265306122449;0.4373838416261985;0.7853125539211244;49;1_tono_extra
fin_tone;sent_net;twoway;pearson;0.5189513955778289;0.3198293728513325;0.668158713906258;342;1_tono_extra
fin_tone;sent_net;twoway;spearman;0.45176154822390224;0.30423589212374047;0.5726514132228884;342;1_tono_extra
SEN_s;Z_SEN;pooled;pearson;0.8920145839578684;0.8530385178356232;0.9177059692936851;343;1_tono_extra
SEN_s;Z_SEN;pooled;spearman;0.8758327125029697;0.8215814823166069;0.9102630915543022;343;1_tono_extra
SEN_s;Z_SEN;within;pearson;0.767274156754486;0.6780554578600125;0.8258439007342807;343;1_tono_extra
SEN_s;Z_SEN;within;spearman;0.7159510603120793;0.6338032722317244;0.7818340364004104;343;1_tono_extra
SEN_s;Z_SEN;between;pearson;0.9707282311111809;0.9552808234068226;0.9829935764369192;49;1_tono_extra
SEN_s;Z_SEN;between;spearman;0.9734693877551021;0.9315007046434692;0.9848775809732617;49;1_tono_extra
SEN_s;Z_SEN;twoway;pearson;0.7708940944546481;0.680544145701928;0.8299231505255221;343;1_tono_extra
SEN_s;Z_SEN;twoway;spearman;0.7256537166361561;0.638001961852956;0.7914392369788968;343;1_tono_extra
fin_tone_exAdom;SEN_s_exAdom;pooled;pearson;0.7875494226793722;0.7151377793073067;0.8386417255460641;343;1_tono_extra
fin_tone_exAdom;SEN_s_exAdom;pooled;spearman;0.7863809398133802;0.7034402366736385;0.8430750136165073;343;1_tono_extra
fin_tone_exAdom;SEN_s_exAdom;within;pearson;0.7103121962500377;0.6072532261472939;0.7851771724649268;343;1_tono_extra
fin_tone_exAdom;SEN_s_exAdom;within;spearman;0.6486038898860821;0.5480315846934812;0.7321038240313472;343;1_tono_extra
fin_tone_exAdom;SEN_s_exAdom;between;pearson;0.8377185676328236;0.730771514444632;0.8991593526180837;49;1_tono_extra
fin_tone_exAdom;SEN_s_exAdom;between;spearman;0.8129591836734694;0.6651839021731726;0.8956357686971975;49;1_tono_extra
fin_tone_exAdom;SEN_s_exAdom;twoway;pearson;0.719010941237858;0.6210122226412345;0.7923190552276868;343;1_tono_extra
fin_tone_exAdom;SEN_s_exAdom;twoway;spearman;0.6649166223579832;0.5690133234917674;0.7466554510328585;343;1_tono_extra
fin_tone;SEN_s_exAw;pooled;pearson;0.7862977914496617;0.7170986057026676;0.8358972975541421;343;1_tono_extra
fin_tone;SEN_s_exAw;pooled;spearman;0.7872238147841462;0.7039081161625027;0.8424225011149346;343;1_tono_extra
fin_tone;SEN_s_exAw;within;pearson;0.696432056879449;0.5890934197335537;0.7740898909750386;343;1_tono_extra
fin_tone;SEN_s_exAw;within;spearman;0.640324113558695;0.5428903635382166;0.7217351661393843;343;1_tono_extra
fin_tone;SEN_s_exAw;between;pearson;0.845950084974914;0.7443603058333624;0.9039042165189671;49;1_tono_extra
fin_tone;SEN_s_exAw;between;spearman;0.8311224489795919;0.6874297451706848;0.9054281775008937;49;1_tono_extra
fin_tone;SEN_s_exAw;twoway;pearson;0.7095208957723913;0.6005817110500472;0.7873290614745154;343;1_tono_extra
fin_tone;SEN_s_exAw;twoway;spearman;0.6616782226092045;0.5708809482216082;0.7408957295195557;343;1_tono_extra
fin_tone_fE;SEN_fE;pooled;pearson;0.6709155131495159;0.5758019978536772;0.745882351643588;319;1_tono_por_pilar
fin_tone_fE;SEN_fE;pooled;spearman;0.6568212615065215;0.5493982159193963;0.743294997761905;319;1_tono_por_pilar
fin_tone_fE;SEN_fE;within;pearson;0.5065101081173319;0.3718269833116145;0.6205074097765156;319;1_tono_por_pilar
fin_tone_fE;SEN_fE;within;spearman;0.4674404342285866;0.33600147792265833;0.5860985277765944;319;1_tono_por_pilar
fin_tone_fE;SEN_fE;between;pearson;0.8337303862798644;0.7485306925630343;0.8934837477131945;49;1_tono_por_pilar
fin_tone_fE;SEN_fE;between;spearman;0.8377551020408164;0.7154348681807474;0.9057754066531429;49;1_tono_por_pilar
fin_tone_fE;SEN_fE;twoway;pearson;0.48610302622912455;0.34858020904146897;0.6000182827825439;319;1_tono_por_pilar
fin_tone_fE;SEN_fE;twoway;spearman;0.467962234577394;0.31997061741127175;0.5845861847561183;319;1_tono_por_pilar
fin_tone_fS;SEN_fS;pooled;pearson;0.6879929303177539;0.6046516617071566;0.7560528459093863;336;1_tono_por_pilar
fin_tone_fS;SEN_fS;pooled;spearman;0.6858842078116677;0.5930944492782638;0.7658002771074398;336;1_tono_por_pilar
fin_tone_fS;SEN_fS;within;pearson;0.5728274278116815;0.4820994540820854;0.6555814529080919;336;1_tono_por_pilar
fin_tone_fS;SEN_fS;within;spearman;0.5150093279649997;0.42258179685904956;0.6002387614784357;336;1_tono_por_pilar
fin_tone_fS;SEN_fS;between;pearson;0.819216862627637;0.7143464188378108;0.8970796555983533;49;1_tono_por_pilar
fin_tone_fS;SEN_fS;between;spearman;0.7881632653061225;0.6147486117931478;0.8928449673725652;49;1_tono_por_pilar
fin_tone_fS;SEN_fS;twoway;pearson;0.5449967605942443;0.44437988453743554;0.6366095680039549;336;1_tono_por_pilar
fin_tone_fS;SEN_fS;twoway;spearman;0.5050242640127046;0.4068712909253793;0.5980090879802815;336;1_tono_por_pilar
fin_tone_fG;SEN_fG;pooled;pearson;0.4399238242724924;0.3061088248268694;0.5549155675629526;342;1_tono_por_pilar
fin_tone_fG;SEN_fG;pooled;spearman;0.4086237512963748;0.28227785533566163;0.529481789975016;342;1_tono_por_pilar
fin_tone_fG;SEN_fG;within;pearson;0.42905025522492646;0.29323753842045597;0.545669719452401;342;1_tono_por_pilar
fin_tone_fG;SEN_fG;within;spearman;0.3375674687127429;0.2178137475245972;0.4552473620395165;342;1_tono_por_pilar
fin_tone_fG;SEN_fG;between;pearson;0.4591700971183669;0.21785298442470805;0.6418027374023726;49;1_tono_por_pilar
fin_tone_fG;SEN_fG;between;spearman;0.4306122448979592;0.1484904149350028;0.6520235053653551;49;1_tono_por_pilar
fin_tone_fG;SEN_fG;twoway;pearson;0.43913898757499537;0.2989278933429444;0.5590371599067914;342;1_tono_por_pilar
fin_tone_fG;SEN_fG;twoway;spearman;0.34633759573990336;0.21991202561288775;0.47311303765935;342;1_tono_por_pilar
fin_tone_vE;SEN_vE;pooled;pearson;0.7027968275560045;0.6159785115169483;0.7700802073405093;337;1_tono_por_pilar
fin_tone_vE;SEN_vE;pooled;spearman;0.700781195498233;0.6030975703775949;0.7730799487835408;337;1_tono_por_pilar
fin_tone_vE;SEN_vE;within;pearson;0.5461229243064146;0.4481481418160573;0.6319385061885596;337;1_tono_por_pilar
fin_tone_vE;SEN_vE;within;spearman;0.5214330522770766;0.4134947555440075;0.6115657571919463;337;1_tono_por_pilar
fin_tone_vE;SEN_vE;between;pearson;0.8260109822551993;0.7415245200552322;0.8875250933809199;49;1_tono_por_pilar
fin_tone_vE;SEN_vE;between;spearman;0.8219387755102041;0.6683888501630781;0.9014912020807426;49;1_tono_por_pilar
fin_tone_vE;SEN_vE;twoway;pearson;0.5304777275341033;0.4205613881163951;0.6257385096181526;337;1_tono_por_pilar
fin_tone_vE;SEN_vE;twoway;spearman;0.5073133611423956;0.39355577892360455;0.6084208131587157;337;1_tono_por_pilar
fin_tone_vS;SEN_vS;pooled;pearson;0.5120851681956057;0.4158910968010121;0.5953724413379131;322;1_tono_por_pilar
fin_tone_vS;SEN_vS;pooled;spearman;0.47386849776540774;0.37274133071573406;0.56566232698395;322;1_tono_por_pilar
fin_tone_vS;SEN_vS;within;pearson;0.5149527585267148;0.41405835861244766;0.5975647754968337;322;1_tono_por_pilar
fin_tone_vS;SEN_vS;within;spearman;0.4929866086949356;0.3923017637399907;0.5746515255400795;322;1_tono_por_pilar
fin_tone_vS;SEN_vS;between;pearson;0.48397756614431964;0.1983305752543736;0.6865368143056249;48;1_tono_por_pilar
fin_tone_vS;SEN_vS;between;spearman;0.42075553625705603;0.10487580218504132;0.6593788899480921;48;1_tono_por_pilar
fin_tone_vS;SEN_vS;twoway;pearson;0.5081641102571187;0.3940512624447553;0.5999266485499903;322;1_tono_por_pilar
fin_tone_vS;SEN_vS;twoway;spearman;0.48755544477035023;0.3814848883715182;0.5780610575197613;322;1_tono_por_pilar
fin_tone_vG;SEN_vG;pooled;pearson;0.571064035642062;0.4454594524586347;0.6656563697796479;341;1_tono_por_pilar
fin_tone_vG;SEN_vG;pooled;spearman;0.5349196607479694;0.40586327510573456;0.6393749155839044;341;1_tono_por_pilar
fin_tone_vG;SEN_vG;within;pearson;0.4738006523648381;0.36159159054955425;0.5754890827826689;341;1_tono_por_pilar
fin_tone_vG;SEN_vG;within;spearman;0.40193306482356683;0.28194504583993063;0.5129976805938005;341;1_tono_por_pilar
fin_tone_vG;SEN_vG;between;pearson;0.6571418301114712;0.46666545078744326;0.7826415698739305;49;1_tono_por_pilar
fin_tone_vG;SEN_vG;between;spearman;0.6096938775510204;0.38534231329532564;0.7684309566842149;49;1_tono_por_pilar
fin_tone_vG;SEN_vG;twoway;pearson;0.48595221731815574;0.3774324454062216;0.583861312834468;341;1_tono_por_pilar
fin_tone_vG;SEN_vG;twoway;spearman;0.4151372912183858;0.2987110899211053;0.5297401466871567;341;1_tono_por_pilar
fin_tone_fNone;SEN_fNone;pooled;pearson;0.6856653403779628;0.6150047701463305;0.7433932108481711;341;1_tono_por_pilar
fin_tone_fNone;SEN_fNone;pooled;spearman;0.6792518555043043;0.5909927038573358;0.7460202592166912;341;1_tono_por_pilar
fin_tone_fNone;SEN_fNone;within;pearson;0.5822878109074435;0.5065065649195816;0.6554162020736923;341;1_tono_por_pilar
fin_tone_fNone;SEN_fNone;within;spearman;0.580740516341041;0.4970678605526338;0.6532749140933666;341;1_tono_por_pilar
fin_tone_fNone;SEN_fNone;between;pearson;0.7855148551381326;0.6848601327599718;0.8581705758678858;49;1_tono_por_pilar
fin_tone_fNone;SEN_fNone;between;spearman;0.8093877551020409;0.6750625418275312;0.8825012554206434;49;1_tono_por_pilar
fin_tone_fNone;SEN_fNone;twoway;pearson;0.5837466797332301;0.506098434689033;0.6554999985856745;341;1_tono_por_pilar
fin_tone_fNone;SEN_fNone;twoway;spearman;0.5712068250668071;0.49246377934752955;0.6488047745307651;341;1_tono_por_pilar
fesgn_E;sh_ET;pooled;pearson;0.8133082586652333;0.7306112150692526;0.8714757574730839;343;2_pilares_cuotas
fesgn_E;sh_E;pooled;pearson;0.9025347733754109;0.8452563627763875;0.9358407968645583;343;2_pilares_cuotas
fesgn_E;sh_S;pooled;pearson;0.014626816318819338;-0.2138760362657463;0.22925042121998773;343;2_pilares_cuotas
fesgn_E;sh_G;pooled;pearson;-0.7592152860683719;-0.8293012010710846;-0.6697376425441801;343;2_pilares_cuotas
fesgn_E;sh_TRANS;pooled;pearson;-0.08065665337207155;-0.22343597940269913;0.097089686197755;343;2_pilares_cuotas
fesgn_S;sh_ET;pooled;pearson;0.0952834896487201;-0.14248770468948604;0.32156426828228707;343;2_pilares_cuotas
fesgn_S;sh_E;pooled;pearson;0.047041852354857944;-0.21410055287966337;0.3054391120009141;343;2_pilares_cuotas
fesgn_S;sh_S;pooled;pearson;0.7103416264117305;0.6086613782412416;0.7941553507416376;343;2_pilares_cuotas
fesgn_S;sh_G;pooled;pearson;-0.33809801437958653;-0.5324085883988904;-0.09645638388009946;343;2_pilares_cuotas
fesgn_S;sh_TRANS;pooled;pearson;0.11486723492903649;-0.04769755537672322;0.27580052716439785;343;2_pilares_cuotas
fesgn_G;sh_ET;pooled;pearson;-0.753618071788328;-0.8259259471865281;-0.6587415608198435;343;2_pilares_cuotas
fesgn_G;sh_E;pooled;pearson;-0.8014358021225647;-0.8646373384305817;-0.7221035247609664;343;2_pilares_cuotas
fesgn_G;sh_S;pooled;pearson;-0.43442344966569624;-0.5887046851746233;-0.2308616405060142;343;2_pilares_cuotas
fesgn_G;sh_G;pooled;pearson;0.8514719481749714;0.7938173224827854;0.8955508925026342;343;2_pilares_cuotas
fesgn_G;sh_TRANS;pooled;pearson;0.0009026870574641412;-0.17494597361000028;0.17383418214716811;343;2_pilares_cuotas
besgn_E;sh_ET;pooled;pearson;0.8393488529023624;0.7625142095559535;0.8916471030190507;343;2_pilares_cuotas
besgn_E;sh_E;pooled;pearson;0.8775819309907338;0.8156693041795088;0.9168313724458649;343;2_pilares_cuotas
besgn_E;sh_S;pooled;pearson;-0.06618170990870179;-0.2790965518565144;0.149700678362941;343;2_pilares_cuotas
besgn_E;sh_G;pooled;pearson;-0.7549471916629075;-0.8365503146525564;-0.6366388760536015;343;2_pilares_cuotas
besgn_E;sh_TRANS;pooled;pearson;0.030816334931709363;-0.12731716196229806;0.20726517135039452;343;2_pilares_cuotas
besgn_S;sh_ET;pooled;pearson;-0.17545622445514802;-0.40052016915124383;0.04805813806095925;343;2_pilares_cuotas
besgn_S;sh_E;pooled;pearson;-0.23387561081686423;-0.4568542763101427;0.010394415328667497;343;2_pilares_cuotas
besgn_S;sh_S;pooled;pearson;0.720511782693057;0.6091549468781693;0.8048776124086992;343;2_pilares_cuotas
besgn_S;sh_G;pooled;pearson;-0.09065290153709359;-0.3074559550413295;0.15735885672816569;343;2_pilares_cuotas
besgn_S;sh_TRANS;pooled;pearson;0.10036350249363157;-0.05495133517861017;0.2444102244771935;343;2_pilares_cuotas
besgn_G;sh_ET;pooled;pearson;-0.7860000905665638;-0.8433667572304466;-0.7048566057344632;343;2_pilares_cuotas
besgn_G;sh_E;pooled;pearson;-0.789384807935659;-0.8426569268866114;-0.7278315801850553;343;2_pilares_cuotas
besgn_G;sh_S;pooled;pearson;-0.39232839119675744;-0.5342450031946577;-0.21232129472403027;343;2_pilares_cuotas
besgn_G;sh_G;pooled;pearson;0.8666949699647328;0.8140603872434158;0.9028342675638361;343;2_pilares_cuotas
besgn_G;sh_TRANS;pooled;pearson;-0.09751988568189823;-0.27734429226113555;0.08224219030404721;343;2_pilares_cuotas
fesgn_E;sh_ET;pooled;spearman;0.7690542319068523;0.6722819736671792;0.8456427080711996;343;2_pilares_cuotas
fesgn_E;sh_E;pooled;spearman;0.8822158123228784;0.8157251894793233;0.9280391663136368;343;2_pilares_cuotas
fesgn_E;sh_S;pooled;spearman;0.05657395060190596;-0.16254404111422338;0.2534517353176459;343;2_pilares_cuotas
fesgn_E;sh_G;pooled;spearman;-0.7356443916316869;-0.8282804046039375;-0.6167739987940147;343;2_pilares_cuotas
fesgn_E;sh_TRANS;pooled;spearman;-0.03628425908521568;-0.2079417172459558;0.15314204939963275;343;2_pilares_cuotas
fesgn_S;sh_ET;pooled;spearman;0.05844583754510916;-0.14518746221190024;0.2473295743136485;343;2_pilares_cuotas
fesgn_S;sh_E;pooled;spearman;0.06472103445909792;-0.16000909195175284;0.2725441976198916;343;2_pilares_cuotas
fesgn_S;sh_S;pooled;spearman;0.6912717310165258;0.5922453654347234;0.7720914213821194;343;2_pilares_cuotas
fesgn_S;sh_G;pooled;spearman;-0.26885109060711027;-0.4696545321200363;-0.038448939965546075;343;2_pilares_cuotas
fesgn_S;sh_TRANS;pooled;spearman;0.10032850962176292;-0.06491427897763462;0.2696072963970274;343;2_pilares_cuotas
fesgn_G;sh_ET;pooled;spearman;-0.7317088873545863;-0.8083188702641774;-0.6353588082072478;343;2_pilares_cuotas
fesgn_G;sh_E;pooled;spearman;-0.8273936314954548;-0.8834994095741433;-0.7401416980369788;343;2_pilares_cuotas
fesgn_G;sh_S;pooled;spearman;-0.3559077985484344;-0.5404596070582045;-0.1369592132130534;343;2_pilares_cuotas
fesgn_G;sh_G;pooled;spearman;0.8277372473332458;0.7596232818958538;0.8785788577960076;343;2_pilares_cuotas
fesgn_G;sh_TRANS;pooled;spearman;0.016835540493903556;-0.17707768007689742;0.1918949781565772;343;2_pilares_cuotas
besgn_E;sh_ET;pooled;spearman;0.7871486075167601;0.6932495151142023;0.8575450946216459;343;2_pilares_cuotas
besgn_E;sh_E;pooled;spearman;0.8548826203706638;0.7795339717047607;0.9067708693646322;343;2_pilares_cuotas
besgn_E;sh_S;pooled;spearman;-0.0731634750463298;-0.3016877165268135;0.14032554039171274;343;2_pilares_cuotas
besgn_E;sh_G;pooled;spearman;-0.6966273874725164;-0.8137675229388238;-0.5391921719907306;343;2_pilares_cuotas
besgn_E;sh_TRANS;pooled;spearman;0.026389749622706536;-0.15820034019774745;0.2149475220188196;343;2_pilares_cuotas
besgn_S;sh_ET;pooled;spearman;-0.20273590415560808;-0.3848807912175839;-0.026682387477230774;343;2_pilares_cuotas
besgn_S;sh_E;pooled;spearman;-0.20826290515837026;-0.40343186895765937;-0.010593937011145095;343;2_pilares_cuotas
besgn_S;sh_S;pooled;spearman;0.7028765622585137;0.5912919299959201;0.7912655403317348;343;2_pilares_cuotas
besgn_S;sh_G;pooled;spearman;-0.0392415286949585;-0.25389907221721336;0.19433189217565944;343;2_pilares_cuotas
besgn_S;sh_TRANS;pooled;spearman;0.09797342305345612;-0.0723778366506006;0.2514586108301829;343;2_pilares_cuotas
besgn_G;sh_ET;pooled;spearman;-0.7429692234232843;-0.8163171351672364;-0.6420708670107559;343;2_pilares_cuotas
besgn_G;sh_E;pooled;spearman;-0.8123825973645981;-0.8724879649603791;-0.7179821556246017;343;2_pilares_cuotas
besgn_G;sh_S;pooled;spearman;-0.3363509688753426;-0.5118951659728392;-0.12581024764042417;343;2_pilares_cuotas
besgn_G;sh_G;pooled;spearman;0.8279922465523963;0.7449989796029243;0.8813396920616051;343;2_pilares_cuotas
besgn_G;sh_TRANS;pooled;spearman;-0.03346789790758818;-0.23057793931951015;0.14752377781928475;343;2_pilares_cuotas
fesgn_E;sh_ET;within;pearson;0.799152532702279;0.7309382620614825;0.8512307132725855;343;2_pilares_cuotas
fesgn_E;sh_E;within;pearson;0.8339889969457411;0.766206485803255;0.8822339690555422;343;2_pilares_cuotas
fesgn_E;sh_S;within;pearson;-0.17929252706266524;-0.3344051948086706;-0.01837269573443134;343;2_pilares_cuotas
fesgn_E;sh_G;within;pearson;-0.7586625304462554;-0.8124894595589477;-0.6939413683202756;343;2_pilares_cuotas
fesgn_E;sh_TRANS;within;pearson;0.49835952110695303;0.3685322591898425;0.617706062665722;343;2_pilares_cuotas
fesgn_S;sh_ET;within;pearson;0.22660234570348226;0.003328813357872941;0.40615630154355886;343;2_pilares_cuotas
fesgn_S;sh_E;within;pearson;0.15203934768427008;-0.029355263363389165;0.3126421293747964;343;2_pilares_cuotas
fesgn_S;sh_S;within;pearson;0.4749098105699558;0.34210235401724437;0.5940235668663774;343;2_pilares_cuotas
fesgn_S;sh_G;within;pearson;-0.3516673323254782;-0.5096868130176747;-0.15277945018094324;343;2_pilares_cuotas
fesgn_S;sh_TRANS;within;pearson;0.26351788352009253;0.0072292220226574016;0.4485417512005048;343;2_pilares_cuotas
fesgn_G;sh_ET;within;pearson;-0.7917801646307162;-0.8607632284891393;-0.6790937932507733;343;2_pilares_cuotas
fesgn_G;sh_E;within;pearson;-0.7732040507535906;-0.8423597325078263;-0.6764967779652201;343;2_pilares_cuotas
fesgn_G;sh_S;within;pearson;-0.15291938066804936;-0.3235602451356296;0.028554274919152235;343;2_pilares_cuotas
fesgn_G;sh_G;within;pearson;0.8375152966139713;0.7597627391030046;0.886123356481899;343;2_pilares_cuotas
fesgn_G;sh_TRANS;within;pearson;-0.5705977580565801;-0.6920199748088197;-0.381605856370343;343;2_pilares_cuotas
besgn_E;sh_ET;within;pearson;0.8529173284213798;0.792104617887904;0.8928853594527093;343;2_pilares_cuotas
besgn_E;sh_E;within;pearson;0.8280695098826623;0.7717130302004116;0.8722724488527246;343;2_pilares_cuotas
besgn_E;sh_S;within;pearson;-0.13717787787718003;-0.3063507188379725;0.03224275464150559;343;2_pilares_cuotas
besgn_E;sh_G;within;pearson;-0.8237739635312308;-0.8680822998759478;-0.761111928288427;343;2_pilares_cuotas
besgn_E;sh_TRANS;within;pearson;0.6216571736916177;0.4790745486599722;0.7252714275378148;343;2_pilares_cuotas
besgn_S;sh_ET;within;pearson;-0.028509135169076567;-0.2637258823583115;0.19530918610024797;343;2_pilares_cuotas
besgn_S;sh_E;within;pearson;-0.09120006302337366;-0.2643314134612383;0.07957065253447221;343;2_pilares_cuotas
besgn_S;sh_S;within;pearson;0.5431775403895452;0.44921033511018094;0.6332393424108891;343;2_pilares_cuotas
besgn_S;sh_G;within;pearson;-0.1123467370519345;-0.3171336491305655;0.12080516488202554;343;2_pilares_cuotas
besgn_S;sh_TRANS;within;pearson;0.07115166636019761;-0.19847398027021462;0.29855829321078065;343;2_pilares_cuotas
besgn_G;sh_ET;within;pearson;-0.8085451469662718;-0.8546941585130272;-0.7385160182202987;343;2_pilares_cuotas
besgn_G;sh_E;within;pearson;-0.7501321140000657;-0.814244400068421;-0.6807321827904379;343;2_pilares_cuotas
besgn_G;sh_S;within;pearson;-0.16551532575342068;-0.31039334813978287;0.004097040493692236;343;2_pilares_cuotas
besgn_G;sh_G;within;pearson;0.8576791156857079;0.798349996823397;0.8942730047689836;343;2_pilares_cuotas
besgn_G;sh_TRANS;within;pearson;-0.6397638210258664;-0.7476330994186035;-0.4620696556824413;343;2_pilares_cuotas
fesgn_E;sh_ET;within;spearman;0.8110006276816164;0.7388100549738373;0.8614284945859282;343;2_pilares_cuotas
fesgn_E;sh_E;within;spearman;0.8307636401429885;0.753201743406444;0.8833289227461267;343;2_pilares_cuotas
fesgn_E;sh_S;within;spearman;-0.21739462394377557;-0.3701459321983727;-0.06934994139935778;343;2_pilares_cuotas
fesgn_E;sh_G;within;spearman;-0.7889933356315388;-0.8401261204127962;-0.7221170331486104;343;2_pilares_cuotas
fesgn_E;sh_TRANS;within;spearman;0.5588666551632608;0.4339562157458441;0.6642674541091679;343;2_pilares_cuotas
fesgn_S;sh_ET;within;spearman;0.11418973053999311;-0.07364502348415605;0.28674751261009523;343;2_pilares_cuotas
fesgn_S;sh_E;within;spearman;0.07438744541612159;-0.09478359296780356;0.23605455634090236;343;2_pilares_cuotas
fesgn_S;sh_S;within;spearman;0.45369240419008644;0.3310085183081803;0.5686748386281623;343;2_pilares_cuotas
fesgn_S;sh_G;within;spearman;-0.22923931723882304;-0.3888512923891129;-0.05884448883389417;343;2_pilares_cuotas
fesgn_S;sh_TRANS;within;spearman;0.12677161332760725;-0.0628906009040655;0.30688064619964744;343;2_pilares_cuotas
fesgn_G;sh_ET;within;spearman;-0.7537481543313211;-0.8267416707060798;-0.6527575271774256;343;2_pilares_cuotas
fesgn_G;sh_E;within;spearman;-0.7395200105389272;-0.819492223405936;-0.6286905902244343;343;2_pilares_cuotas
fesgn_G;sh_S;within;spearman;-0.05093833680504794;-0.20775995986084805;0.1062140624035116;343;2_pilares_cuotas
fesgn_G;sh_G;within;spearman;0.809500971928888;0.7364543304344732;0.8650650908481159;343;2_pilares_cuotas
fesgn_G;sh_TRANS;within;spearman;-0.5444615739977015;-0.6663200887690947;-0.3980162521217507;343;2_pilares_cuotas
besgn_E;sh_ET;within;spearman;0.8211903750834133;0.7492033509049635;0.8696229718668557;343;2_pilares_cuotas
besgn_E;sh_E;within;spearman;0.807493639176251;0.7430400165132925;0.8551642237562362;343;2_pilares_cuotas
besgn_E;sh_S;within;spearman;-0.20730575846355329;-0.3663302362338043;-0.04697610906468847;343;2_pilares_cuotas
besgn_E;sh_G;within;spearman;-0.7964360949835433;-0.8530586720967005;-0.7203220247009439;343;2_pilares_cuotas
besgn_E;sh_TRANS;within;spearman;0.6236887306067732;0.4999992398334892;0.7206989003485683;343;2_pilares_cuotas
besgn_S;sh_ET;within;spearman;-0.12398911492933014;-0.29956618048271133;0.053135811972425985;343;2_pilares_cuotas
besgn_S;sh_E;within;spearman;-0.15870378922621362;-0.30630441053468427;-0.010455041429791988;343;2_pilares_cuotas
besgn_S;sh_S;within;spearman;0.5494693215803519;0.47684251996897237;0.6216935586776627;343;2_pilares_cuotas
besgn_S;sh_G;within;spearman;0.015195057885298242;-0.15750384453919858;0.19328095344994473;343;2_pilares_cuotas
besgn_S;sh_TRANS;within;spearman;-0.07487916958960665;-0.25106991015316027;0.10683024323580838;343;2_pilares_cuotas
besgn_G;sh_ET;within;spearman;-0.7495962222235294;-0.815030760402055;-0.6593912770167489;343;2_pilares_cuotas
besgn_G;sh_E;within;spearman;-0.7287434837050736;-0.7953457909414143;-0.6455656865904973;343;2_pilares_cuotas
besgn_G;sh_S;within;spearman;-0.06874611694950769;-0.21204645415771378;0.08104674488935573;343;2_pilares_cuotas
besgn_G;sh_G;within;spearman;0.7992979303457058;0.7164413407788945;0.857575974514404;343;2_pilares_cuotas
besgn_G;sh_TRANS;within;spearman;-0.5627739973728533;-0.6743694996320329;-0.4290440959775249;343;2_pilares_cuotas
fesgn_E;sh_ET;between;pearson;0.8567478074213707;0.7032723682385238;0.9291164370063516;49;2_pilares_cuotas
fesgn_E;sh_E;between;pearson;0.9313089043208673;0.8508770286120991;0.967328709407965;49;2_pilares_cuotas
fesgn_E;sh_S;between;pearson;0.08724391892002037;-0.20397455160016495;0.3944166218639397;49;2_pilares_cuotas
fesgn_E;sh_G;between;pearson;-0.7712856616743229;-0.8772356898456302;-0.6086108976061758;49;2_pilares_cuotas
fesgn_E;sh_TRANS;between;pearson;-0.538127983065176;-0.6962053794198563;-0.3392650088439604;49;2_pilares_cuotas
fesgn_S;sh_ET;between;pearson;-0.010659723482148447;-0.32592939121458564;0.3604406929059173;49;2_pilares_cuotas
fesgn_S;sh_E;between;pearson;-0.0027539423411243064;-0.3282667373176581;0.360820618556627;49;2_pilares_cuotas
fesgn_S;sh_S;between;pearson;0.8268839451948857;0.7227800217237527;0.9038776383998407;49;2_pilares_cuotas
fesgn_S;sh_G;between;pearson;-0.329627158483566;-0.6437670446335574;0.008757081602571118;49;2_pilares_cuotas
fesgn_S;sh_TRANS;between;pearson;-0.01793786999844826;-0.31628831484487446;0.27673494031756257;49;2_pilares_cuotas
fesgn_G;sh_ET;between;pearson;-0.7471306547667387;-0.8453861357275555;-0.6248875137121158;49;2_pilares_cuotas
fesgn_G;sh_E;between;pearson;-0.8172317592985592;-0.9007853724498255;-0.7074848895344568;49;2_pilares_cuotas
fesgn_G;sh_S;between;pearson;-0.5522132295439205;-0.7453102818528509;-0.28625372359755585;49;2_pilares_cuotas
fesgn_G;sh_G;between;pearson;0.8676767866138855;0.8016830282540268;0.9177111166833681;49;2_pilares_cuotas
fesgn_G;sh_TRANS;between;pearson;0.48344246646553246;0.22610243181361467;0.6982829220358342;49;2_pilares_cuotas
besgn_E;sh_ET;between;pearson;0.8544863718829615;0.7255556008359357;0.9213550649059314;49;2_pilares_cuotas
besgn_E;sh_E;between;pearson;0.9026759010067681;0.8082090102023803;0.9529683957437638;49;2_pilares_cuotas
besgn_E;sh_S;between;pearson;-0.03813645472854722;-0.3103145142477856;0.2766063331350248;49;2_pilares_cuotas
besgn_E;sh_G;between;pearson;-0.7179751408093202;-0.8472477552070646;-0.5145324028527838;49;2_pilares_cuotas
besgn_E;sh_TRANS;between;pearson;-0.463715831837232;-0.6260951063915493;-0.26135166764751777;49;2_pilares_cuotas
besgn_S;sh_ET;between;pearson;-0.2839202033074842;-0.5630602995406073;0.07186363916332959;49;2_pilares_cuotas
besgn_S;sh_E;between;pearson;-0.2913952311217517;-0.5668033835090837;0.06153571398452454;49;2_pilares_cuotas
besgn_S;sh_S;between;pearson;0.7888087137229381;0.6451249265917894;0.8749116335409124;49;2_pilares_cuotas
besgn_S;sh_G;between;pearson;-0.07942595649451667;-0.4400359520098617;0.27450466933914297;49;2_pilares_cuotas
besgn_S;sh_TRANS;between;pearson;0.13027258692047672;-0.1106757628945879;0.34508764562977523;49;2_pilares_cuotas
besgn_G;sh_ET;between;pearson;-0.7742827107325981;-0.8585893978555281;-0.6665574744099796;49;2_pilares_cuotas
besgn_G;sh_E;between;pearson;-0.8239446568837998;-0.8970690533517541;-0.7264982082478889;49;2_pilares_cuotas
besgn_G;sh_S;between;pearson;-0.510533682669371;-0.7100655100835608;-0.25803471956714663;49;2_pilares_cuotas
besgn_G;sh_G;between;pearson;0.8739112314687603;0.8093231692692595;0.9211414358227312;49;2_pilares_cuotas
besgn_G;sh_TRANS;between;pearson;0.4369100541174252;0.19298047183564473;0.641548826135869;49;2_pilares_cuotas
fesgn_E;sh_ET;between;spearman;0.7661224489795918;0.5786790134251453;0.8839751459761231;49;2_pilares_cuotas
fesgn_E;sh_E;between;spearman;0.8978571428571429;0.7889276595704021;0.9507822353491013;49;2_pilares_cuotas
fesgn_E;sh_S;between;spearman;0.2573469387755102;-0.04745529464245247;0.5208038612169444;49;2_pilares_cuotas
fesgn_E;sh_G;between;spearman;-0.7390816326530613;-0.8667884992523467;-0.5306993361026019;49;2_pilares_cuotas
fesgn_E;sh_TRANS;between;spearman;-0.5867346938775511;-0.7580746718793644;-0.34515959796892537;49;2_pilares_cuotas
fesgn_S;sh_ET;between;spearman;0.17020408163265305;-0.1404207987358146;0.46025827573905403;49;2_pilares_cuotas
fesgn_S;sh_E;between;spearman;0.16846938775510203;-0.13196469939146;0.4558556185297006;49;2_pilares_cuotas
fesgn_S;sh_S;between;spearman;0.8487755102040816;0.7545339219129874;0.9091929580465142;49;2_pilares_cuotas
fesgn_S;sh_G;between;spearman;-0.45683673469387753;-0.7119640418127978;-0.15386876424106258;49;2_pilares_cuotas
fesgn_S;sh_TRANS;between;spearman;-0.04683673469387755;-0.33395247282050544;0.23611402293344447;49;2_pilares_cuotas
fesgn_G;sh_ET;between;spearman;-0.7895918367346939;-0.8909794202379568;-0.6230573849850992;49;2_pilares_cuotas
fesgn_G;sh_E;between;spearman;-0.8658163265306122;-0.931350515675877;-0.7323387747097926;49;2_pilares_cuotas
fesgn_G;sh_S;between;spearman;-0.5502040816326531;-0.7594344899204266;-0.2776148124164413;49;2_pilares_cuotas
fesgn_G;sh_G;between;spearman;0.9048979591836734;0.8221987737098144;0.9398809300681197;49;2_pilares_cuotas
fesgn_G;sh_TRANS;between;spearman;0.4819387755102041;0.21218211891789746;0.692612305480119;49;2_pilares_cuotas
besgn_E;sh_ET;between;spearman;0.8101020408163265;0.6504854330342864;0.8990316298530692;49;2_pilares_cuotas
besgn_E;sh_E;between;spearman;0.8729591836734694;0.7428765090185193;0.9422805564603898;49;2_pilares_cuotas
besgn_E;sh_S;between;spearman;0.12806122448979593;-0.1847153482149439;0.4295102761732997;49;2_pilares_cuotas
besgn_E;sh_G;between;spearman;-0.683469387755102;-0.8390232557304739;-0.4439427525911456;49;2_pilares_cuotas
besgn_E;sh_TRANS;between;spearman;-0.47438775510204084;-0.6614944392741422;-0.23480076239331812;49;2_pilares_cuotas
besgn_S;sh_ET;between;spearman;-0.12928571428571428;-0.4164971560876058;0.18236758899901048;49;2_pilares_cuotas
besgn_S;sh_E;between;spearman;-0.14081632653061224;-0.4282042489021425;0.17176551108431687;49;2_pilares_cuotas
besgn_S;sh_S;between;spearman;0.7576530612244898;0.5851962220784096;0.8608323322159342;49;2_pilares_cuotas
besgn_S;sh_G;between;spearman;-0.20326530612244897;-0.5044498754026256;0.10972516766344671;49;2_pilares_cuotas
besgn_S;sh_TRANS;between;spearman;0.10275510204081632;-0.1803441595972233;0.37323121722514657;49;2_pilares_cuotas
besgn_G;sh_ET;between;spearman;-0.8033673469387755;-0.9010669224148058;-0.6417381107494209;49;2_pilares_cuotas
besgn_G;sh_E;between;spearman;-0.8533673469387755;-0.9307322836588452;-0.7120429275437816;49;2_pilares_cuotas
besgn_G;sh_S;between;spearman;-0.4960204081632653;-0.7174287857519643;-0.21139161115285954;49;2_pilares_cuotas
besgn_G;sh_G;between;spearman;0.8725510204081632;0.7595799967867657;0.9270527577313314;49;2_pilares_cuotas
besgn_G;sh_TRANS;between;spearman;0.4307142857142857;0.176301003429481;0.6472043975749977;49;2_pilares_cuotas
fesgn_E;sh_ET;twoway;pearson;0.6073142966742754;0.491197362133619;0.7000855889189618;343;2_pilares_cuotas
fesgn_E;sh_E;twoway;pearson;0.7115521754053129;0.631766365266456;0.7795591201283493;343;2_pilares_cuotas
fesgn_E;sh_S;twoway;pearson;-0.026951572096480317;-0.1854322273031229;0.1331808489631371;343;2_pilares_cuotas
fesgn_E;sh_G;twoway;pearson;-0.5512198458194048;-0.6471436573416969;-0.4391421501801465;343;2_pilares_cuotas
fesgn_E;sh_TRANS;twoway;pearson;0.0920421404516914;-0.0784464347622544;0.2607750331971321;343;2_pilares_cuotas
fesgn_S;sh_ET;twoway;pearson;0.29197370244635634;0.08743431454252268;0.458640204333354;343;2_pilares_cuotas
fesgn_S;sh_E;twoway;pearson;0.1571318340403598;-0.010718904319344963;0.30700779631806674;343;2_pilares_cuotas
fesgn_S;sh_S;twoway;pearson;0.5086193661529832;0.38349682536967616;0.6166978556701893;343;2_pilares_cuotas
fesgn_S;sh_G;twoway;pearson;-0.44121302856779765;-0.5692506615148774;-0.27699483463695385;343;2_pilares_cuotas
fesgn_S;sh_TRANS;twoway;pearson;0.3217969640385529;0.08121382438911187;0.4932398653764222;343;2_pilares_cuotas
fesgn_G;sh_ET;twoway;pearson;-0.6749037054850249;-0.7844344633799853;-0.5073146217668805;343;2_pilares_cuotas
fesgn_G;sh_E;twoway;pearson;-0.6487358217740199;-0.7496292478451326;-0.5323459721757589;343;2_pilares_cuotas
fesgn_G;sh_S;twoway;pearson;-0.37050931099402346;-0.525214290726713;-0.19375522498001593;343;2_pilares_cuotas
fesgn_G;sh_G;twoway;pearson;0.7478563392937582;0.6372790543203776;0.8258331117643407;343;2_pilares_cuotas
fesgn_G;sh_TRANS;twoway;pearson;-0.3153827090655216;-0.4891078639852154;-0.0733864096829349;343;2_pilares_cuotas
besgn_E;sh_ET;twoway;pearson;0.7177742634633706;0.6144870896313607;0.7871688216402242;343;2_pilares_cuotas
besgn_E;sh_E;twoway;pearson;0.7020563715560799;0.6331502178888607;0.7649157120254831;343;2_pilares_cuotas
besgn_E;sh_S;twoway;pearson;0.03468757383599595;-0.13640787326604856;0.19204551889657293;343;2_pilares_cuotas
besgn_E;sh_G;twoway;pearson;-0.6739572102271666;-0.7482836732838565;-0.5765601969011555;343;2_pilares_cuotas
besgn_E;sh_TRANS;twoway;pearson;0.3172404078555634;0.11269895967900874;0.475329559554557;343;2_pilares_cuotas
besgn_S;sh_ET;twoway;pearson;0.18246605035541236;-0.015176704147294431;0.35713303960785886;343;2_pilares_cuotas
besgn_S;sh_E;twoway;pearson;0.04308184230541614;-0.08681563626628137;0.16820280660308057;343;2_pilares_cuotas
besgn_S;sh_S;twoway;pearson;0.5308692544076199;0.42033361080633685;0.632492629585843;343;2_pilares_cuotas
besgn_S;sh_G;twoway;pearson;-0.34769503834988325;-0.4957327661593977;-0.15751855592590144;343;2_pilares_cuotas
besgn_S;sh_TRANS;twoway;pearson;0.28381177201246555;0.058578655785416156;0.44995224312954524;343;2_pilares_cuotas
besgn_G;sh_ET;twoway;pearson;-0.7324467926902619;-0.8002364697094837;-0.6376957768757525;343;2_pilares_cuotas
besgn_G;sh_E;twoway;pearson;-0.6293420752373452;-0.7224321329727958;-0.5443302528452014;343;2_pilares_cuotas
besgn_G;sh_S;twoway;pearson;-0.37111684340292456;-0.49503762276932645;-0.2272687332430528;343;2_pilares_cuotas
besgn_G;sh_G;twoway;pearson;0.8011524381564449;0.7245433108160565;0.8525291410342728;343;2_pilares_cuotas
besgn_G;sh_TRANS;twoway;pearson;-0.45437699007725396;-0.6116241785691253;-0.2059498646466161;343;2_pilares_cuotas
fesgn_E;sh_ET;twoway;spearman;0.573184563211541;0.4529204233825072;0.6723981722010604;343;2_pilares_cuotas
fesgn_E;sh_E;twoway;spearman;0.6898302947687206;0.6128083884238145;0.7529541628472068;343;2_pilares_cuotas
fesgn_E;sh_S;twoway;spearman;-0.0066022912049939755;-0.15610130803207933;0.1434732311792679;343;2_pilares_cuotas
fesgn_E;sh_G;twoway;spearman;-0.5222771570597114;-0.6321360953372089;-0.3969329680068034;343;2_pilares_cuotas
fesgn_E;sh_TRANS;twoway;spearman;0.1117583945625811;-0.07967579073891114;0.28201584116925005;343;2_pilares_cuotas
fesgn_S;sh_ET;twoway;spearman;0.2716488064013855;0.10059982376838038;0.42388629302239317;343;2_pilares_cuotas
fesgn_S;sh_E;twoway;spearman;0.1633554103578833;-0.012047424991890243;0.31100620116899225;343;2_pilares_cuotas
fesgn_S;sh_S;twoway;spearman;0.4915168200520285;0.36622402075105454;0.5922977468800277;343;2_pilares_cuotas
fesgn_S;sh_G;twoway;spearman;-0.40127281897196715;-0.5259761186902897;-0.25575285798312125;343;2_pilares_cuotas
fesgn_S;sh_TRANS;twoway;spearman;0.2734821153500743;0.0730304378690267;0.4401845534870725;343;2_pilares_cuotas
fesgn_G;sh_ET;twoway;spearman;-0.6492114243844067;-0.7538768539676544;-0.5158285594397177;343;2_pilares_cuotas
fesgn_G;sh_E;twoway;spearman;-0.6333765714713933;-0.7325431407997883;-0.5120838885657343;343;2_pilares_cuotas
fesgn_G;sh_S;twoway;spearman;-0.33177420294923354;-0.47030666948345523;-0.1825511895306677;343;2_pilares_cuotas
fesgn_G;sh_G;twoway;spearman;0.7080459216384578;0.5996152356707987;0.7976026232488682;343;2_pilares_cuotas
fesgn_G;sh_TRANS;twoway;spearman;-0.294227500407402;-0.46742760921143045;-0.061629059229548644;343;2_pilares_cuotas
besgn_E;sh_ET;twoway;spearman;0.6667270335306705;0.5505063673532821;0.754755260447832;343;2_pilares_cuotas
besgn_E;sh_E;twoway;spearman;0.6617222339189216;0.5697498225036436;0.736880984735402;343;2_pilares_cuotas
besgn_E;sh_S;twoway;spearman;0.03482156982394287;-0.12972614810519786;0.1947992335980827;343;2_pilares_cuotas
besgn_E;sh_G;twoway;spearman;-0.6200378735162538;-0.7170272357746901;-0.4995121114119413;343;2_pilares_cuotas
besgn_E;sh_TRANS;twoway;spearman;0.30148728489472376;0.10860877322152418;0.45673070053076553;343;2_pilares_cuotas
besgn_S;sh_ET;twoway;spearman;0.124720914769125;-0.04295915046657631;0.2966295256739672;343;2_pilares_cuotas
besgn_S;sh_E;twoway;spearman;0.0336270196135807;-0.10812154884543168;0.16229690296906568;343;2_pilares_cuotas
besgn_S;sh_S;twoway;spearman;0.5121777509744937;0.4007200324907982;0.605276020251931;343;2_pilares_cuotas
besgn_S;sh_G;twoway;spearman;-0.2691847678046564;-0.4242166190897689;-0.10689890069905633;343;2_pilares_cuotas
besgn_S;sh_TRANS;twoway;spearman;0.18017605713381699;0.004858766911700369;0.36014839514212443;343;2_pilares_cuotas
besgn_G;sh_ET;twoway;spearman;-0.6816548966150545;-0.7652569743279032;-0.5698051088187182;343;2_pilares_cuotas
besgn_G;sh_E;twoway;spearman;-0.6273199610321485;-0.7158724987259634;-0.5217330427398064;343;2_pilares_cuotas
besgn_G;sh_S;twoway;spearman;-0.34549562087468316;-0.4729259685031832;-0.1974210532415944;343;2_pilares_cuotas
besgn_G;sh_G;twoway;spearman;0.7467244285369332;0.6472877505969794;0.8200672457470478;343;2_pilares_cuotas
besgn_G;sh_TRANS;twoway;spearman;-0.36219969715460937;-0.5361783712764069;-0.14442207793894413;343;2_pilares_cuotas
fesg_E;dens_ET;pooled;pearson;0.8352109397516717;0.7523488348878675;0.8878472730391603;343;2_pilares_densidades
fesg_E;dens_S;pooled;pearson;0.4874371028474219;0.32684820357611655;0.6312410792590782;343;2_pilares_densidades
fesg_E;dens_G;pooled;pearson;-0.4365515463120084;-0.6236290346706199;-0.2136210232098213;343;2_pilares_densidades
fesg_E;SUS_density;pooled;pearson;0.6752819056221155;0.5450329008882169;0.7734707281538551;343;2_pilares_densidades
fesg_S;dens_ET;pooled;pearson;0.20772110709557537;-0.018370165913858014;0.4149888748884981;343;2_pilares_densidades
fesg_S;dens_S;pooled;pearson;0.7179391667541439;0.5930612543987779;0.8076395572664622;343;2_pilares_densidades
fesg_S;dens_G;pooled;pearson;-0.21398116918004675;-0.4370957913293576;0.012325629309004675;343;2_pilares_densidades
fesg_S;SUS_density;pooled;pearson;0.27710452535696684;0.07411440099993394;0.4659377026149791;343;2_pilares_densidades
fesg_G;dens_ET;pooled;pearson;-0.5586428481981909;-0.6697945617493518;-0.4061937886244808;343;2_pilares_densidades
fesg_G;dens_S;pooled;pearson;-0.28674334765352405;-0.4236375821612351;-0.14031423089939504;343;2_pilares_densidades
fesg_G;dens_G;pooled;pearson;0.590479382015668;0.4701352109481278;0.6979008983237774;343;2_pilares_densidades
fesg_G;SUS_density;pooled;pearson;-0.30520896175656304;-0.44139588945177816;-0.14827576659799824;343;2_pilares_densidades
besg_E;dens_ET;pooled;pearson;0.8730107316644877;0.8274909244586913;0.9083973506389362;343;2_pilares_densidades
besg_E;dens_S;pooled;pearson;0.4579073731147802;0.3064898650167099;0.6008642634607917;343;2_pilares_densidades
besg_E;dens_G;pooled;pearson;-0.45988812572742277;-0.6302104322518874;-0.2620676719916648;343;2_pilares_densidades
besg_E;SUS_density;pooled;pearson;0.6906181964673881;0.5848393304914246;0.7795019586478117;343;2_pilares_densidades
besg_S;dens_ET;pooled;pearson;0.2809254910073569;0.03853430961639512;0.5034265555784082;343;2_pilares_densidades
besg_S;dens_S;pooled;pearson;0.7510138143393496;0.6535803098711779;0.8218499926895871;343;2_pilares_densidades
besg_S;dens_G;pooled;pearson;-0.0677336890928749;-0.2731346964089919;0.12182525809843786;343;2_pilares_densidades
besg_S;SUS_density;pooled;pearson;0.41788740943588853;0.2027861197272021;0.6013056355305304;343;2_pilares_densidades
besg_G;dens_ET;pooled;pearson;-0.3558750185717316;-0.4664973219818524;-0.2149476365727269;343;2_pilares_densidades
besg_G;dens_S;pooled;pearson;-0.17465495705404752;-0.3125145593190674;-0.023464820938536225;343;2_pilares_densidades
besg_G;dens_G;pooled;pearson;0.6224558978591078;0.4927202822988308;0.7199321929063105;343;2_pilares_densidades
besg_G;SUS_density;pooled;pearson;-0.0800034729330236;-0.23184206343368757;0.07781429620324852;343;2_pilares_densidades
besg_any;dens_ET;pooled;pearson;0.775666182014194;0.7118130407230061;0.8285655067449165;343;2_pilares_densidades
besg_any;dens_S;pooled;pearson;0.6638960214250408;0.5470389859159516;0.7531616173541643;343;2_pilares_densidades
besg_any;dens_G;pooled;pearson;-0.28078481407480754;-0.48396200531181954;-0.07496728359584438;343;2_pilares_densidades
besg_any;SUS_density;pooled;pearson;0.7396284862030393;0.6361628153133649;0.8096802056634528;343;2_pilares_densidades
fesg_E;dens_ET;pooled;spearman;0.8377428311698203;0.774068656082208;0.8846549282560622;343;2_pilares_densidades
fesg_E;dens_S;pooled;spearman;0.5495866758802811;0.38613083601119724;0.6765553322276378;343;2_pilares_densidades
fesg_E;dens_G;pooled;spearman;-0.4613974201660222;-0.6366463069473788;-0.26206920463456385;343;2_pilares_densidades
fesg_E;SUS_density;pooled;spearman;0.6671128154499156;0.5287339847138234;0.7721778550303361;343;2_pilares_densidades
fesg_S;dens_ET;pooled;spearman;0.2836645504654248;0.07340296810746182;0.46267374203035594;343;2_pilares_densidades
fesg_S;dens_S;pooled;spearman;0.6872372174313153;0.5554694810278311;0.7868776912165169;343;2_pilares_densidades
fesg_S;dens_G;pooled;spearman;-0.2138491865836478;-0.43121688481029796;0.014157642889429273;343;2_pilares_densidades
fesg_S;SUS_density;pooled;spearman;0.3041750965046802;0.10306819371845923;0.48871898598040975;343;2_pilares_densidades
fesg_G;dens_ET;pooled;spearman;-0.6064674917155986;-0.6917529758108167;-0.5034152774009801;343;2_pilares_densidades
fesg_G;dens_S;pooled;spearman;-0.28809901754371037;-0.4338874022000944;-0.12258552305522345;343;2_pilares_densidades
fesg_G;dens_G;pooled;spearman;0.5839361654693077;0.4171902357283243;0.7133455500774667;343;2_pilares_densidades
fesg_G;SUS_density;pooled;spearman;-0.3463805299493076;-0.47519932111458696;-0.2095581607952775;343;2_pilares_densidades
besg_E;dens_ET;pooled;spearman;0.8823032788427403;0.8356434160879737;0.9174112790052411;343;2_pilares_densidades
besg_E;dens_S;pooled;spearman;0.5088184384517174;0.35279834535142546;0.638094841646544;343;2_pilares_densidades
besg_E;dens_G;pooled;spearman;-0.4637697427074759;-0.6246688926059428;-0.2802257830741169;343;2_pilares_densidades
besg_E;SUS_density;pooled;spearman;0.6977065267615762;0.5841218116801924;0.7924673097473434;343;2_pilares_densidades
besg_S;dens_ET;pooled;spearman;0.32526693862710515;0.12031390621775502;0.5037131342361896;343;2_pilares_densidades
besg_S;dens_S;pooled;spearman;0.7213550845061231;0.6188457382084888;0.8055317203764131;343;2_pilares_densidades
besg_S;dens_G;pooled;spearman;-0.10353847806065261;-0.32163038246521397;0.11129932580907653;343;2_pilares_densidades
besg_S;SUS_density;pooled;spearman;0.39961053972578847;0.20671405463678058;0.5635539420674911;343;2_pilares_densidades
besg_G;dens_ET;pooled;spearman;-0.3832064938362644;-0.49774547926042567;-0.24525526958805116;343;2_pilares_densidades
besg_G;dens_S;pooled;spearman;-0.19030763693457;-0.3500157006870633;-0.015087529747924298;343;2_pilares_densidades
besg_G;dens_G;pooled;spearman;0.5803774946961556;0.395508729974813;0.7138384416848353;343;2_pilares_densidades
besg_G;SUS_density;pooled;spearman;-0.12500996469947764;-0.2770252200395804;0.02695747296685826;343;2_pilares_densidades
besg_any;dens_ET;pooled;spearman;0.7897990965587403;0.7091119422927114;0.8476411885384915;343;2_pilares_densidades
besg_any;dens_S;pooled;spearman;0.6707759048848873;0.5420149583139543;0.7704046394802119;343;2_pilares_densidades
besg_any;dens_G;pooled;spearman;-0.3527006546121437;-0.5382846793149437;-0.15543393960623283;343;2_pilares_densidades
besg_any;SUS_density;pooled;spearman;0.7180772752712516;0.5954523150051931;0.8097073470330816;343;2_pilares_densidades
fesg_E;dens_ET;within;pearson;0.8102571514077299;0.6968823019519911;0.8782272836240995;343;2_pilares_densidades
fesg_E;dens_S;within;pearson;0.5025354573658145;0.40216052016610326;0.5958222969189327;343;2_pilares_densidades
fesg_E;dens_G;within;pearson;-0.38866874744934854;-0.5915111458081556;-0.1802411157867139;343;2_pilares_densidades
fesg_E;SUS_density;within;pearson;0.7388488818821466;0.5952100813109845;0.829062230675578;343;2_pilares_densidades
fesg_S;dens_ET;within;pearson;0.23003925809809725;0.031238237735336405;0.4165458465334408;343;2_pilares_densidades
fesg_S;dens_S;within;pearson;0.502946647662607;0.3908714429810502;0.6097682144871022;343;2_pilares_densidades
fesg_S;dens_G;within;pearson;-0.3843991825886221;-0.5579366945791957;-0.2303676706756223;343;2_pilares_densidades
fesg_S;SUS_density;within;pearson;0.1797922338685072;-0.0319476034486044;0.3686129291168101;343;2_pilares_densidades
fesg_G;dens_ET;within;pearson;-0.41967558115204895;-0.618971640236893;-0.15648623516114657;343;2_pilares_densidades
fesg_G;dens_S;within;pearson;-0.23364115238041597;-0.3451958854973442;-0.12079677206589699;343;2_pilares_densidades
fesg_G;dens_G;within;pearson;0.620731663392386;0.5263934213844336;0.7143516000428307;343;2_pilares_densidades
fesg_G;SUS_density;within;pearson;-0.22336044198052812;-0.4516266599310257;0.04416087399625532;343;2_pilares_densidades
besg_E;dens_ET;within;pearson;0.8625686866052059;0.8016765356933072;0.9131859890821596;343;2_pilares_densidades
besg_E;dens_S;within;pearson;0.542291356627625;0.4381878534475458;0.6432388802334039;343;2_pilares_densidades
besg_E;dens_G;within;pearson;-0.4639601020905309;-0.6438129857198995;-0.2678653857873947;343;2_pilares_densidades
besg_E;SUS_density;within;pearson;0.7695420227287413;0.691838088724452;0.8456602137963637;343;2_pilares_densidades
besg_S;dens_ET;within;pearson;0.4376673160786722;0.3073069026551123;0.5505580167100537;343;2_pilares_densidades
besg_S;dens_S;within;pearson;0.6355865894107606;0.5472054365178696;0.7117868691118242;343;2_pilares_densidades
besg_S;dens_G;within;pearson;-0.29821346425293294;-0.4742181463166317;-0.11518165805857897;343;2_pilares_densidades
besg_S;SUS_density;within;pearson;0.43813854985059597;0.3209708176223519;0.5411882461537487;343;2_pilares_densidades
besg_G;dens_ET;within;pearson;-0.17200392176468154;-0.36346814551560513;0.04070408275123629;343;2_pilares_densidades
besg_G;dens_S;within;pearson;-0.10017293339557014;-0.25394555792958695;0.05277100911398669;343;2_pilares_densidades
besg_G;dens_G;within;pearson;0.5061930281555624;0.3625312658568752;0.646767328732502;343;2_pilares_densidades
besg_G;SUS_density;within;pearson;9.759054756382765e-05;-0.2125141327202133;0.20989022879828903;343;2_pilares_densidades
besg_any;dens_ET;within;pearson;0.7738574994080573;0.702315304602281;0.8353078017492478;343;2_pilares_densidades
besg_any;dens_S;within;pearson;0.6432032559139842;0.5585619868105302;0.7217194281489479;343;2_pilares_densidades
besg_any;dens_G;within;pearson;-0.3128549556748502;-0.5355299299894605;-0.07693608822973093;343;2_pilares_densidades
besg_any;SUS_density;within;pearson;0.7591387654831193;0.6794711959875176;0.8295388658997606;343;2_pilares_densidades
fesg_E;dens_ET;within;spearman;0.8265377819173011;0.7434427793539077;0.8801628357660156;343;2_pilares_densidades
fesg_E;dens_S;within;spearman;0.5038893445923719;0.38907945921067627;0.6045259262750956;343;2_pilares_densidades
fesg_E;dens_G;within;spearman;-0.498656566403017;-0.6457000760324799;-0.3291629384151304;343;2_pilares_densidades
fesg_E;SUS_density;within;spearman;0.7570378696038736;0.6585380689439043;0.8253833735819325;343;2_pilares_densidades
fesg_S;dens_ET;within;spearman;0.2365196588053792;0.06916057324391242;0.3937921453559597;343;2_pilares_densidades
fesg_S;dens_S;within;spearman;0.48508181450759447;0.3807208280729756;0.5834255982283995;343;2_pilares_densidades
fesg_S;dens_G;within;spearman;-0.3585228162399032;-0.5061893886430289;-0.20773956000909363;343;2_pilares_densidades
fesg_S;SUS_density;within;spearman;0.21743523560766823;0.052037712317766716;0.36910696411208266;343;2_pilares_densidades
fesg_G;dens_ET;within;spearman;-0.4793910253094441;-0.6175532968637691;-0.31741271261153486;343;2_pilares_densidades
fesg_G;dens_S;within;spearman;-0.26076014339997955;-0.3832624897111214;-0.1416655368600342;343;2_pilares_densidades
fesg_G;dens_G;within;spearman;0.6126086690566458;0.47861195508903354;0.7275198636897786;343;2_pilares_densidades
fesg_G;SUS_density;within;spearman;-0.33125739355867073;-0.47879202427539197;-0.1638051614453808;343;2_pilares_densidades
besg_E;dens_ET;within;spearman;0.8834862323317837;0.8446642526942032;0.9136777321102715;343;2_pilares_densidades
besg_E;dens_S;within;spearman;0.5580954093021943;0.4421547190467488;0.6547180310290764;343;2_pilares_densidades
besg_E;dens_G;within;spearman;-0.5168353934384368;-0.6596334031404637;-0.3435799581324921;343;2_pilares_densidades
besg_E;SUS_density;within;spearman;0.8092244486486981;0.7496522310185716;0.8625372008763895;343;2_pilares_densidades
besg_S;dens_ET;within;spearman;0.39168517535318303;0.25888766056370643;0.5095494029621117;343;2_pilares_densidades
besg_S;dens_S;within;spearman;0.584286347854405;0.4796773702152919;0.673618331413024;343;2_pilares_densidades
besg_S;dens_G;within;spearman;-0.3007944069481252;-0.442105920360814;-0.14845702103033728;343;2_pilares_densidades
besg_S;SUS_density;within;spearman;0.37392504527877857;0.2500468150279201;0.48812628251682505;343;2_pilares_densidades
besg_G;dens_ET;within;spearman;-0.16124914542385446;-0.3170604769861081;0.010137227039820588;343;2_pilares_densidades
besg_G;dens_S;within;spearman;-0.0735910782094654;-0.2288495551415737;0.0866177032672875;343;2_pilares_densidades
besg_G;dens_G;within;spearman;0.5134374412132078;0.3750915406434957;0.6335441554217668;343;2_pilares_densidades
besg_G;SUS_density;within;spearman;-0.02811449979407425;-0.19723436697889835;0.14592720448434673;343;2_pilares_densidades
besg_any;dens_ET;within;spearman;0.7887332823150303;0.7178311093217505;0.8373505057221172;343;2_pilares_densidades
besg_any;dens_S;within;spearman;0.6363239773205697;0.5346878445139813;0.7204172073688923;343;2_pilares_densidades
besg_any;dens_G;within;spearman;-0.37906742509807784;-0.5485448266335952;-0.1856219644893738;343;2_pilares_densidades
besg_any;SUS_density;within;spearman;0.7696370296599386;0.6887954571492874;0.8356886086750176;343;2_pilares_densidades
fesg_E;dens_ET;between;pearson;0.8741091660551173;0.7682279308455088;0.9309951032209273;49;2_pilares_densidades
fesg_E;dens_S;between;pearson;0.4854926397024394;0.2619880948188863;0.679815845973335;49;2_pilares_densidades
fesg_E;dens_G;between;pearson;-0.4591169084271576;-0.6840365896728718;-0.16900425696180585;49;2_pilares_densidades
fesg_E;SUS_density;between;pearson;0.6408189209035614;0.4126201375246609;0.7875165163829654;49;2_pilares_densidades
fesg_S;dens_ET;between;pearson;0.20210141988839464;-0.1660969663898945;0.5800492814000243;49;2_pilares_densidades
fesg_S;dens_S;between;pearson;0.7960599856153714;0.6336008446835546;0.8974982141024922;49;2_pilares_densidades
fesg_S;dens_G;between;pearson;-0.14647752411673717;-0.43344993250410097;0.1434912888109665;49;2_pilares_densidades
fesg_S;SUS_density;between;pearson;0.3358005073115704;-0.01139339187113906;0.6271414643263303;49;2_pilares_densidades
fesg_G;dens_ET;between;pearson;-0.6856887696267865;-0.8014818165810284;-0.5239916582020191;49;2_pilares_densidades
fesg_G;dens_S;between;pearson;-0.3236507876573933;-0.5283955604307177;-0.08833718584793789;49;2_pilares_densidades
fesg_G;dens_G;between;pearson;0.5872668935786913;0.4020692745379549;0.7399891727362589;49;2_pilares_densidades
fesg_G;SUS_density;between;pearson;-0.3687531460548401;-0.5712135107922393;-0.14091372171830496;49;2_pilares_densidades
besg_E;dens_ET;between;pearson;0.8881417209896539;0.7916065651814748;0.9437398956879373;49;2_pilares_densidades
besg_E;dens_S;between;pearson;0.4304388887560696;0.20425556889059351;0.6374984434486993;49;2_pilares_densidades
besg_E;dens_G;between;pearson;-0.46519902317246414;-0.6814714016623638;-0.17912057655915836;49;2_pilares_densidades
besg_E;SUS_density;between;pearson;0.6326205357496724;0.41323097687150145;0.7863800279230198;49;2_pilares_densidades
besg_S;dens_ET;between;pearson;0.16860608308833844;-0.20469145051993518;0.5490463542031024;49;2_pilares_densidades
besg_S;dens_S;between;pearson;0.8082388694980202;0.6690265334229772;0.8888876601890672;49;2_pilares_densidades
besg_S;dens_G;between;pearson;0.0389575558268421;-0.2693988270606869;0.32552908264682506;49;2_pilares_densidades
besg_S;SUS_density;between;pearson;0.4067249779528837;0.06245010720023587;0.6718781447770871;49;2_pilares_densidades
besg_G;dens_ET;between;pearson;-0.5031114421796115;-0.6679609332433095;-0.3161882679137422;49;2_pilares_densidades
besg_G;dens_S;between;pearson;-0.2088303443385915;-0.42640342997583996;0.019432190314589367;49;2_pilares_densidades
besg_G;dens_G;between;pearson;0.6815037553153913;0.4845517448505738;0.8104901314011258;49;2_pilares_densidades
besg_G;SUS_density;between;pearson;-0.13327919162233906;-0.40107270354034213;0.1367559377615502;49;2_pilares_densidades
besg_any;dens_ET;between;pearson;0.7817788667221157;0.6616785226082396;0.8645447524481618;49;2_pilares_densidades
besg_any;dens_S;between;pearson;0.693872001665582;0.5183175698356047;0.8196841982818022;49;2_pilares_densidades
besg_any;dens_G;between;pearson;-0.26871643600389794;-0.5431689298065945;0.027205001358413246;49;2_pilares_densidades
besg_any;SUS_density;between;pearson;0.7250336688144581;0.5261756497315438;0.843761552304864;49;2_pilares_densidades
fesg_E;dens_ET;between;spearman;0.8463481214009422;0.7054585448741403;0.9260291437926003;49;2_pilares_densidades
fesg_E;dens_S;between;spearman;0.5557284626416121;0.29900107758458416;0.7424629484738667;49;2_pilares_densidades
fesg_E;dens_G;between;spearman;-0.413530957556947;-0.6609434043984265;-0.11648199493061828;49;2_pilares_densidades
fesg_E;SUS_density;between;spearman;0.5675654993045625;0.3091737460860152;0.7483943754039794;49;2_pilares_densidades
fesg_S;dens_ET;between;spearman;0.32532272097043075;0.017065982539253035;0.5887975748500349;49;2_pilares_densidades
fesg_S;dens_S;between;spearman;0.759579571374969;0.5716733568000477;0.8793035728006174;49;2_pilares_densidades
fesg_S;dens_G;between;spearman;-0.15602836899742428;-0.45771680983456;0.1672424885334343;49;2_pilares_densidades
fesg_S;SUS_density;between;spearman;0.27945303368178315;-0.049445772130101685;0.5652525695767294;49;2_pilares_densidades
fesg_G;dens_ET;between;spearman;-0.6579417325774317;-0.7948415078860875;-0.4508360513796888;49;2_pilares_densidades
fesg_G;dens_S;between;spearman;-0.35037501958970324;-0.5789629041344375;-0.07266951243734618;49;2_pilares_densidades
fesg_G;dens_G;between;spearman;0.5294657897600628;0.27406503543161775;0.7243430172053179;49;2_pilares_densidades
fesg_G;SUS_density;between;spearman;-0.3110362777659576;-0.5480815878327053;-0.048362244589324546;49;2_pilares_densidades
besg_E;dens_ET;between;spearman;0.8316452814112506;0.6691483879857316;0.9219553390038407;49;2_pilares_densidades
besg_E;dens_S;between;spearman;0.5274893502196152;0.2717722007428799;0.7184486024217698;49;2_pilares_densidades
besg_E;dens_G;between;spearman;-0.42564482100329176;-0.6667258500783575;-0.13898300236698216;49;2_pilares_densidades
besg_E;SUS_density;between;spearman;0.546878589248775;0.29088237153799706;0.7314369082571861;49;2_pilares_densidades
besg_S;dens_ET;between;spearman;0.2820767978048076;-0.03364088187398975;0.5591954742717212;49;2_pilares_densidades
besg_S;dens_S;between;spearman;0.7697410446609122;0.6085279054415366;0.8698510811546704;49;2_pilares_densidades
besg_S;dens_G;between;spearman;-0.0405663991054309;-0.34797181939989014;0.2713029503029958;49;2_pilares_densidades
besg_S;SUS_density;between;spearman;0.35739252746470196;0.04316492214335494;0.6143551201225204;49;2_pilares_densidades
besg_G;dens_ET;between;spearman;-0.5341735352533519;-0.7226626679983926;-0.2856610118631406;49;2_pilares_densidades
besg_G;dens_S;between;spearman;-0.23267086834991732;-0.48715858474957047;0.04842959101939819;49;2_pilares_densidades
besg_G;dens_G;between;spearman;0.5894328664864572;0.32908028121217864;0.7719199291086852;49;2_pilares_densidades
besg_G;SUS_density;between;spearman;-0.14842972719954156;-0.42496314339914604;0.13002166583084931;49;2_pilares_densidades
besg_any;dens_ET;between;spearman;0.7311921224859479;0.5286854670109116;0.8523580931819554;49;2_pilares_densidades
besg_any;dens_S;between;spearman;0.7092527872916866;0.49312780590614835;0.8512528075646963;49;2_pilares_densidades
besg_any;dens_G;between;spearman;-0.3011811526784279;-0.5777085845719127;0.011097602200379877;49;2_pilares_densidades
besg_any;SUS_density;between;spearman;0.6126686907271832;0.34460416422773366;0.7941614948350273;49;2_pilares_densidades
fesg_E;dens_ET;twoway;pearson;0.6714323813731465;0.5061689676845159;0.7913183025464285;343;2_pilares_densidades
fesg_E;dens_S;twoway;pearson;0.3612216392874047;0.2602324321809597;0.46281115207025086;343;2_pilares_densidades
fesg_E;dens_G;twoway;pearson;-0.20126013308280746;-0.4516945588016465;0.02758408232232693;343;2_pilares_densidades
fesg_E;SUS_density;twoway;pearson;0.5705878269222644;0.3934674846884187;0.7024416931603432;343;2_pilares_densidades
fesg_S;dens_ET;twoway;pearson;0.18173017337900021;-0.056520734059655346;0.42768095377878745;343;2_pilares_densidades
fesg_S;dens_S;twoway;pearson;0.4879423056202528;0.37265197625376983;0.5951992605580331;343;2_pilares_densidades
fesg_S;dens_G;twoway;pearson;-0.3695855475706558;-0.5464528102858284;-0.20512573647895435;343;2_pilares_densidades
fesg_S;SUS_density;twoway;pearson;0.10384122717072691;-0.12192109517771925;0.32617340315795074;343;2_pilares_densidades
fesg_G;dens_ET;twoway;pearson;-0.10150911023982555;-0.3813740188292423;0.1909406264466682;343;2_pilares_densidades
fesg_G;dens_S;twoway;pearson;-0.06698683728662388;-0.2065405123173367;0.073303106679534;343;2_pilares_densidades
fesg_G;dens_G;twoway;pearson;0.5363316353032046;0.4340823157912548;0.6529477540550016;343;2_pilares_densidades
fesg_G;SUS_density;twoway;pearson;0.13580141422301453;-0.12290029617689337;0.3728905245133134;343;2_pilares_densidades
besg_E;dens_ET;twoway;pearson;0.7205807689601976;0.6586344913289339;0.7967295483291411;343;2_pilares_densidades
besg_E;dens_S;twoway;pearson;0.4094610830360534;0.31038074471429644;0.5218062750032484;343;2_pilares_densidades
besg_E;dens_G;twoway;pearson;-0.28366722827933166;-0.5249624788954552;-0.05237997953790296;343;2_pilares_densidades
besg_E;SUS_density;twoway;pearson;0.5872687905566368;0.48829653046322175;0.6901190299034454;343;2_pilares_densidades
besg_S;dens_ET;twoway;pearson;0.39847460968167847;0.24575591251492448;0.5603290685132076;343;2_pilares_densidades
besg_S;dens_S;twoway;pearson;0.621155169712263;0.5487888281183004;0.6922711198291499;343;2_pilares_densidades
besg_S;dens_G;twoway;pearson;-0.2259791004742982;-0.40862867857684754;-0.04552702403387478;343;2_pilares_densidades
besg_S;SUS_density;twoway;pearson;0.3845646244992979;0.2458163849113545;0.5373724311652115;343;2_pilares_densidades
besg_G;dens_ET;twoway;pearson;-0.044426411038693964;-0.2934606439353533;0.19534004471308405;343;2_pilares_densidades
besg_G;dens_S;twoway;pearson;-0.03424869717575622;-0.185830925940182;0.12092972980015193;343;2_pilares_densidades
besg_G;dens_G;twoway;pearson;0.48355996490245584;0.33846767630951685;0.6291600285530087;343;2_pilares_densidades
besg_G;SUS_density;twoway;pearson;0.16892245578793705;-0.05296252916016503;0.36872214064063913;343;2_pilares_densidades
besg_any;dens_ET;twoway;pearson;0.639718532179264;0.5728685749061944;0.7174665254616257;343;2_pilares_densidades
besg_any;dens_S;twoway;pearson;0.5548971398460734;0.47126160735729683;0.6386890293858414;343;2_pilares_densidades
besg_any;dens_G;twoway;pearson;-0.11834319512870374;-0.38755240901872146;0.13726179101279645;343;2_pilares_densidades
besg_any;SUS_density;twoway;pearson;0.6246074663763218;0.5333596681045009;0.7183371883821268;343;2_pilares_densidades
fesg_E;dens_ET;twoway;spearman;0.7249008871628161;0.6053034214220446;0.8049529698236288;343;2_pilares_densidades
fesg_E;dens_S;twoway;spearman;0.382078082486024;0.26695490799646704;0.4834323742314738;343;2_pilares_densidades
fesg_E;dens_G;twoway;spearman;-0.27592038499801513;-0.46507813348021004;-0.08004036558327286;343;2_pilares_densidades
fesg_E;SUS_density;twoway;spearman;0.6123324047588264;0.49494846447976326;0.701269536683404;343;2_pilares_densidades
fesg_S;dens_ET;twoway;spearman;0.2989347178264724;0.12337905358163585;0.44313041341666576;343;2_pilares_densidades
fesg_S;dens_S;twoway;spearman;0.4877962251964444;0.37999093952391216;0.5813644374850533;343;2_pilares_densidades
fesg_S;dens_G;twoway;spearman;-0.37687282303792197;-0.523877228446486;-0.22017878089810597;343;2_pilares_densidades
fesg_S;SUS_density;twoway;spearman;0.24302725341691006;0.08249786595885865;0.38671090728334856;343;2_pilares_densidades
fesg_G;dens_ET;twoway;spearman;-0.21823937894072937;-0.39204966729498997;-0.02588177804741628;343;2_pilares_densidades
fesg_G;dens_S;twoway;spearman;-0.07026720450688359;-0.21711219109462054;0.06830045321564397;343;2_pilares_densidades
fesg_G;dens_G;twoway;spearman;0.5349777411975302;0.39897929030652257;0.6519529695198635;343;2_pilares_densidades
fesg_G;SUS_density;twoway;spearman;-0.012667530190692585;-0.19668865340946698;0.16096500410160253;343;2_pilares_densidades
besg_E;dens_ET;twoway;spearman;0.7698675378527001;0.6871597423101281;0.8252389472679789;343;2_pilares_densidades
besg_E;dens_S;twoway;spearman;0.46764633463107225;0.3587653978882743;0.569221815456794;343;2_pilares_densidades
besg_E;dens_G;twoway;spearman;-0.3353866988306076;-0.5136801990312272;-0.13884864591768858;343;2_pilares_densidades
besg_E;SUS_density;twoway;spearman;0.644817727755554;0.5304240522254116;0.7261538107900788;343;2_pilares_densidades
besg_S;dens_ET;twoway;spearman;0.38860689592007835;0.24932066338557562;0.510286467704296;343;2_pilares_densidades
besg_S;dens_S;twoway;spearman;0.5856347339738825;0.49121065851382567;0.6719959604692742;343;2_pilares_densidades
besg_S;dens_G;twoway;spearman;-0.26355258802934817;-0.40215134144350767;-0.1005135529779018;343;2_pilares_densidades
besg_S;SUS_density;twoway;spearman;0.36618877705322617;0.23739837253541943;0.4888622125000352;343;2_pilares_densidades
besg_G;dens_ET;twoway;spearman;-0.12794314569740817;-0.2962622559846208;0.05606216929433863;343;2_pilares_densidades
besg_G;dens_S;twoway;spearman;-0.01674155034642635;-0.18093490135281126;0.14878001156737736;343;2_pilares_densidades
besg_G;dens_G;twoway;spearman;0.49917805880926003;0.3489858034316893;0.6256190769797123;343;2_pilares_densidades
besg_G;SUS_density;twoway;spearman;0.056421475027591345;-0.12362470867560704;0.2362399965454757;343;2_pilares_densidades
besg_any;dens_ET;twoway;spearman;0.6909612070042215;0.5959427581992061;0.7630503727253491;343;2_pilares_densidades
besg_any;dens_S;twoway;spearman;0.5802323202405635;0.4798984777860398;0.6632371132551964;343;2_pilares_densidades
besg_any;dens_G;twoway;spearman;-0.1789737752068829;-0.37071525610295764;0.032538538269524964;343;2_pilares_densidades
besg_any;SUS_density;twoway;spearman;0.6773450593736358;0.5745424489184168;0.7551666975382261;343;2_pilares_densidades
voc_E;sh_ET;pooled;pearson;0.8924386002512537;0.853168954720885;0.9217644935563876;343;2_control_vocabulario_crudo
voc_E;sh_S;pooled;pearson;-0.025365008938820367;-0.23363085936595182;0.16542060931174993;343;2_control_vocabulario_crudo
voc_E;sh_G;pooled;pearson;-0.818521299017441;-0.8642312299938535;-0.7657159314393097;343;2_control_vocabulario_crudo
voc_S;sh_ET;pooled;pearson;0.14995554168177727;-0.035185378747657675;0.3134085425995433;343;2_control_vocabulario_crudo
voc_S;sh_S;pooled;pearson;0.832858588984379;0.7532368154697201;0.8848126760403269;343;2_control_vocabulario_crudo
voc_S;sh_G;pooled;pearson;-0.43186478687422486;-0.5779178468385185;-0.2458731983034701;343;2_control_vocabulario_crudo
voc_G;sh_ET;pooled;pearson;-0.8559062969957782;-0.8990097404724993;-0.7959084398253602;343;2_control_vocabulario_crudo
voc_G;sh_S;pooled;pearson;-0.291832234670754;-0.46765795945552496;-0.07741429075252941;343;2_control_vocabulario_crudo
voc_G;sh_G;pooled;pearson;0.8961755004381367;0.8516534057360802;0.9287217407152459;343;2_control_vocabulario_crudo
voc_E;sh_ET;pooled;spearman;0.8952358592484937;0.8461538783609021;0.931959131378552;343;2_control_vocabulario_crudo
voc_E;sh_S;pooled;spearman;0.02501200057166939;-0.15889699983031255;0.19723847800051997;343;2_control_vocabulario_crudo
voc_E;sh_G;pooled;spearman;-0.8461272794816067;-0.9000488240778562;-0.7769987462797752;343;2_control_vocabulario_crudo
voc_S;sh_ET;pooled;spearman;0.15045984279739896;-0.029307472788007112;0.31191848240352454;343;2_control_vocabulario_crudo
voc_S;sh_S;pooled;spearman;0.8066603360859127;0.7281009362350597;0.8621811161218014;343;2_control_vocabulario_crudo
voc_S;sh_G;pooled;spearman;-0.41175971202481954;-0.573720528368984;-0.2134991495341941;343;2_control_vocabulario_crudo
voc_G;sh_ET;pooled;spearman;-0.8329243574786348;-0.8852905022709072;-0.7616669363248426;343;2_control_vocabulario_crudo
voc_G;sh_S;pooled;spearman;-0.2511417271972624;-0.41977429271634226;-0.059416646309738225;343;2_control_vocabulario_crudo
voc_G;sh_G;pooled;spearman;0.8935280934471764;0.8375810718669883;0.9303595220214799;343;2_control_vocabulario_crudo
voc_E;sh_ET;within;pearson;0.881861236160733;0.8426822390198245;0.9164925087621696;343;2_control_vocabulario_crudo
voc_E;sh_S;within;pearson;-0.16158687620412732;-0.3307700473668531;0.013891484568975742;343;2_control_vocabulario_crudo
voc_E;sh_G;within;pearson;-0.8465984712999305;-0.8852886378100294;-0.8004612404659099;343;2_control_vocabulario_crudo
voc_S;sh_ET;within;pearson;0.13311922405143742;0.0023238208536663038;0.24845807139173806;343;2_control_vocabulario_crudo
voc_S;sh_S;within;pearson;0.5417624513082049;0.4396575925441297;0.6327816826629159;343;2_control_vocabulario_crudo
voc_S;sh_G;within;pearson;-0.27483631479411;-0.3776441266011143;-0.1561545049801415;343;2_control_vocabulario_crudo
voc_G;sh_ET;within;pearson;-0.8331394888913805;-0.8864855777998266;-0.756827813885238;343;2_control_vocabulario_crudo
voc_G;sh_S;within;pearson;-0.0941772270851422;-0.24836755545558176;0.06763460240493396;343;2_control_vocabulario_crudo
voc_G;sh_G;within;pearson;0.8639326916813803;0.8017740770810857;0.9086413131816301;343;2_control_vocabulario_crudo
voc_E;sh_ET;within;spearman;0.899040548893295;0.8642602556355159;0.9264216043033566;343;2_control_vocabulario_crudo
voc_E;sh_S;within;spearman;-0.23036714528463223;-0.401428885906398;-0.05609492151074399;343;2_control_vocabulario_crudo
voc_E;sh_G;within;spearman;-0.8651104927128015;-0.9012670570936052;-0.8160188200694839;343;2_control_vocabulario_crudo
voc_S;sh_ET;within;spearman;0.07886438592518015;-0.05329035434975834;0.20420301408805464;343;2_control_vocabulario_crudo
voc_S;sh_S;within;spearman;0.49745781628050323;0.40454108819826745;0.5846890869254003;343;2_control_vocabulario_crudo
voc_S;sh_G;within;spearman;-0.20629942958071176;-0.3192948078334316;-0.07889233463196357;343;2_control_vocabulario_crudo
voc_G;sh_ET;within;spearman;-0.8012443998761318;-0.863645221279331;-0.717861932594156;343;2_control_vocabulario_crudo
voc_G;sh_S;within;spearman;-0.00891325257915911;-0.16378202758904814;0.1471561707305514;343;2_control_vocabulario_crudo
voc_G;sh_G;within;spearman;0.8401386605342938;0.7686696753742246;0.8919974994331853;343;2_control_vocabulario_crudo
voc_E;sh_ET;between;pearson;0.910543071051119;0.8245738453295975;0.9508346803231505;49;2_control_vocabulario_crudo
voc_E;sh_S;between;pearson;0.039007444127005145;-0.24618276144919043;0.3448991389879165;49;2_control_vocabulario_crudo
voc_E;sh_G;between;pearson;-0.7977076180700815;-0.8773921960922435;-0.7028426595740765;49;2_control_vocabulario_crudo
voc_S;sh_ET;between;pearson;0.16771528178054235;-0.12782914383124752;0.4578571848438292;49;2_control_vocabulario_crudo
voc_S;sh_S;between;pearson;0.9462558152550692;0.8999853223555081;0.9721628400757085;49;2_control_vocabulario_crudo
voc_S;sh_G;between;pearson;-0.5316742652469797;-0.7517972335926896;-0.2478499146253722;49;2_control_vocabulario_crudo
voc_G;sh_ET;between;pearson;-0.8868348813333795;-0.9362858761743916;-0.8145604365347611;49;2_control_vocabulario_crudo
voc_G;sh_S;between;pearson;-0.3892182395691136;-0.6424727043912575;-0.08835887986480859;49;2_control_vocabulario_crudo
voc_G;sh_G;between;pearson;0.9208367465042848;0.8665613166789757;0.9563217451317366;49;2_control_vocabulario_crudo
voc_E;sh_ET;between;spearman;0.8454807523351227;0.7023010784886031;0.9273261114208781;49;2_control_vocabulario_crudo
voc_E;sh_S;between;spearman;0.2195464170718745;-0.05590344878493715;0.4594217417434437;49;2_control_vocabulario_crudo
voc_E;sh_G;between;spearman;-0.7664481239260281;-0.8741987012695238;-0.5789895619612394;49;2_control_vocabulario_crudo
voc_S;sh_ET;between;spearman;0.25651231233081906;-0.036409272847726874;0.5150428740623388;49;2_control_vocabulario_crudo
voc_S;sh_S;between;spearman;0.9277714069621946;0.8446436548974114;0.9649914386090909;49;2_control_vocabulario_crudo
voc_S;sh_G;between;spearman;-0.5908406732601063;-0.7788217683829267;-0.3281702046790482;49;2_control_vocabulario_crudo
voc_G;sh_ET;between;spearman;-0.8720120414072524;-0.9342786478107588;-0.7391786296178731;49;2_control_vocabulario_crudo
voc_G;sh_S;between;spearman;-0.4283272533856348;-0.6551726763667993;-0.15889470756445412;49;2_control_vocabulario_crudo
voc_G;sh_G;between;spearman;0.871246715760941;0.7385993618497397;0.9348909979430065;49;2_control_vocabulario_crudo
voc_E;sh_ET;twoway;pearson;0.7486633399739222;0.6466814090226851;0.8248207496938718;343;2_control_vocabulario_crudo
voc_E;sh_S;twoway;pearson;0.015393807902840671;-0.17105605605981491;0.20271124329913734;343;2_control_vocabulario_crudo
voc_E;sh_G;twoway;pearson;-0.6959382010415577;-0.7766866189390785;-0.5974166938273322;343;2_control_vocabulario_crudo
voc_S;sh_ET;twoway;pearson;0.15623920238836378;0.012973910422683423;0.29720390395819274;343;2_control_vocabulario_crudo
voc_S;sh_S;twoway;pearson;0.5626677757201337;0.47022969405662673;0.645670824019407;343;2_control_vocabulario_crudo
voc_S;sh_G;twoway;pearson;-0.3342401067379402;-0.4572658148857311;-0.20118908646611003;343;2_control_vocabulario_crudo
voc_G;sh_ET;twoway;pearson;-0.7263443660737723;-0.8047934930210721;-0.6144695472106878;343;2_control_vocabulario_crudo
voc_G;sh_S;twoway;pearson;-0.31705615972062656;-0.456169494634289;-0.17005216037986304;343;2_control_vocabulario_crudo
voc_G;sh_G;twoway;pearson;0.7772585203901179;0.677235845858156;0.8457376327308148;343;2_control_vocabulario_crudo
voc_E;sh_ET;twoway;spearman;0.6870422720546506;0.5696560385369794;0.7844303710114597;343;2_control_vocabulario_crudo
voc_E;sh_S;twoway;spearman;0.02890235248680755;-0.13236976037340298;0.19550733511327256;343;2_control_vocabulario_crudo
voc_E;sh_G;twoway;spearman;-0.6419256141790952;-0.7440172304073832;-0.5262276454558799;343;2_control_vocabulario_crudo
voc_S;sh_ET;twoway;spearman;0.11878912325257768;-0.007816131416035103;0.24559764954943797;343;2_control_vocabulario_crudo
voc_S;sh_S;twoway;spearman;0.5250998432840522;0.4367360450640082;0.6006614792438768;343;2_control_vocabulario_crudo
voc_S;sh_G;twoway;spearman;-0.26936840759259784;-0.38273835921503496;-0.1551910234295936;343;2_control_vocabulario_crudo
voc_G;sh_ET;twoway;spearman;-0.698997292783462;-0.7864635675053117;-0.5808546882768636;343;2_control_vocabulario_crudo
voc_G;sh_S;twoway;spearman;-0.2969275712702804;-0.4314998544352132;-0.15274780014632428;343;2_control_vocabulario_crudo
voc_G;sh_G;twoway;spearman;0.749606593074109;0.6457248365109505;0.8277621997224462;343;2_control_vocabulario_crudo
action_env;Z_SUS;pooled;pearson;0.03877190012704507;-0.19217203466932367;0.24388873260606794;343;4_sustancia
action_env;Z_SUS;pooled;spearman;-0.030591376688904656;-0.22937133365217618;0.16540211036801047;343;4_sustancia
action_env;Z_SUS;within;pearson;-0.2326673809568108;-0.3714694007754689;-0.08888524497462641;343;4_sustancia
action_env;Z_SUS;within;spearman;-0.27569077141361403;-0.3860243658764226;-0.16300109056330206;343;4_sustancia
action_env;Z_SUS;between;pearson;0.24598785924065922;-0.09981449047978067;0.5185026122165084;49;4_sustancia
action_env;Z_SUS;between;spearman;0.16142857142857142;-0.15509425154980525;0.44163047717886583;49;4_sustancia
action_env;Z_SUS;twoway;pearson;0.005133350365821277;-0.17341146433925017;0.2033161167768225;343;4_sustancia
action_env;Z_SUS;twoway;spearman;-0.06923692715414545;-0.19693565514443526;0.08048394368164745;343;4_sustancia
action_env;Z_QUANT;pooled;pearson;0.030784031411155696;-0.17924371492930832;0.30026134661376025;343;4_sustancia
action_env;Z_QUANT;pooled;spearman;0.0844855649138292;-0.1344131875472141;0.29735748342538737;343;4_sustancia
action_env;Z_QUANT;within;pearson;-0.081716204168174;-0.23035813304381994;0.01081654603841396;343;4_sustancia
action_env;Z_QUANT;within;spearman;-0.1332902240443982;-0.25357051754048987;-0.011149017181877961;343;4_sustancia
action_env;Z_QUANT;between;pearson;0.10384306059512438;-0.26433620247860634;0.5073413892245778;49;4_sustancia
action_env;Z_QUANT;between;spearman;0.16071428571428573;-0.1403205926587883;0.4398369070169639;49;4_sustancia
action_env;Z_QUANT;twoway;pearson;-0.06356549299394063;-0.1925630909741604;0.04088885333995696;343;4_sustancia
action_env;Z_QUANT;twoway;spearman;-0.11256665631806141;-0.23774368466966952;0.014809173979611399;343;4_sustancia
action_env;ESGSI;pooled;pearson;0.23499499824691747;-0.02935162636869468;0.46911517978008765;343;4_sustancia
action_env;ESGSI;pooled;spearman;0.24797745981377378;0.029099491194252026;0.4473299424265045;343;4_sustancia
action_env;ESGSI;within;pearson;0.4236592065289973;0.3072489963129331;0.5298664474142324;343;4_sustancia
action_env;ESGSI;within;spearman;0.37609189147196126;0.24618264239165438;0.494464889423966;343;4_sustancia
action_env;ESGSI;between;pearson;0.09776001071311727;-0.28876620678564086;0.48219080585880875;49;4_sustancia
action_env;ESGSI;between;spearman;0.2030612244897959;-0.12587691261472134;0.507084971837019;49;4_sustancia
action_env;ESGSI;twoway;pearson;0.26898841155964187;0.12360739839227329;0.3921677088462794;343;4_sustancia
action_env;ESGSI;twoway;spearman;0.23197052907541754;0.08696317152007918;0.35934438303038746;343;4_sustancia
action_env;ESGSI_ext;pooled;pearson;0.1069334604042472;-0.1638133972269744;0.3738456458846454;343;4_sustancia
action_env;ESGSI_ext;pooled;spearman;0.1405867703808321;-0.09219385762509566;0.3586324928948616;343;4_sustancia
action_env;ESGSI_ext;within;pearson;0.3514977298246053;0.2345410138522414;0.4671879289284577;343;4_sustancia
action_env;ESGSI_ext;within;spearman;0.33932742228601737;0.22085248724150264;0.4542972826375704;343;4_sustancia
action_env;ESGSI_ext;between;pearson;-0.06361869987159473;-0.4523585844514974;0.3721517158461554;49;4_sustancia
action_env;ESGSI_ext;between;spearman;0.02336734693877551;-0.3087247284898119;0.35695954071210406;49;4_sustancia
action_env;ESGSI_ext;twoway;pearson;0.19256830112632517;0.061952041206595386;0.3150895010312643;343;4_sustancia
action_env;ESGSI_ext;twoway;spearman;0.15935246278962714;0.020131367982951363;0.28541560598189075;343;4_sustancia
action_env;spec_share;pooled;pearson;0.1395322087463072;-0.05961902524525821;0.3200000549978696;342;4_sustancia
action_env;spec_share;pooled;spearman;0.1515514875630093;-0.033136018384271264;0.33135445190108775;342;4_sustancia
action_env;spec_share;within;pearson;0.186652797488386;0.03915003357986425;0.3367658794597823;342;4_sustancia
action_env;spec_share;within;spearman;0.18852571266748466;0.07390129036813108;0.3036231905216224;342;4_sustancia
action_env;spec_share;between;pearson;0.11014879092545872;-0.20173593564044348;0.3856272932613126;49;4_sustancia
action_env;spec_share;between;spearman;0.11551020408163265;-0.20559556616067753;0.41992481068963633;49;4_sustancia
action_env;spec_share;twoway;pearson;0.06151288203782371;-0.0970168273539465;0.21256093162980227;342;4_sustancia
action_env;spec_share;twoway;spearman;0.09122108041064418;-0.0542522947858461;0.21370296551401288;342;4_sustancia
action_env;clim_share;pooled;pearson;-0.088248589286289;-0.2997519436320362;0.12356462536169825;343;4_sustancia
action_env;clim_share;pooled;spearman;-0.09529222204575087;-0.3053063674209682;0.113105213663753;343;4_sustancia
action_env;clim_share;within;pearson;-0.23479663752585433;-0.37751758776566324;-0.0890755413676828;343;4_sustancia
action_env;clim_share;within;spearman;-0.24044677436802167;-0.36041955399765385;-0.11601244560890442;343;4_sustancia
action_env;clim_share;between;pearson;-7.329807629861958e-05;-0.32356198736022185;0.34333015126262645;49;4_sustancia
action_env;clim_share;between;spearman;0.0920408163265306;-0.22419198367245913;0.39393641215929215;49;4_sustancia
action_env;clim_share;twoway;pearson;0.007724534808377533;-0.15403116236323025;0.16565216710563727;343;4_sustancia
action_env;clim_share;twoway;spearman;-0.0612265714119185;-0.18414851162079743;0.07872398012553121;343;4_sustancia
action_all;Z_SUS;pooled;pearson;0.5953953441434521;0.4479934863271183;0.71245049399269;343;4_sustancia
action_all;Z_SUS;pooled;spearman;0.5903500555794998;0.45192220314724235;0.7032863508176338;343;4_sustancia
action_all;Z_SUS;within;pearson;0.5529097072352425;0.4327167510186506;0.6668211356254078;343;4_sustancia
action_all;Z_SUS;within;spearman;0.6119515633362002;0.5328737367979436;0.686865101860153;343;4_sustancia
action_all;Z_SUS;between;pearson;0.625661900727147;0.37956658102228474;0.7835944197959609;49;4_sustancia
action_all;Z_SUS;between;spearman;0.5277685656963677;0.26106441485243953;0.7202737906727277;49;4_sustancia
action_all;Z_SUS;twoway;pearson;0.42547294611069164;0.2874786912404963;0.578272697414723;343;4_sustancia
action_all;Z_SUS;twoway;spearman;0.45186567092055374;0.32804108483224137;0.5625186293473562;343;4_sustancia
action_all;Z_QUANT;pooled;pearson;0.35709942326233896;0.22893785608383968;0.5164019042769982;343;4_sustancia
action_all;Z_QUANT;pooled;spearman;0.4144082752638485;0.24308064234888294;0.5668850786292444;343;4_sustancia
action_all;Z_QUANT;within;pearson;0.13913951111995432;0.009178311608263233;0.33151095062047875;343;4_sustancia
action_all;Z_QUANT;within;spearman;0.22696775747633147;0.05173713328974495;0.3831238898420689;343;4_sustancia
action_all;Z_QUANT;between;pearson;0.4827662481838024;0.2851881060383464;0.6516834486007803;49;4_sustancia
action_all;Z_QUANT;between;spearman;0.44470522221669956;0.1786283937646275;0.6517172188968556;49;4_sustancia
action_all;Z_QUANT;twoway;pearson;0.1113995164807374;-0.02993545166016875;0.2291742162718617;343;4_sustancia
action_all;Z_QUANT;twoway;spearman;0.0850307551375415;-0.04912191676954077;0.21399770906892343;343;4_sustancia
action_all;ESGSI;pooled;pearson;-0.20827395904987095;-0.41601956670931634;0.012844937725062738;343;4_sustancia
action_all;ESGSI;pooled;spearman;-0.29134390319321934;-0.4686059133967248;-0.09828811333330878;343;4_sustancia
action_all;ESGSI;within;pearson;-0.15163290259964357;-0.38978824086140346;0.09289194360076809;343;4_sustancia
action_all;ESGSI;within;spearman;-0.30911905173967225;-0.44438469802620795;-0.15910335854230295;343;4_sustancia
action_all;ESGSI;between;pearson;-0.24508691142385206;-0.5050601862445953;0.06486846436364492;49;4_sustancia
action_all;ESGSI;between;spearman;-0.16903492441531962;-0.4531528121764326;0.1701824539657728;49;4_sustancia
action_all;ESGSI;twoway;pearson;0.14597265879081317;-0.11751597986675824;0.38392775276325286;343;4_sustancia
action_all;ESGSI;twoway;spearman;0.01781313419600489;-0.14429806492537925;0.17776100564225236;343;4_sustancia
action_all;ESGSI_ext;pooled;pearson;-0.42768595278366944;-0.5676478008388093;-0.2552525177592312;343;4_sustancia
action_all;ESGSI_ext;pooled;spearman;-0.519242948743329;-0.63240691389571;-0.38129031635816996;343;4_sustancia
action_all;ESGSI_ext;within;pearson;-0.2704653525073342;-0.48914733147444517;-0.04315856959200902;343;4_sustancia
action_all;ESGSI_ext;within;spearman;-0.4537442680876564;-0.5653659106424641;-0.3310838923734933;343;4_sustancia
action_all;ESGSI_ext;between;pearson;-0.5252711890827602;-0.6783783901029303;-0.30542522369409936;49;4_sustancia
action_all;ESGSI_ext;between;spearman;-0.4807265493030913;-0.6870854557216167;-0.20673259347366993;49;4_sustancia
action_all;ESGSI_ext;twoway;pearson;-0.060600874403545744;-0.2869629766543197;0.18441376006113128;343;4_sustancia
action_all;ESGSI_ext;twoway;spearman;-0.18834538713082558;-0.3282433813934194;-0.034252931726369854;343;4_sustancia
action_all;spec_share;pooled;pearson;0.24057885330806283;0.02977292702693292;0.40487143726283004;342;4_sustancia
action_all;spec_share;pooled;spearman;0.2891056183649207;0.11587904388304351;0.42922939569210716;342;4_sustancia
action_all;spec_share;within;pearson;0.018731730394673223;-0.18164915095058273;0.20853136306374978;342;4_sustancia
action_all;spec_share;within;spearman;0.03608343490128505;-0.10742823841559278;0.17284240333231493;342;4_sustancia
action_all;spec_share;between;pearson;0.37752788045735175;0.1253400381295151;0.5811998650607376;49;4_sustancia
action_all;spec_share;between;spearman;0.42603127644670047;0.1594238128775439;0.6282441518186037;49;4_sustancia
action_all;spec_share;twoway;pearson;0.10459566964559958;-0.1316435612207781;0.312595368211742;342;4_sustancia
action_all;spec_share;twoway;spearman;0.10986276959721973;-0.02986708025524745;0.23916295779748642;342;4_sustancia
action_all;clim_share;pooled;pearson;0.7886445662725328;0.7332758985994177;0.8499777580027692;343;4_sustancia
action_all;clim_share;pooled;spearman;0.8188164385515214;0.7572623029081539;0.858231250167403;343;4_sustancia
action_all;clim_share;within;pearson;0.756380360763272;0.7027346379634322;0.8021396266996993;343;4_sustancia
action_all;clim_share;within;spearman;0.7790859537515898;0.7221031057834767;0.8252007729637357;343;4_sustancia
action_all;clim_share;between;pearson;0.8080034544553809;0.7338076254841706;0.9045371866379265;49;4_sustancia
action_all;clim_share;between;spearman;0.8862981201383993;0.8036525860500398;0.9227326432823458;49;4_sustancia
action_all;clim_share;twoway;pearson;0.713164917993215;0.6218524569533435;0.7951791064222303;343;4_sustancia
action_all;clim_share;twoway;spearman;0.6826232469259434;0.6005068587784418;0.7518971074917039;343;4_sustancia
nz_clim;Z_SUS;pooled;pearson;0.23929575884840537;0.056191908351415576;0.4082534062938062;342;4_sustancia
nz_clim;Z_SUS;pooled;spearman;0.24495952345855482;0.0638002696224484;0.41339376000476047;342;4_sustancia
nz_clim;Z_SUS;within;pearson;0.2574753971942314;0.07440379642054908;0.4278793629363897;342;4_sustancia
nz_clim;Z_SUS;within;spearman;0.3253170482716132;0.17596509933874702;0.46158956342231816;342;4_sustancia
nz_clim;Z_SUS;between;pearson;0.22603795132079532;-0.09785822591758943;0.48316327895071054;49;4_sustancia
nz_clim;Z_SUS;between;spearman;0.11071428571428571;-0.21806929652983412;0.3957973237057864;49;4_sustancia
nz_clim;Z_SUS;twoway;pearson;-0.07660407541516652;-0.2624009404040445;0.12421895192872456;342;4_sustancia
nz_clim;Z_SUS;twoway;spearman;-0.04516843008232773;-0.21521423829795444;0.11707478363462669;342;4_sustancia
nz_clim;Z_QUANT;pooled;pearson;0.15783423073348612;-0.006361170226198223;0.3769607310203591;342;4_sustancia
nz_clim;Z_QUANT;pooled;spearman;0.22289106261110073;0.05499196466621526;0.3954888827990824;342;4_sustancia
nz_clim;Z_QUANT;within;pearson;0.17100802749631092;0.014759192649226425;0.43083349615802563;342;4_sustancia
nz_clim;Z_QUANT;within;spearman;0.32369667610215014;0.1747349279274875;0.46517268101518616;342;4_sustancia
nz_clim;Z_QUANT;between;pearson;0.15668569138268906;-0.10415049569009503;0.4420813505752859;49;4_sustancia
nz_clim;Z_QUANT;between;spearman;0.17224489795918368;-0.1290246805482263;0.4400777599052435;49;4_sustancia
nz_clim;Z_QUANT;twoway;pearson;0.1270827793671485;0.015265665714871418;0.3151026794111928;342;4_sustancia
nz_clim;Z_QUANT;twoway;spearman;0.22742759706135887;0.07852220394314527;0.3449567384524619;342;4_sustancia
nz_clim;ESGSI;pooled;pearson;-0.18409944399384146;-0.3086364378646603;-0.05837816945276764;342;4_sustancia
nz_clim;ESGSI;pooled;spearman;-0.1866379988208981;-0.33334705205049525;-0.03369492952387695;342;4_sustancia
nz_clim;ESGSI;within;pearson;-0.2321462572494287;-0.3452789681409636;-0.10521810619682609;342;4_sustancia
nz_clim;ESGSI;within;spearman;-0.23313759480253374;-0.3631028452441886;-0.0985156082561923;342;4_sustancia
nz_clim;ESGSI;between;pearson;-0.14286755768086487;-0.3765734863644927;0.07671413694680462;49;4_sustancia
nz_clim;ESGSI;between;spearman;-0.13438775510204082;-0.4127957389917791;0.15091416949181433;49;4_sustancia
nz_clim;ESGSI;twoway;pearson;0.08433491147323131;-0.08769665083187861;0.2537375849577894;342;4_sustancia
nz_clim;ESGSI;twoway;spearman;0.1678580015782469;0.006174001397014551;0.31367611729317596;342;4_sustancia
nz_clim;ESGSI_ext;pooled;pearson;-0.19758956715675696;-0.3625260334954236;-0.05290921691338831;342;4_sustancia
nz_clim;ESGSI_ext;pooled;spearman;-0.22476232558579934;-0.3831488003982887;-0.06816764489390788;342;4_sustancia
nz_clim;ESGSI_ext;within;pearson;-0.2368391077519751;-0.3892105257590929;-0.08638938141459082;342;4_sustancia
nz_clim;ESGSI_ext;within;spearman;-0.27262438976396736;-0.40893523863136333;-0.11911337910214272;342;4_sustancia
nz_clim;ESGSI_ext;between;pearson;-0.1697487588912966;-0.43356576496900334;0.07369481070108123;49;4_sustancia
nz_clim;ESGSI_ext;between;spearman;-0.16418367346938775;-0.44473093820691645;0.1369955439637329;49;4_sustancia
nz_clim;ESGSI_ext;twoway;pearson;0.03579807873436789;-0.12458906673011437;0.203119104622099;342;4_sustancia
nz_clim;ESGSI_ext;twoway;spearman;0.0606941076432778;-0.10093819525804473;0.222517415426558;342;4_sustancia
nz_clim;spec_share;pooled;pearson;0.24350866234774782;0.11588886943565577;0.3618723790688622;342;4_sustancia
nz_clim;spec_share;pooled;spearman;0.22408397902887428;0.1058688436996941;0.34410428508995666;342;4_sustancia
nz_clim;spec_share;within;pearson;0.22804084380519607;0.0982672330263995;0.3632019036864181;342;4_sustancia
nz_clim;spec_share;within;spearman;0.2813088238415726;0.16118351610275614;0.4071913274275918;342;4_sustancia
nz_clim;spec_share;between;pearson;0.26230011175792967;0.01245595313251086;0.4827340381934242;49;4_sustancia
nz_clim;spec_share;between;spearman;0.2542857142857143;-0.036394213458428006;0.4915473501664583;49;4_sustancia
nz_clim;spec_share;twoway;pearson;0.3727469157018938;0.23790269687779986;0.49194953448839057;342;4_sustancia
nz_clim;spec_share;twoway;spearman;0.40487222604959344;0.2762343210539286;0.5072770604136448;342;4_sustancia
nz_clim;clim_share;pooled;pearson;0.23083027866339895;0.07449762608444889;0.38220127516541486;342;4_sustancia
nz_clim;clim_share;pooled;spearman;0.235197412081502;0.07166844776060867;0.38802600173575486;342;4_sustancia
nz_clim;clim_share;within;pearson;0.4092911441750198;0.238368588311458;0.5568951697139812;342;4_sustancia
nz_clim;clim_share;within;spearman;0.41030678936068543;0.26685935741827577;0.5346067699524629;342;4_sustancia
nz_clim;clim_share;between;pearson;0.10407250993270037;-0.14217393892917002;0.33145113298916673;49;4_sustancia
nz_clim;clim_share;between;spearman;0.1373469387755102;-0.18859328120745372;0.4037219632138723;49;4_sustancia
nz_clim;clim_share;twoway;pearson;0.05909348811652207;-0.1268536942640595;0.2422569304772726;342;4_sustancia
nz_clim;clim_share;twoway;spearman;0.03323993147630582;-0.1402557079872146;0.21338173781516573;342;4_sustancia
nz_all;Z_SUS;pooled;pearson;0.5392104662712269;0.3994303599997806;0.6630112869420021;342;4_sustancia
nz_all;Z_SUS;pooled;spearman;0.5586234043370006;0.4122906908432797;0.6913807270685169;342;4_sustancia
nz_all;Z_SUS;within;pearson;0.5466222121065916;0.3652259905597424;0.7047708269135924;342;4_sustancia
nz_all;Z_SUS;within;spearman;0.627266471798208;0.4930821220717663;0.7486899707815026;342;4_sustancia
nz_all;Z_SUS;between;pearson;0.5374165552907716;0.2630318007422438;0.7204138234995353;49;4_sustancia
nz_all;Z_SUS;between;spearman;0.40714285714285714;0.09904732106197357;0.6437761877946145;49;4_sustancia
nz_all;Z_SUS;twoway;pearson;0.22205321039285417;0.019593008560346015;0.4374147466236199;342;4_sustancia
nz_all;Z_SUS;twoway;spearman;0.28133428310137365;0.09152090248412273;0.4447234136892244;342;4_sustancia
nz_all;Z_QUANT;pooled;pearson;0.3647732551472857;0.21734330428380316;0.5214374205345167;342;4_sustancia
nz_all;Z_QUANT;pooled;spearman;0.3842212620582863;0.18459445771573776;0.5557116016015051;342;4_sustancia
nz_all;Z_QUANT;within;pearson;0.16759947721913124;-0.023976532645122423;0.4801861002588519;342;4_sustancia
nz_all;Z_QUANT;within;spearman;0.33417740543678415;0.1498880163936957;0.5021923821096111;342;4_sustancia
nz_all;Z_QUANT;between;pearson;0.5372425430210062;0.20128486475229987;0.7343385017718643;49;4_sustancia
nz_all;Z_QUANT;between;spearman;0.386734693877551;0.08583593156928379;0.637090280946483;49;4_sustancia
nz_all;Z_QUANT;twoway;pearson;0.12373191188214902;-0.010398463208293235;0.344016407549769;342;4_sustancia
nz_all;Z_QUANT;twoway;spearman;0.19492339082789864;0.03952648768570334;0.3383700982596094;342;4_sustancia
nz_all;ESGSI;pooled;pearson;-0.44530637435240605;-0.537887610145121;-0.3320426143219761;342;4_sustancia
nz_all;ESGSI;pooled;spearman;-0.427944925289712;-0.5457662342273754;-0.2915145828958721;342;4_sustancia
nz_all;ESGSI;within;pearson;-0.44633227105510404;-0.5396867471241217;-0.3457045529670035;342;4_sustancia
nz_all;ESGSI;within;spearman;-0.48419461105357553;-0.5965528677109793;-0.363240542760004;342;4_sustancia
nz_all;ESGSI;between;pearson;-0.4506831255894189;-0.6364797038046021;-0.19494572910245958;49;4_sustancia
nz_all;ESGSI;between;spearman;-0.3570408163265306;-0.577034933703037;-0.06985253098536684;49;4_sustancia
nz_all;ESGSI;twoway;pearson;-0.07029470802324324;-0.18916464048057205;0.055948979434687136;342;4_sustancia
nz_all;ESGSI;twoway;spearman;0.000690126777233946;-0.1326901344589854;0.13031855146035423;342;4_sustancia
nz_all;ESGSI_ext;pooled;pearson;-0.5292335587704394;-0.6214586786023534;-0.4339777355741535;342;4_sustancia
nz_all;ESGSI_ext;pooled;spearman;-0.5534965926054071;-0.6575040823852196;-0.4315828821173586;342;4_sustancia
nz_all;ESGSI_ext;within;pearson;-0.4540501486241073;-0.5986756409836582;-0.30192261835435413;342;4_sustancia
nz_all;ESGSI_ext;within;spearman;-0.5433974999578888;-0.6550648399419775;-0.4174324656222463;342;4_sustancia
nz_all;ESGSI_ext;between;pearson;-0.6066626072041837;-0.7690446720231684;-0.3746148503578675;49;4_sustancia
nz_all;ESGSI_ext;between;spearman;-0.4992857142857143;-0.7026370924282681;-0.22868845529814483;49;4_sustancia
nz_all;ESGSI_ext;twoway;pearson;-0.14767278913826196;-0.27561292830670486;-0.021447578945980025;342;4_sustancia
nz_all;ESGSI_ext;twoway;spearman;-0.1420426702641456;-0.27584228245100545;0.0026649825489782537;342;4_sustancia
nz_all;spec_share;pooled;pearson;0.3048609092059285;0.13990919096785273;0.44672212814746526;342;4_sustancia
nz_all;spec_share;pooled;spearman;0.30681953106719717;0.16313136158428923;0.4338344839672593;342;4_sustancia
nz_all;spec_share;within;pearson;0.09990084294179144;-0.050336651476887095;0.2567700490897628;342;4_sustancia
nz_all;spec_share;within;spearman;0.13971288248924787;-0.014746969212907178;0.29636618020543315;342;4_sustancia
nz_all;spec_share;between;pearson;0.4840547796915449;0.2599251856160127;0.6536673698497021;49;4_sustancia
nz_all;spec_share;between;spearman;0.4760204081632653;0.20449342546504448;0.6675920862932854;49;4_sustancia
nz_all;spec_share;twoway;pearson;0.33895088405659785;0.21072296705155535;0.45321690130966946;342;4_sustancia
nz_all;spec_share;twoway;spearman;0.3510957356284961;0.20551893321378176;0.4756619475691045;342;4_sustancia
nz_all;clim_share;pooled;pearson;0.7287825116182857;0.6558100234150485;0.7878937735304602;342;4_sustancia
nz_all;clim_share;pooled;spearman;0.7419981281450522;0.656985652207232;0.8100485642919045;342;4_sustancia
nz_all;clim_share;within;pearson;0.7468626369373359;0.6549743231247707;0.8198174622742719;342;4_sustancia
nz_all;clim_share;within;spearman;0.7643437811123559;0.6841889632827334;0.8228714879215132;342;4_sustancia
nz_all;clim_share;between;pearson;0.747977949556862;0.5978821558502616;0.853805413345183;49;4_sustancia
nz_all;clim_share;between;spearman;0.7278571428571429;0.5418726773461207;0.8411503294682535;49;4_sustancia
nz_all;clim_share;twoway;pearson;0.5028918091925695;0.35846980712178517;0.6186432980526603;342;4_sustancia
nz_all;clim_share;twoway;spearman;0.4558513106033982;0.3062377021227623;0.593025123722477;342;4_sustancia
nz_net;Z_SUS;pooled;pearson;0.10645284277959396;-0.06277162406282985;0.2778405808758314;342;4_sustancia
nz_net;Z_SUS;pooled;spearman;0.1929026001338403;0.04152407006803694;0.3428817591082726;342;4_sustancia
nz_net;Z_SUS;within;pearson;0.1690559954430778;0.03275695134628547;0.3023542000005894;342;4_sustancia
nz_net;Z_SUS;within;spearman;0.2550154881453589;0.12470383175477867;0.3812999857145118;342;4_sustancia
nz_net;Z_SUS;between;pearson;0.03335173583002878;-0.30836614188636874;0.35686991766681175;49;4_sustancia
nz_net;Z_SUS;between;spearman;0.0673469387755102;-0.22608257165356868;0.3509697460488667;49;4_sustancia
nz_net;Z_SUS;twoway;pearson;-0.024298545352760055;-0.13026616537132824;0.09780287859340273;342;4_sustancia
nz_net;Z_SUS;twoway;spearman;0.010080110804271436;-0.11998457298044082;0.13572218053741325;342;4_sustancia
nz_net;Z_QUANT;pooled;pearson;-0.050364298867165716;-0.18819515666868386;0.13571900656791508;342;4_sustancia
nz_net;Z_QUANT;pooled;spearman;0.029049810870327347;-0.1213003637481568;0.17907419100458893;342;4_sustancia
nz_net;Z_QUANT;within;pearson;0.022079996687116007;-0.10608190046424314;0.22691175925911633;342;4_sustancia
nz_net;Z_QUANT;within;spearman;0.14100793580484527;-0.025576979391863215;0.29291709325611054;342;4_sustancia
nz_net;Z_QUANT;between;pearson;-0.1388938348185731;-0.40397859619214;0.148132699269147;49;4_sustancia
nz_net;Z_QUANT;between;spearman;-0.14091836734693877;-0.4158827193144502;0.156362129425452;49;4_sustancia
nz_net;Z_QUANT;twoway;pearson;-0.02784813198234128;-0.10649087561536098;0.0803735690042877;342;4_sustancia
nz_net;Z_QUANT;twoway;spearman;-0.01106737758274434;-0.14119775939042;0.10595731522246332;342;4_sustancia
nz_net;ESGSI;pooled;pearson;-0.09813240294372917;-0.2460037582515604;0.04758736538461238;342;4_sustancia
nz_net;ESGSI;pooled;spearman;-0.18782044472028933;-0.31371322516255185;-0.06143290466233885;342;4_sustancia
nz_net;ESGSI;within;pearson;-0.14868614916893044;-0.2457698809515508;-0.050898065696487214;342;4_sustancia
nz_net;ESGSI;within;spearman;-0.20312654799954813;-0.3215780105313365;-0.08241992986800636;342;4_sustancia
nz_net;ESGSI;between;pearson;-0.04455667714379428;-0.3735687626493418;0.2619212117233673;49;4_sustancia
nz_net;ESGSI;between;spearman;-0.21887755102040815;-0.4742500674246922;0.05499104448800019;49;4_sustancia
nz_net;ESGSI;twoway;pearson;0.037845724248779;-0.1412968248164168;0.20312625852436642;342;4_sustancia
nz_net;ESGSI;twoway;spearman;0.06961880732713344;-0.08637801479421352;0.20151310962410618;342;4_sustancia
nz_net;ESGSI_ext;pooled;pearson;-0.05127703786244841;-0.23366425828897963;0.10320617929547286;342;4_sustancia
nz_net;ESGSI_ext;pooled;spearman;-0.1693597736240034;-0.29624036321450337;-0.03782449332527688;342;4_sustancia
nz_net;ESGSI_ext;within;pearson;-0.11455501966819719;-0.24182914131980754;0.007506076822995652;342;4_sustancia
nz_net;ESGSI_ext;within;spearman;-0.17988536905704475;-0.30773804727681997;-0.05429409570560929;342;4_sustancia
nz_net;ESGSI_ext;between;pearson;0.019627265235784706;-0.3492326119047235;0.32762072618061155;49;4_sustancia
nz_net;ESGSI_ext;between;spearman;-0.10102040816326531;-0.36271170743570835;0.18090170462139274;49;4_sustancia
nz_net;ESGSI_ext;twoway;pearson;0.06189428988151458;-0.0387900911852395;0.1669114065434515;342;4_sustancia
nz_net;ESGSI_ext;twoway;spearman;0.05140372026481309;-0.07601428269466089;0.1828293370426915;342;4_sustancia
nz_net;spec_share;pooled;pearson;0.06277706754788608;-0.10215636591720034;0.21308361855458416;342;4_sustancia
nz_net;spec_share;pooled;spearman;0.030945167734581953;-0.11933043253647785;0.17170092677382176;342;4_sustancia
nz_net;spec_share;within;pearson;0.14542040640529189;-0.014912907239619879;0.29137444611935087;342;4_sustancia
nz_net;spec_share;within;spearman;0.1744305013765495;0.03463580892627105;0.31429446283745827;342;4_sustancia
nz_net;spec_share;between;pearson;-0.031228486378606694;-0.3185217383125573;0.23943547971901133;49;4_sustancia
nz_net;spec_share;between;spearman;-0.07061224489795918;-0.37656746925640033;0.2165064676108181;49;4_sustancia
nz_net;spec_share;twoway;pearson;0.1818015744577092;0.04544479003211939;0.3190674557972133;342;4_sustancia
nz_net;spec_share;twoway;spearman;0.18544700970812333;0.060107744280363355;0.30379943923126806;342;4_sustancia
nz_net;clim_share;pooled;pearson;0.14051037894203877;-0.004080063570769871;0.2911682717457997;342;4_sustancia
nz_net;clim_share;pooled;spearman;0.20394077118436083;0.07441454626746336;0.3283541641670048;342;4_sustancia
nz_net;clim_share;within;pearson;0.24514025284064475;0.08787966533291894;0.39288796719302815;342;4_sustancia
nz_net;clim_share;within;spearman;0.319245445411156;0.17585408688245685;0.44482213358543965;342;4_sustancia
nz_net;clim_share;between;pearson;0.05239986569899869;-0.22910529793585777;0.3224486473771606;49;4_sustancia
nz_net;clim_share;between;spearman;-0.020612244897959184;-0.31328874439315224;0.26542560590159214;49;4_sustancia
nz_net;clim_share;twoway;pearson;-0.008094871813645422;-0.14424958279831698;0.13793276683285555;342;4_sustancia
nz_net;clim_share;twoway;spearman;0.04489903914733269;-0.11061334323695589;0.19271655537707177;342;4_sustancia
nz_red;Z_SUS;pooled;pearson;0.22245576624992436;0.018632421464932485;0.415066546379809;342;4_sustancia
nz_red;Z_SUS;pooled;spearman;0.24829526598534718;0.048895377988886525;0.4374075855650963;342;4_sustancia
nz_red;Z_SUS;within;pearson;0.20705655545936183;-0.004005129233457363;0.40005354069282345;342;4_sustancia
nz_red;Z_SUS;within;spearman;0.2621441990119561;0.08527917963676294;0.42394268711751887;342;4_sustancia
nz_red;Z_SUS;between;pearson;0.2346494239717543;-0.12031877421139546;0.5230105194012213;49;4_sustancia
nz_red;Z_SUS;between;spearman;0.12408163265306123;-0.19604158190721674;0.4210885208654552;49;4_sustancia
nz_red;Z_SUS;twoway;pearson;-0.07381057422274223;-0.24536672101691687;0.11329815640054969;342;4_sustancia
nz_red;Z_SUS;twoway;spearman;0.0013921031557288096;-0.16546650210245364;0.162103995674443;342;4_sustancia
nz_red;Z_QUANT;pooled;pearson;0.23971630980326727;0.06268745414918211;0.4803309597433965;342;4_sustancia
nz_red;Z_QUANT;pooled;spearman;0.30707510715812375;0.11149752736725707;0.4871318327100382;342;4_sustancia
nz_red;Z_QUANT;within;pearson;0.22381604240976197;0.09818592808515929;0.4621710259291311;342;4_sustancia
nz_red;Z_QUANT;within;spearman;0.35432007435044666;0.20320837951422865;0.4942631745089884;342;4_sustancia
nz_red;Z_QUANT;between;pearson;0.25537612848395447;-0.012145476146123978;0.5392041370142496;49;4_sustancia
nz_red;Z_QUANT;between;spearman;0.2705102040816327;-0.022075188233949553;0.5409200305378637;49;4_sustancia
nz_red;Z_QUANT;twoway;pearson;0.18196829078288762;0.07012182791675518;0.38191318492431536;342;4_sustancia
nz_red;Z_QUANT;twoway;spearman;0.2769487306752128;0.12240176835686796;0.4113751841904907;342;4_sustancia
nz_red;ESGSI;pooled;pearson;-0.15862410594863777;-0.2973848870783156;-0.00831016471105031;342;4_sustancia
nz_red;ESGSI;pooled;spearman;-0.15106120207850185;-0.306525841850924;0.013967701302377648;342;4_sustancia
nz_red;ESGSI;within;pearson;-0.19026436356390006;-0.3291231425834836;-0.03028867940338662;342;4_sustancia
nz_red;ESGSI;within;spearman;-0.1736757835551234;-0.3239236222674515;-0.008521864096507117;342;4_sustancia
nz_red;ESGSI;between;pearson;-0.13487456924190996;-0.3611256830613264;0.13031441815723752;49;4_sustancia
nz_red;ESGSI;between;spearman;-0.07336734693877552;-0.3409459665645512;0.204256881518382;49;4_sustancia
nz_red;ESGSI;twoway;pearson;0.07157071007061426;-0.07968055558724325;0.22760280071757966;342;4_sustancia
nz_red;ESGSI;twoway;spearman;0.11454259564165666;-0.03212156553614447;0.2533926375089061;342;4_sustancia
nz_red;ESGSI_ext;pooled;pearson;-0.21192761479408587;-0.3760060287560829;-0.047303057706355726;342;4_sustancia
nz_red;ESGSI_ext;pooled;spearman;-0.238793483005375;-0.4068662763659389;-0.06466535702725615;342;4_sustancia
nz_red;ESGSI_ext;within;pearson;-0.22963865700208178;-0.3935776627689648;-0.06388561702327805;342;4_sustancia
nz_red;ESGSI_ext;within;spearman;-0.24626419883492415;-0.41405665281271187;-0.06982028271322155;342;4_sustancia
nz_red;ESGSI_ext;between;pearson;-0.2017827841757041;-0.4353757728452589;0.0653403879554567;49;4_sustancia
nz_red;ESGSI_ext;between;spearman;-0.16071428571428573;-0.4262568660259221;0.1410172427392795;49;4_sustancia
nz_red;ESGSI_ext;twoway;pearson;-0.009641166792854861;-0.16807128108555505;0.15855525469807383;342;4_sustancia
nz_red;ESGSI_ext;twoway;spearman;0.0010546145122216637;-0.16792050364740843;0.17489504419451635;342;4_sustancia
nz_red;spec_share;pooled;pearson;0.2615000744539894;0.10171844828037141;0.395364062733231;342;4_sustancia
nz_red;spec_share;pooled;spearman;0.23791323574033962;0.08598752463830757;0.3745708621453584;342;4_sustancia
nz_red;spec_share;within;pearson;0.1875083389280227;-0.01034319347849199;0.385988956163628;342;4_sustancia
nz_red;spec_share;within;spearman;0.21752721964578278;0.06598272710057654;0.36956928430490643;342;4_sustancia
nz_red;spec_share;between;pearson;0.3123149446876939;0.07136340404169216;0.5180023272120748;49;4_sustancia
nz_red;spec_share;between;spearman;0.27591836734693875;-0.007519759160891007;0.5037164103714772;49;4_sustancia
nz_red;spec_share;twoway;pearson;0.3036431879497938;0.09525043257137687;0.4926304478106361;342;4_sustancia
nz_red;spec_share;twoway;spearman;0.29660916910145974;0.13003317360065242;0.4424418246674713;342;4_sustancia
nz_red;clim_share;pooled;pearson;0.1854167436233225;0.006850867968930471;0.37019951149033725;342;4_sustancia
nz_red;clim_share;pooled;spearman;0.2367645830811413;0.04819963327981342;0.4139390823952899;342;4_sustancia
nz_red;clim_share;within;pearson;0.35171812663292035;0.14684072604497217;0.5292289529213896;342;4_sustancia
nz_red;clim_share;within;spearman;0.32467663080381337;0.1450732483696381;0.48592934981036734;342;4_sustancia
nz_red;clim_share;between;pearson;0.08683681867457863;-0.167324599591647;0.34724740957502265;49;4_sustancia
nz_red;clim_share;between;spearman;0.17091836734693877;-0.13910999990241085;0.43815995790945683;49;4_sustancia
nz_red;clim_share;twoway;pearson;0.08037601160945387;-0.10746992477737792;0.27295273128639097;342;4_sustancia
nz_red;clim_share;twoway;spearman;0.07484823135701484;-0.09983216452519582;0.26074370378306516;342;4_sustancia
nz_prob;Z_SUS;pooled;pearson;0.25062541032003466;0.070802936330258;0.4197724565522901;342;4_sustancia
nz_prob;Z_SUS;pooled;spearman;0.2510239030456625;0.06919411044350628;0.4218807904789623;342;4_sustancia
nz_prob;Z_SUS;within;pearson;0.290719509134557;0.12437094686410441;0.4474829986117549;342;4_sustancia
nz_prob;Z_SUS;within;spearman;0.3428217140493222;0.19760468444264656;0.4743818242708598;342;4_sustancia
nz_prob;Z_SUS;between;pearson;0.21556535781765593;-0.10899970477440614;0.47559247471313953;49;4_sustancia
nz_prob;Z_SUS;between;spearman;0.09795918367346938;-0.23502863602971938;0.3909046547433764;49;4_sustancia
nz_prob;Z_SUS;twoway;pearson;-0.028396881027599942;-0.20572799081654494;0.15730094204507036;342;4_sustancia
nz_prob;Z_SUS;twoway;spearman;-0.010309003102045616;-0.17182466800490434;0.14878725225264666;342;4_sustancia
nz_prob;Z_QUANT;pooled;pearson;0.15913326624564056;-0.0023402082788540573;0.3786975334378608;342;4_sustancia
nz_prob;Z_QUANT;pooled;spearman;0.2208726841996286;0.04647766250521931;0.39484313401246457;342;4_sustancia
nz_prob;Z_QUANT;within;pearson;0.17921089225476255;0.022347114009791176;0.43682077761941607;342;4_sustancia
nz_prob;Z_QUANT;within;spearman;0.32746855524325863;0.17167346184486149;0.47097736587428174;342;4_sustancia
nz_prob;Z_QUANT;between;pearson;0.15166142507906122;-0.10790120211221887;0.4280932924161478;49;4_sustancia
nz_prob;Z_QUANT;between;spearman;0.1556122448979592;-0.1487465582086;0.43167074347450396;49;4_sustancia
nz_prob;Z_QUANT;twoway;pearson;0.1408794004713418;0.03075534074984701;0.32834924252270414;342;4_sustancia
nz_prob;Z_QUANT;twoway;spearman;0.23759515492303684;0.09365285989028847;0.3561986307257591;342;4_sustancia
nz_prob;ESGSI;pooled;pearson;-0.17744284440230593;-0.3061778179614271;-0.05235209027588293;342;4_sustancia
nz_prob;ESGSI;pooled;spearman;-0.18334648039093485;-0.33086070227903785;-0.03052759194092021;342;4_sustancia
nz_prob;ESGSI;within;pearson;-0.22869151228741996;-0.3335752453771558;-0.10950091139889476;342;4_sustancia
nz_prob;ESGSI;within;spearman;-0.23584621377490647;-0.36007769439314463;-0.10385376699490682;342;4_sustancia
nz_prob;ESGSI;between;pearson;-0.1332320551640799;-0.36686968735689574;0.08601619985529549;49;4_sustancia
nz_prob;ESGSI;between;spearman;-0.12693877551020408;-0.4087725658559249;0.1620194366170226;49;4_sustancia
nz_prob;ESGSI;twoway;pearson;0.09935205059002018;-0.07252782127274955;0.2610434575599378;342;4_sustancia
nz_prob;ESGSI;twoway;spearman;0.17858024077489792;0.014334725890296735;0.3168261476232692;342;4_sustancia
nz_prob;ESGSI_ext;pooled;pearson;-0.19211619966161123;-0.35675759959853476;-0.04449086796737096;342;4_sustancia
nz_prob;ESGSI_ext;pooled;spearman;-0.22219895633496528;-0.37981177117838844;-0.05777812740980031;342;4_sustancia
nz_prob;ESGSI_ext;within;pearson;-0.24039450063042697;-0.38569688953448517;-0.0933310773504875;342;4_sustancia
nz_prob;ESGSI_ext;within;spearman;-0.27573167162924966;-0.4106584574181508;-0.12222949874382008;342;4_sustancia
nz_prob;ESGSI_ext;between;pearson;-0.15575606729885222;-0.41859934451716596;0.08886802556905984;49;4_sustancia
nz_prob;ESGSI_ext;between;spearman;-0.1442857142857143;-0.432604708475519;0.1706783308467958;49;4_sustancia
nz_prob;ESGSI_ext;twoway;pearson;0.03628084648104286;-0.12597907204226705;0.20387151202433357;342;4_sustancia
nz_prob;ESGSI_ext;twoway;spearman;0.06290803314468468;-0.10464721041868055;0.2260034046825305;342;4_sustancia
nz_prob;spec_share;pooled;pearson;0.25553835094350724;0.13209576202262552;0.3706032074725864;342;4_sustancia
nz_prob;spec_share;pooled;spearman;0.23570926891261054;0.1108766406767503;0.35329516173151615;342;4_sustancia
nz_prob;spec_share;within;pearson;0.2260131874049978;0.11065698442069964;0.3536404673917022;342;4_sustancia
nz_prob;spec_share;within;spearman;0.28499733121460524;0.16607680804548236;0.4094364310855636;342;4_sustancia
nz_prob;spec_share;between;pearson;0.28695579591268333;0.03707038535459177;0.5122657676862558;49;4_sustancia
nz_prob;spec_share;between;spearman;0.2627551020408163;-0.024857195293073505;0.5053809702386809;49;4_sustancia
nz_prob;spec_share;twoway;pearson;0.3756135488198874;0.25568774577145664;0.4800448244360513;342;4_sustancia
nz_prob;spec_share;twoway;spearman;0.41784678945553483;0.29544723305186327;0.5144072823831931;342;4_sustancia
nz_prob;clim_share;pooled;pearson;0.24254931097639654;0.08634368272558667;0.39541386743778484;342;4_sustancia
nz_prob;clim_share;pooled;spearman;0.24626563163141865;0.08702560445613702;0.39668726375205887;342;4_sustancia
nz_prob;clim_share;within;pearson;0.4366233657999394;0.2727523698550529;0.5731787709857266;342;4_sustancia
nz_prob;clim_share;within;spearman;0.42032500606354595;0.27629736403046345;0.5393198877805696;342;4_sustancia
nz_prob;clim_share;between;pearson;0.1050533952246925;-0.13865719185061173;0.32894835731013444;49;4_sustancia
nz_prob;clim_share;between;spearman;0.14010204081632652;-0.19259736527735472;0.4143428127229431;49;4_sustancia
nz_prob;clim_share;twoway;pearson;0.0991217302666049;-0.07454107457144275;0.272437301819334;342;4_sustancia
nz_prob;clim_share;twoway;spearman;0.058289088572169544;-0.11132962307875231;0.2335852840368997;342;4_sustancia
