firm_label;year;country;industry;SEN_Score;SUS_density;QUANT_Score;HEDGE_Score;Z_SEN;Z_SUS;Z_QUANT;Z_HEDGE;ESGSI;ESGSI_ext;n_sample;N_passages;fin_tone;fin_tone_prob;fin_pos;fin_neg;SEN_s;SEN_s_exAw;A_dom_share;A_any_share;fin_tone_exAdom;SEN_s_exAdom;fin_tone_exAany;SEN_s_exAany;n_fE;fin_tone_fE;SEN_fE;n_fS;fin_tone_fS;SEN_fS;n_fG;fin_tone_fG;SEN_fG;n_fNone;fin_tone_fNone;SEN_fNone;n_vE;fin_tone_vE;SEN_vE;n_vS;fin_tone_vS;SEN_vS;n_vG;fin_tone_vG;SEN_vG;n_vnone;fin_tone_vnone;SEN_vnone;fesg_E;besg_E;voc_E;fesg_S;besg_S;voc_S;fesg_G;besg_G;voc_G;fesg_None;besg_any;fesgn_E;besgn_E;fesgn_S;besgn_S;fesgn_G;besgn_G;f9_climate_change;f9_natural_capital;f9_pollution_waste;f9_human_capital;f9_product_liability;f9_community_relations;f9_corporate_governance;f9_business_ethics_values;f9_non_esg;n_env;action_env;action_all;n_clim_all;nz_red;nz_net;nz_clim;nz_all;nz_prob;SEN_long;SEN_long_exAw;negA_per_1k_long;SEN_short;SEN_short_exAw;negA_per_1k_short;short_token_share;sh_E;sh_S;sh_G;sh_TRANS;sh_ET;dens_E;dens_S;dens_G;dens_TRANS;dens_ET;m_total;sent_net;spec_share;clim_share;commit_share;CTI
Consumer Discretionary-01;2018;Germany;Consumer Discretionary;0.2727;4.271431;0.0039665523156089;0.0033997751761577;1.811325601228508;-1.2482031237180822;-0.0238469505523186;-1.3571830906736424;3.0597;2.393;200;411;0.17446808510638298;0.17285343467766512;0.21134751773049645;0.03687943262411347;0.2778904665314402;0.3375796178343949;0.04;0.08;0.16838995568685378;0.3002159827213823;0.1826625386996904;0.38795180722891565;32;0.2831858407079646;0.6410256410256411;54;0.2617801047120419;0.37572254335260113;51;0.06358381502890173;0.05747126436781609;63;0.13157894736842105;0.10967741935483871;43;0.3374233128834356;0.6744186046511628;28;0.23469387755102042;0.4430379746835443;41;0.014285714285714285;-0.30337078651685395;88;0.14144736842105263;0.21428571428571427;0.16;0.24;0.215;0.27;0.2;0.14;0.255;0.185;0.205;0.315;0.515;0.23357664233576642;0.384;0.39416058394160586;0.32;0.3722627737226277;0.296;0.035;0.025;0.085;0.18;0.065;0.03;0.44;0.045;0.095;48;0.7291666666666666;0.175;95.0;0.021052631578947368;0.021052631578947368;0.042105263157894736;0.009732360097323601;0.044290986;0.28142589118198874;0.35113748763600394;1.5846034169811865;0.06666666666666667;0.23076923076923078;3.401360544217687;0.04836454363501769;0.3082271147161066;0.2514484356894554;0.30359212050984935;0.13673232908458866;0.44495944380069524;1.3165709760443476;1.0740447436151257;1.296772916254207;0.5840427638091468;1.9006137398534944;863.0;0.3684210526315789;0.4421052631578947;0.2311435523114355;0.7473684210526316;0.4507042253521127
Consumer Discretionary-01;2019;Germany;Consumer Discretionary;0.3549;4.187403;0.0048138377437515;0.003932286582815;2.305366024405901;-1.2929413593599732;0.311064454320124;-0.9702528759608277;3.5983;2.9577;200;381;0.25067385444743934;0.24767657174575683;0.27628032345013476;0.025606469002695417;0.4637964774951076;0.5390946502057613;0.035;0.06;0.25666199158485276;0.5407725321888412;0.2696793002915452;0.6304849884526559;28;0.3482142857142857;0.813953488372093;65;0.3134920634920635;0.504950495049505;47;0.07017543859649122;0.11627906976744186;60;0.27053140096618356;0.40145985401459855;47;0.43157894736842106;0.8297872340425532;36;0.18243243243243243;0.22123893805309736;37;0.07874015748031496;0.18421052631578946;80;0.24187725631768953;0.44751381215469616;0.14;0.24;0.235;0.325;0.255;0.18;0.235;0.165;0.185;0.3;0.535;0.20000000000000004;0.3636363636363636;0.46428571428571436;0.38636363636363635;0.33571428571428574;0.25;0.055;0.035;0.05;0.24;0.04;0.045;0.405;0.035;0.095;48;0.75;0.18;91.0;0.03296703296703297;0.02197802197802198;0.054945054945054944;0.013123359580052493;0.05511573;0.3569261880687563;0.4261424017003188;1.4023196704548773;0.2903225806451613;0.5384615384615384;3.071253071253071;0.04540257132498536;0.28211284513805523;0.26410564225690275;0.3013205282112845;0.1524609843937575;0.4345738295318127;1.181320062333484;1.105916654099432;1.2617503644498065;0.6384155230483085;1.8197355853817925;833.0;0.4285714285714285;0.4285714285714285;0.2388451443569554;0.7472527472527473;0.4558823529411764
Consumer Discretionary-01;2020;Germany;Consumer Discretionary;0.1851;4.699937;0.0043513997002369;0.0038921116565025;1.284829967769388;-1.0200577150214083;0.1282738979435575;-0.99944453771649;2.3046;1.7407;200;435;0.17002881844380405;0.1730829398295378;0.21902017291066284;0.04899135446685879;0.3183856502242152;0.43414634146341463;0.07;0.09;0.17418351477449456;0.41475826972010177;0.18167202572347266;0.4822888283378747;34;0.2711864406779661;0.5333333333333333;65;0.20588235294117646;0.38028169014084506;45;0.08917197452229299;0.36666666666666664;56;0.1270718232044199;0.061946902654867256;46;0.3202247191011236;0.6226415094339622;41;0.18292682926829268;0.2229299363057325;41;0.043478260869565216;0.058823529411764705;72;0.11682242990654206;0.3217391304347826;0.17;0.28;0.23;0.325;0.275;0.205;0.225;0.19;0.205;0.28;0.625;0.23611111111111113;0.3758389261744966;0.4513888888888889;0.36912751677852346;0.3125;0.25503355704697983;0.08;0.01;0.055;0.27;0.04;0.045;0.375;0.025;0.1;56;0.8214285714285714;0.23;99.0;0.050505050505050504;0.04040404040404041;0.09090909090909091;0.020689655172413793;0.092931055;0.1790065604498594;0.2823649337410805;2.2565071368597818;0.2982456140350877;0.45098039215686275;2.6954177897574128;0.055183697753978876;0.27402473834443386;0.33491912464319695;0.269267364414843;0.12178877259752617;0.39581351094196005;1.2878991145693586;1.5740989178069942;1.2655397549414185;0.5723996064752706;1.8602987210446291;1051.0;0.3838383838383838;0.4848484848484848;0.2275862068965517;0.7777777777777778;0.4155844155844156
Consumer Discretionary-01;2021;Germany;Consumer Discretionary;0.2558;4.911152;0.0053840631730078;0.0042745006606046;1.7097528134949562;-0.9076025043642226;0.5364607532094964;-0.7215953543726227;2.6172;1.9882;200;541;0.22436849925705796;0.22203347374744614;0.26448736998514116;0.04011887072808321;0.2202020202020202;0.2769556025369979;0.045;0.065;0.22291021671826625;0.2565217391304348;0.2304;0.3140096618357488;31;0.23684210526315788;0.24;70;0.3577981651376147;0.38011695906432746;42;0.07142857142857142;0.1111111111111111;57;0.18716577540106952;0.07894736842105263;55;0.2916666666666667;0.4166666666666667;40;0.2909090909090909;0.125;24;-0.02127659574468085;-0.48717948717948717;81;0.22924901185770752;0.42483660130718953;0.155;0.24;0.275;0.35;0.28;0.2;0.21;0.145;0.12;0.285;0.575;0.2167832167832168;0.3609022556390977;0.4895104895104895;0.4210526315789474;0.2937062937062937;0.21804511278195485;0.06;0.04;0.055;0.23;0.04;0.045;0.415;0.035;0.08;48;0.6458333333333334;0.155;137.0;0.058394160583941604;0.051094890510948905;0.10948905109489052;0.027726432532347505;0.116229534;0.2599388379204893;0.35081967213114756;1.8052022647082957;0.18421052631578946;0.34328358208955223;3.3088235294117645;0.05284837180383928;0.2656695156695157;0.2955840455840456;0.22863247863247863;0.2101139601139601;0.4757834757834758;1.304743248915629;1.4516580383377642;1.1228487477263187;1.0319014971316636;2.3366447460472926;1404.0;0.291970802919708;0.5036496350364964;0.2532347504621072;0.7518248175182481;0.3786407766990291
Consumer Discretionary-01;2022;Germany;Consumer Discretionary;0.1175;5.948873;0.0045774859965066;0.0041864301917921;0.8785388168351812;-0.3550984982170022;0.2176403340831427;-0.7855885852808487;1.2334;0.7318;200;463;0.10317460317460317;0.10203746008494544;0.17195767195767195;0.06878306878306878;0.06477732793522267;0.12875536480686695;0.05;0.09;0.10013908205841446;0.07317073170731707;0.11194029850746269;0.17355371900826447;31;0.25396825396825395;0.4520547945205479;61;0.25;0.16470588235294117;59;0.053811659192825115;0.1588785046728972;49;-0.12021857923497267;-0.3194444444444444;48;0.21717171717171718;0.2773109243697479;43;0.18831168831168832;0.04;36;-0.04225352112676056;-0.4117647058823529;73;0.04580152671755725;0.17575757575757575;0.155;0.24;0.24;0.305;0.275;0.215;0.295;0.18;0.18;0.245;0.58;0.20529801324503313;0.3453237410071942;0.4039735099337749;0.39568345323741005;0.3907284768211921;0.2589928057553956;0.08;0.035;0.025;0.24;0.04;0.045;0.41;0.05;0.075;48;0.5625;0.135;153.0;0.0718954248366013;0.05228758169934641;0.12418300653594772;0.04103671706263499;0.13245387;0.11505922165820642;0.2080659945004583;1.9967525343397552;0.15384615384615385;0.36363636363636365;4.11522633744856;0.06013611053825531;0.3448916408668731;0.24148606811145512;0.20061919504643963;0.2130030959752322;0.5578947368421052;2.051716516870488;1.4365699130691028;1.1934580816266391;1.2671283335789008;3.3188448504493886;1615.0;0.1830065359477124;0.4052287581699346;0.3304535637149028;0.6209150326797386;0.4210526315789473
Consumer Discretionary-01;2023;Germany;Consumer Discretionary;0.1355;6.836119;0.0057462765395584;0.004353220294713;0.9867228511076032;0.1172895226846631;0.6796349226519692;-0.6643965703712451;0.8696;0.1976;200;466;0.11367127496159754;0.11248213245022681;0.16897081413210446;0.055299539170506916;0.15367483296213807;0.22458628841607564;0.025;0.045;0.12025316455696203;0.2037914691943128;0.1323529411764706;0.28083989501312334;47;0.17575757575757575;0.3904761904761905;47;0.3287671232876712;0.44370860927152317;52;0.046511627906976744;0.13432835820895522;54;-0.06547619047619048;-0.38095238095238093;66;0.15021459227467812;0.32934131736526945;31;0.2641509433962264;0.30097087378640774;41;-0.05263157894736842;-0.38271604938271603;62;0.1005586592178771;0.14285714285714285;0.235;0.335;0.33;0.235;0.24;0.155;0.26;0.185;0.205;0.27;0.645;0.3219178082191781;0.44078947368421056;0.3219178082191781;0.3157894736842105;0.35616438356164387;0.24342105263157895;0.125;0.045;0.075;0.195;0.025;0.03;0.41;0.025;0.07;67;0.5970149253731343;0.2;170.0;0.11764705882352941;0.03529411764705882;0.15294117647058825;0.05579399141630902;0.15242884;0.13368055555555555;0.23791469194312795;2.273686184426422;0.15789473684210525;0.35802469135802467;4.266991770801585;0.07141457893476699;0.35370684776457273;0.2546689303904924;0.19807583474816073;0.1935483870967742;0.5472552348613469;2.417982048901269;1.7409470752089138;1.3540699473847106;1.3231197771587744;3.7411018260600435;1767.0;0.1823529411764705;0.4470588235294118;0.3648068669527897;0.6529411764705882;0.3873873873873873
Consumer Discretionary-01;2024;Germany;Consumer Discretionary;-0.0892;8.792788;0.0032956685499058;0.0046156160108293;-0.3637745100597971;1.159060346638381;-0.2890310514641964;-0.4737361835564199;-1.5228;-1.6151;200;1179;0.13376835236541598;0.12505344309970176;0.18433931484502447;0.05057096247960848;0.0455531453362256;0.2390745501285347;0.17;0.21;0.14393939393939395;0.17681159420289855;0.1462925851703407;0.2542372881355932;58;0.19387755102040816;0.3283582089552239;84;0.15879828326180256;-0.07112970711297072;36;0.12931034482758622;0.01818181818181818;22;-0.11764705882352941;-0.21212121212121213;70;0.12719298245614036;0.1773049645390071;67;0.10810810810810811;-0.14772727272727273;16;0.07547169811320754;-0.18181818181818182;47;0.19727891156462585;0.21311475409836064;0.29;0.435;0.35;0.42;0.405;0.335;0.18;0.155;0.08;0.11;0.81;0.3258426966292135;0.43718592964824116;0.4719101123595506;0.40703517587939697;0.20224719101123598;0.1557788944723618;0.12;0.1;0.065;0.34;0.07;0.025;0.225;0.015;0.04;87;0.5402298850574713;0.235;502.0;0.055776892430278883;0.029880478087649404;0.0856573705179283;0.03647158608990671;0.09174302;-0.08711048158640226;0.10548885077186965;5.4178458556782765;-0.099644128113879;0.19058823529411764;8.800668079912635;0.14633664855515238;0.3848439821693908;0.3317236255572065;0.12927191679049035;0.15416047548291234;0.5390044576523031;3.383851580872746;2.916775542200157;1.136660569636791;1.3555003919519204;4.739351972824666;5384.0;-0.1095617529880478;0.2350597609561753;0.4257845631891433;0.4701195219123506;0.5847457627118644
Financials-05;2018;Germany;Financials;-0.1162;4.977528;0.0035893104904385;0.0051752088789125;-0.52605056146843;-0.8722625566210163;-0.1729615056337312;-0.0671282012817041;0.3462;0.3991;200;377;0.08059701492537313;0.07878082617005305;0.1208955223880597;0.04029850746268657;-0.07076923076923076;-0.03205128205128205;0.04;0.05;0.09090909090909091;-0.026143790849673203;0.09538950715421304;0.045936395759717315;13;0.05128205128205128;0.1;33;0.2857142857142857;0.5121951219512195;65;0.06132075471698113;-0.10344827586206896;89;0.016666666666666666;-0.4264705882352941;34;0.08333333333333333;-0.3220338983050847;25;0.13793103448275862;0.5;76;0.03488372093023256;-0.30434782608695654;65;0.11059907834101383;0.01098901098901099;0.065;0.225;0.17;0.165;0.2;0.125;0.325;0.22;0.38;0.445;0.455;0.11711711711711711;0.3488372093023256;0.29729729729729726;0.31007751937984496;0.5855855855855856;0.34108527131782945;0.06;0.0;0.005;0.095;0.02;0.02;0.62;0.05;0.13;45;0.3111111111111111;0.07;78.0;0.05128205128205128;0.01282051282051282;0.0641025641025641;0.013262599469496022;0.06934065;-0.12695652173913044;-0.0922242314647378;0.7396698382812763;0.05555555555555555;0.11764705882352941;0.8572653236176596;0.07273350791869311;0.1963882618510158;0.17832957110609482;0.4853273137697517;0.1399548532731377;0.3363431151241535;0.9775280898876404;0.8876404494382022;2.415730337078652;0.6966292134831461;1.6741573033707864;886.0;-0.1153846153846153;0.282051282051282;0.2068965517241379;0.4230769230769231;0.4848484848484848
Financials-05;2019;Germany;Financials;-0.0982;4.963504;0.0031938877755511;0.0051995866167161;-0.4178665271960081;-0.8797292226923482;-0.3292625260015022;-0.0494149970110759;0.4617;0.6016;200;355;0.06379821958456973;0.06095542115344492;0.09792284866468842;0.03412462908011869;-0.17045454545454544;-0.1436950146627566;0.02;0.045;0.06382978723404255;-0.14705882352941177;0.07716535433070866;-0.037800687285223365;15;0.25;0.5151515151515151;31;0.15463917525773196;0.3150684931506849;63;0.06018518518518518;-0.13953488372093023;91;0.0;-0.55;34;0.1;0.16666666666666666;22;0.08108108108108109;0.25;70;0.02032520325203252;-0.4745762711864407;74;0.08482142857142858;-0.21311475409836064;0.075;0.195;0.17;0.155;0.21;0.11;0.315;0.24;0.35;0.455;0.45;0.13761467889908258;0.3023255813953488;0.28440366972477066;0.3255813953488372;0.5779816513761469;0.37209302325581395;0.07;0.0;0.0;0.095;0.045;0.025;0.6;0.045;0.12;39;0.41025641025641024;0.08;67.0;0.04477611940298507;0.1044776119402985;0.14925373134328357;0.028169014084507043;0.1431926;-0.11073253833049404;-0.06451612903225806;1.0241197867005687;0.11764705882352941;0.1875;0.7555723460521344;0.08548637126986178;0.1988235294117647;0.1635294117647059;0.49411764705882355;0.14352941176470588;0.3423529411764706;0.9868613138686132;0.8116788321167884;2.452554744525547;0.7124087591240876;1.6992700729927008;850.0;-0.0895522388059701;0.3134328358208955;0.1887323943661971;0.4626865671641791;0.4193548387096774
Financials-05;2020;Germany;Financials;-0.1068;4.837393;0.0024927942665731;0.0050803276944355;-0.4695544546817208;-0.9468733131745032;-0.6063878066208961;-0.136070193176941;0.4771;0.7122;200;330;0.07505285412262157;0.07438577405998117;0.12367864693446089;0.048625792811839326;-0.2;-0.1447084233261339;0.055;0.115;0.08295964125560538;-0.20175438596491227;0.10429447852760736;-0.037037037037037035;17;0.1267605633802817;0.1724137931034483;34;0.29120879120879123;0.39285714285714285;69;0.05341246290801187;-0.264;80;-0.025280898876404494;-0.5021834061135371;35;0.15894039735099338;-0.12195121951219512;23;0.09701492537313433;0.3448275862068966;73;0.023054755043227664;-0.47096774193548385;69;0.08280254777070063;-0.18;0.085;0.19;0.175;0.17;0.125;0.115;0.345;0.19;0.365;0.4;0.36;0.1416666666666667;0.37623762376237624;0.2833333333333334;0.24752475247524752;0.575;0.37623762376237624;0.095;0.005;0.0;0.11;0.04;0.02;0.57;0.04;0.12;38;0.5526315789473685;0.105;74.0;0.06756756756756757;0.12162162162162163;0.1891891891891892;0.04242424242424243;0.19356291;-0.1342534504391468;-0.08366533864541832;1.2287070650656242;0.5;0.5428571428571428;0.5599104143337066;0.04750505372912012;0.25918570009930486;0.1727904667328699;0.4160873882820258;0.1519364448857994;0.41112214498510424;1.2537829658452226;0.8358553105634818;2.012778017966085;0.7349762213575443;1.988759187202767;1007.0;-0.1216216216216216;0.2432432432432432;0.2242424242424242;0.5;0.5405405405405406
Financials-05;2021;Germany;Financials;-0.0637;6.246687;0.0023798303487276;0.0055195352985128;-0.2105137948405328;-0.1965361986328864;-0.651039706876624;0.1830641773257919;-0.0142;0.4029;200;488;0.06329113924050633;0.05920536910431295;0.11708860759493671;0.05379746835443038;-0.2403560830860534;-0.1949685534591195;0.045;0.08;0.06867671691792294;-0.2356687898089172;0.06797853309481217;-0.12550607287449392;21;0.09230769230769231;-0.28888888888888886;25;0.2916666666666667;0.391304347826087;76;0.032520325203252036;-0.375;78;-0.008888888888888889;-0.45454545454545453;47;0.16901408450704225;-0.1111111111111111;13;0.15517241379310345;0.42857142857142855;80;0.0;-0.47368421052631576;60;0.041176470588235294;-0.3504273504273504;0.105;0.25;0.235;0.125;0.185;0.065;0.38;0.22;0.4;0.39;0.465;0.1721311475409836;0.38167938931297707;0.20491803278688525;0.282442748091603;0.6229508196721312;0.33587786259541985;0.11;0.01;0.0;0.065;0.025;0.02;0.615;0.05;0.105;50;0.4;0.1;124.0;0.04838709677419355;0.056451612903225805;0.10483870967741934;0.026639344262295077;0.11065503;-0.08074534161490683;-0.023746701846965697;1.242925900460147;0.1724137931034483;0.21428571428571427;0.5442176870748299;0.08857769529272819;0.24186704384724186;0.1478076379066478;0.4045261669024045;0.2057991513437058;0.4476661951909477;1.510867644460152;0.9233080049478708;2.5269482240678567;1.2855628202862697;2.7964304647464218;1414.0;-0.0564516129032258;0.2096774193548387;0.2540983606557377;0.4112903225806452;0.5882352941176471
Financials-05;2022;Germany;Financials;-0.0261;5.982756;0.0021599489125126;0.0050112320718852;0.015470632306304;-0.3370584920493652;-0.7379535121447588;-0.1862760361595922;0.3524;0.6283;200;590;0.07740916271721959;0.08148896637686057;0.12796208530805686;0.05055292259083728;-0.058823529411764705;-0.01466275659824047;0.03;0.06;0.08306188925081433;-0.04046242774566474;0.09259259259259259;0.08305647840531562;31;0.056179775280898875;0.12195121951219512;30;0.28125;0.42857142857142855;60;0.10144927536231885;-0.0392156862745098;79;-0.016597510373443983;-0.32450331125827814;61;0.1218274111675127;0.08333333333333333;19;0.19444444444444445;0.2;70;0.06976744186046512;-0.17355371900826447;50;-0.026845637583892617;-0.18604651162790697;0.155;0.3;0.305;0.15;0.15;0.095;0.3;0.175;0.35;0.395;0.45;0.256198347107438;0.48;0.24793388429752067;0.24;0.49586776859504134;0.27999999999999997;0.145;0.005;0.0;0.07;0.03;0.02;0.595;0.05;0.085;60;0.5166666666666667;0.155;162.0;0.06790123456790123;0.09259259259259259;0.16049382716049382;0.04406779661016949;0.16259493;-0.03880070546737213;0.0073937153419593345;1.0721649484536082;0.24528301886792453;0.3469387755102041;1.1163829193413342;0.0687940402818578;0.2511764705882353;0.15176470588235294;0.3788235294117647;0.21823529411764706;0.46941176470588236;1.5027274326939997;0.9079711420024636;2.266408587013901;1.3056484251275735;2.808375857821573;1700.0;-0.0493827160493827;0.2530864197530864;0.2745762711864407;0.4938271604938271;0.575
Financials-05;2023;Germany;Financials;-0.0611;7.022815;0.0028144620047629;0.0059370025313812;-0.194887212112294;0.2166903133901237;-0.4792403418811422;0.4864016909075144;-0.4116;0.0712;200;642;0.1054897739504844;0.10747829474212023;0.16361679224973089;0.0581270182992465;-0.04693140794223827;0.007633587786259542;0.04;0.085;0.11551528878822197;-0.026615969581749048;0.13161131611316113;0.07692307692307693;39;0.08173076923076923;-0.11594202898550725;53;0.27983539094650206;0.34911242603550297;49;0.09583333333333334;0.1111111111111111;59;-0.04201680672268908;-0.5031847133757962;75;0.06824146981627296;-0.16417910447761194;27;0.1865671641791045;0.14942528735632185;50;0.07480314960629922;0.02127659574468085;48;0.175;0.02857142857142857;0.195;0.39;0.375;0.265;0.235;0.135;0.245;0.155;0.25;0.295;0.615;0.276595744680851;0.5;0.375886524822695;0.30128205128205127;0.34751773049645385;0.1987179487179487;0.23;0.0;0.0;0.175;0.01;0.025;0.445;0.025;0.09;78;0.3974358974358974;0.155;248.0;0.13306451612903225;0.07661290322580645;0.2096774193548387;0.08099688473520249;0.20925283;-0.05324074074074074;0.0036809815950920245;1.3527877089573872;-0.25;-0.19402985074626866;1.1918951132300357;0.054737858503614394;0.39739304812834225;0.15842245989304812;0.2376336898395722;0.20655080213903743;0.6039438502673797;2.7908177635902733;1.1125715895221104;1.668857384283166;1.4505680217819923;4.241385785372266;2992.0;-0.1774193548387097;0.282258064516129;0.3862928348909657;0.4879032258064516;0.5289256198347108
Financials-05;2024;Germany;Financials;-0.1824;8.849296;0.002043965786147;0.005456257461369;-0.9239273986258928;1.1891463681984802;-0.7837988323903571;0.1370856183568568;-2.1129;-1.6525;200;1101;0.06243032329988852;0.06378469392740341;0.11594202898550725;0.05351170568561873;-0.2112676056338028;-0.12304250559284116;0.065;0.13;0.0671462829736211;-0.2017738359201774;0.08900523560209424;-0.021406727828746176;57;0.052;-0.20353982300884957;58;0.0898876404494382;0.15555555555555556;31;0.0975609756097561;-0.3888888888888889;54;0.013888888888888888;-0.4326241134751773;106;0.0368763557483731;-0.19148936170212766;21;0.03225806451612903;-0.125;36;0.07960199004975124;-0.3983739837398374;37;0.14084507042253522;-0.054945054945054944;0.285;0.565;0.53;0.29;0.205;0.105;0.155;0.15;0.18;0.27;0.74;0.39041095890410954;0.6141304347826086;0.3972602739726027;0.22282608695652173;0.2123287671232877;0.16304347826086957;0.29;0.05;0.025;0.12;0.035;0.02;0.36;0.045;0.055;113;0.35398230088495575;0.2;605.0;0.12396694214876033;0.03966942148760331;0.16363636363636364;0.08991825613079019;0.160379;-0.17750299162345431;-0.07325842696629213;2.6236219007303347;-0.22433460076045628;0.06806282722513089;6.282174330337667;0.09635464832781263;0.49183333333333334;0.11583333333333333;0.16066666666666668;0.23166666666666666;0.7235;4.352378985870623;1.0250435090410313;1.421786967936049;2.0500870180820625;6.402466003952686;6000.0;-0.1421487603305785;0.2743801652892562;0.5495004541326067;0.3636363636363636;0.5727272727272728
Basic Materials-01;2020;Germany;Basic Materials;0.2178;6.676888;0.0033733923676997;0.0033465576336598;1.481364296697621;0.0325116629296536;-0.2583087090931277;-1.3958516992475365;1.4487;0.8799;200;872;0.2062146892655367;0.20482999726203877;0.2556497175141243;0.04943502824858757;0.14960629921259844;0.24786324786324787;0.07;0.09;0.21517027863777088;0.2260061919504644;0.22186495176848875;0.3356643356643357;59;0.242914979757085;0.3793103448275862;49;0.27419354838709675;0.18095238095238095;26;0.06060606060606061;0.3333333333333333;66;0.14832535885167464;-0.11278195488721804;78;0.279874213836478;0.4675324675324675;26;0.24175824175824176;0.07692307692307693;21;0.05263157894736842;-0.17647058823529413;75;0.1322314049586777;-0.09219858156028368;0.295;0.425;0.39;0.245;0.22;0.13;0.13;0.125;0.105;0.33;0.615;0.4402985074626865;0.551948051948052;0.3656716417910447;0.2857142857142857;0.19402985074626866;0.16233766233766234;0.135;0.08;0.1;0.215;0.06;0.02;0.195;0.015;0.18;85;0.6470588235294118;0.275;430.0;0.027906976744186046;0.018604651162790697;0.046511627906976744;0.022935779816513763;0.051159225;0.22159447583176398;0.29388297872340424;1.3704958423159839;0.18840579710144928;0.33695652173913043;2.509273401701942;0.1236876906053491;0.5382131324004306;0.16576964477933262;0.12952996053103696;0.16648726228919986;0.7047003946896304;3.593589037157711;1.106825423444575;0.8648570949426223;1.1116168754941185;4.705205912651829;2787.0;0.3325581395348837;0.3906976744186046;0.4931192660550458;0.6139534883720931;0.5075757575757576
Basic Materials-01;2021;Germany;Basic Materials;0.2595;7.057099;0.0038297057509414;0.0032295030732367;1.731990642762065;0.2349438202062636;-0.077939082557012;-1.480905175344745;1.4968;0.7953;200;895;0.19726027397260273;0.19439120357983733;0.2328767123287671;0.03561643835616438;0.2961876832844575;0.3393939393939394;0.025;0.045;0.2019774011299435;0.3069908814589666;0.21052631578947367;0.3953488372093023;74;0.2724014336917563;0.6103896103896104;50;0.1686046511627907;0.11392405063291139;24;0.05128205128205128;0.21739130434782608;52;0.17412935323383086;-0.08235294117647059;95;0.21179624664879357;0.6132596685082873;33;0.32432432432432434;0.15384615384615385;16;0.14754098360655737;-0.2903225806451613;56;0.10810810810810811;-0.11688311688311688;0.37;0.525;0.475;0.25;0.205;0.165;0.12;0.075;0.08;0.26;0.675;0.5;0.6521739130434784;0.33783783783783783;0.2546583850931677;0.16216216216216217;0.09316770186335405;0.235;0.075;0.07;0.165;0.055;0.055;0.145;0.035;0.165;105;0.6666666666666666;0.35;508.0;0.047244094488188976;0.03543307086614173;0.0826771653543307;0.04692737430167597;0.08285388;0.26718469814704127;0.3341724354940214;1.2336432127593955;0.1864406779661017;0.2727272727272727;1.3791518216296978;0.11330607354932805;0.5789647213979559;0.15759973623475107;0.10583580613254204;0.15759973623475107;0.7365644576327068;4.085811345339476;1.1121969379682628;0.7468937595979338;1.1121969379682628;5.198008283307739;3033.0;0.358267716535433;0.4015748031496063;0.5675977653631284;0.6437007874015748;0.4923547400611621
Basic Materials-01;2022;Germany;Basic Materials;0.1821;7.586207;0.00364387071099;0.0033098725508845;1.266799295390651;0.5166518030692332;-0.1513951721313228;-1.4225075920182235;0.7502;0.1147;200;909;0.17590027700831026;0.1782161046923693;0.23268698060941828;0.05678670360110803;0.206266318537859;0.2727272727272727;0.055;0.07;0.1783625730994152;0.23782234957020057;0.18413173652694612;0.2732732732732733;80;0.23202614379084968;0.45806451612903226;44;0.2346368715083799;0.3333333333333333;25;0.0379746835443038;-0.4222222222222222;51;0.06962025316455696;-0.044444444444444446;96;0.22615803814713897;0.46875;23;0.2857142857142857;0.1111111111111111;15;-0.02;-0.696969696969697;66;0.09502262443438914;0.057692307692307696;0.4;0.565;0.48;0.22;0.225;0.115;0.125;0.16;0.075;0.255;0.725;0.5369127516778524;0.5947368421052631;0.2953020134228188;0.2368421052631579;0.16778523489932887;0.16842105263157897;0.22;0.09;0.075;0.18;0.045;0.025;0.18;0.025;0.16;113;0.672566371681416;0.38;547.0;0.02376599634369287;0.027422303473491772;0.051188299817184646;0.030803080308030802;0.057006933;0.17396593673965938;0.24838292367399742;1.4309493911164326;0.25654450261780104;0.36363636363636365;1.446619731893143;0.1314945152495086;0.5475273911755997;0.1578323956174119;0.12289013917678412;0.1717500740302043;0.7192774652058039;4.153656070987307;1.1973492081320904;0.932270021341121;1.3029315960912051;5.456587667078512;3377.0;0.2870201096892139;0.3912248628884826;0.6017601760176018;0.5776965265082267;0.5063291139240507
Basic Materials-01;2023;Germany;Basic Materials;0.1487;7.769234;0.0033622194987039;0.003449925993523;1.0660578095740458;0.6140991427039784;-0.2627250735525739;-1.3207428073508884;0.452;-0.077;200;1010;0.12750716332378223;0.13385549725639104;0.18624641833810887;0.05873925501432665;0.03954802259887006;0.12883435582822086;0.07;0.1;0.1271585557299843;0.09210526315789473;0.14023372287145242;0.21235521235521235;77;0.21498371335504887;0.26153846153846155;52;0.12804878048780488;0.027522935779816515;25;0.07228915662650602;-0.07142857142857142;46;-0.027777777777777776;-0.2413793103448276;98;0.18733509234828497;0.21951219512195122;25;0.024390243902439025;-0.18181818181818182;23;0.03896103896103896;-0.3333333333333333;54;0.08125;0.009900990099009901;0.385;0.545;0.49;0.26;0.175;0.125;0.125;0.175;0.115;0.23;0.705;0.5;0.6089385474860336;0.33766233766233766;0.19553072625698323;0.16233766233766234;0.19553072625698323;0.26;0.055;0.05;0.16;0.075;0.035;0.185;0.03;0.15;109;0.5229357798165137;0.285;587.0;0.05281090289608177;0.020442930153321975;0.07325383304940375;0.04257425742574258;0.07927296;0.14164456233421752;0.21926345609065157;1.5258245810340005;0.2112676056338028;0.2964824120603015;1.2487735260012487;0.1247649042367317;0.5494871794871795;0.14666666666666667;0.1264102564102564;0.17743589743589744;0.7269230769230769;4.269094386230528;1.1394876289892026;0.9821108410693652;1.3785409777281965;5.647635363958725;3900.0;0.2197614991482112;0.3696763202725724;0.5811881188118811;0.5434412265758092;0.5172413793103449
Basic Materials-01;2024;Germany;Basic Materials;-0.0168;8.696618;0.0021629125069608;0.0039495508514936;0.0713657166803887;1.1078574604375837;-0.7367820750503069;-0.9577084175640094;-1.0367;-1.1472;200;1250;0.09673202614379085;0.09971726361443015;0.15816993464052287;0.06143790849673202;0.033419023136246784;0.14857142857142858;0.105;0.125;0.11194029850746269;0.14285714285714285;0.10923076923076923;0.2145214521452145;91;0.1008174386920981;0.16853932584269662;37;0.184;0.13580246913580246;24;0.05555555555555555;-0.14285714285714285;48;0.04918032786885246;-0.24210526315789474;120;0.10020449897750511;0.2818181818181818;22;0.06976744186046512;-0.1794871794871795;18;0.037037037037037035;-0.12;40;0.125;-0.37142857142857144;0.455;0.67;0.6;0.185;0.165;0.11;0.12;0.125;0.09;0.24;0.805;0.5986842105263158;0.6979166666666666;0.24342105263157895;0.171875;0.15789473684210525;0.13020833333333331;0.28;0.12;0.065;0.13;0.045;0.01;0.19;0.02;0.14;134;0.5149253731343284;0.345;800.0;0.0525;0.02125;0.07375;0.0472;0.07351633;0.01770657672849916;0.1695736434108527;2.8761661079309344;-0.28903654485049834;-0.01834862385321101;5.646642628750255;0.12069531801684923;0.5154095011067598;0.15545717691128894;0.10080027243316873;0.22833304954878256;0.7437425506555423;4.482319492981105;1.351951667357697;0.8766214535331398;1.98572528579044;6.468044778771545;5873.0;0.0625;0.30875;0.64;0.48375;0.5891472868217055
Basic Materials-01;2019;Germany;Basic Materials;0.18;5.735952;0.0051831585347317;0.0032921939117816;1.254177824725535;-0.4684620183663219;0.457048016467447;-1.4353531377443405;1.7229;0.7767;200;771;0.20588235294117646;0.2088677969967284;0.2535014005602241;0.047619047619047616;0.24776119402985075;0.30218068535825543;0.055;0.06;0.20121028744326777;0.30293159609120524;0.20520673813169985;0.31561461794019935;51;0.23118279569892472;0.5211267605633803;53;0.2978723404255319;0.373134328358209;30;0.06976744186046512;0.08333333333333333;66;0.13526570048309178;-0.05660377358490566;73;0.30859375;0.6229508196721312;37;0.1736111111111111;-0.03125;24;0.028985507246376812;-0.26666666666666666;66;0.1673469387755102;0.14285714285714285;0.255;0.415;0.365;0.265;0.22;0.185;0.15;0.155;0.12;0.33;0.595;0.3805970149253731;0.5253164556962024;0.39552238805970147;0.27848101265822783;0.22388059701492535;0.1962025316455696;0.15;0.055;0.02;0.155;0.065;0.05;0.26;0.03;0.215;83;0.6024096385542169;0.25;344.0;0.0377906976744186;0.00872093023255814;0.046511627906976744;0.020752269779507133;0.047445;0.2072892938496583;0.2619047619047619;1.0094927741569848;-0.03614457831325301;0.059602649006622516;1.9666972597351513;0.11900266808132187;0.4886198547215496;0.1907990314769976;0.14915254237288136;0.17142857142857143;0.660048426150121;2.8026999250020834;1.094414044054332;0.8555317907835893;0.9833060192772424;3.7860059442793257;2065.0;0.3313953488372093;0.438953488372093;0.4461738002594034;0.5436046511627907;0.4598930481283422
Basic Materials-01;2018;Germany;Basic Materials;0.1313;5.550005;0.0048465266558966;0.0035425682662479;0.9614799097773712;-0.5674640260649785;0.3239855894259872;-1.253427639959567;1.5288;0.7401;200;630;0.14540059347181009;0.15393516925392944;0.18694362017804153;0.04154302670623145;0.23249299719887956;0.282798833819242;0.025;0.06;0.1445966514459665;0.2573099415204678;0.1594896331738437;0.3546325878594249;47;0.1989247311827957;0.6344086021505376;53;0.24873096446700507;0.2857142857142857;40;0.018518518518518517;-0.15;60;0.0546448087431694;-0.061224489795918366;71;0.18478260869565216;0.56;21;0.12121212121212122;0.15789473684210525;31;0.022222222222222223;-0.3333333333333333;77;0.15289256198347106;0.029411764705882353;0.235;0.42;0.355;0.265;0.17;0.105;0.2;0.16;0.155;0.3;0.62;0.33571428571428574;0.5599999999999999;0.3785714285714286;0.22666666666666668;0.28571428571428575;0.21333333333333335;0.175;0.045;0.035;0.17;0.05;0.025;0.285;0.025;0.19;84;0.6190476190476191;0.26;263.0;0.0076045627376425855;0.011406844106463879;0.019011406844106463;0.007936507936507936;0.026798561;0.15952597994530537;0.2254335260115607;1.3171700935414015;-0.0948905109489051;-0.015873015873015872;1.4806838067034596;0.14225805216192408;0.43575418994413406;0.1973929236499069;0.18311607697082558;0.18373680943513346;0.6194909993792675;2.418438005994419;1.095531746305164;1.0162951734591932;1.0197402418438006;3.4381782478382195;1611.0;0.2775665399239543;0.4562737642585551;0.4174603174603175;0.5513307984790875;0.4827586206896552
Health Care-01;2018;Germany;Health Care;-0.0554;5.132703;0.0027353835928113;0.0051101043093456;-0.1606289345926937;-0.7896441946972478;-0.5104981225086913;-0.1144340895056336;0.6291;0.8272;200;454;0.0046875;0.01453700065612793;0.08125;0.0765625;-0.3333333333333333;-0.25595238095238093;0.065;0.11;-0.0017006802721088435;-0.3395061728395062;0.016544117647058824;-0.14893617021276595;38;0.008064516129032258;-0.2676056338028169;60;0.10256410256410256;0.10588235294117647;44;0.0;-0.36363636363636365;58;-0.09424083769633508;-0.5947712418300654;57;0.022857142857142857;0.03225806451612903;26;0.05555555555555555;0.0;38;-0.047244094488188976;-0.6052631578947368;79;0.0;-0.5189873417721519;0.19;0.37;0.285;0.3;0.185;0.13;0.22;0.165;0.19;0.29;0.58;0.26760563380281693;0.513888888888889;0.4225352112676056;0.2569444444444445;0.3098591549295775;0.22916666666666669;0.09;0.04;0.04;0.175;0.045;0.06;0.315;0.07;0.165;74;0.43243243243243246;0.16;167.0;0.005988023952095809;0.0;0.005988023952095809;0.0022026431718061676;0.0072709117;-0.06493506493506493;0.019305019305019305;2.0383797792725895;0.01818181818181818;0.14285714285714285;3.3121722329561134;0.095432515014224;0.3642086330935252;0.2643884892086331;0.20863309352517986;0.16276978417266186;0.5269784172661871;1.869374567274405;1.35702746365105;1.0708516039695362;0.8354488806831295;2.7048234479575344;1112.0;-0.059880239520958;0.2694610778443114;0.36784140969163;0.3772455089820359;0.6825396825396826
Health Care-01;2019;Germany;Health Care;-0.0537;4.047093;0.002658690594882;0.0067470374683197;-0.1504115535780761;-1.3676452895131803;-0.540813006758128;1.0749843731863644;1.2173;2.0252;200;333;0.09928057553956834;0.10204731234543615;0.17985611510791366;0.08057553956834532;-0.14807302231237324;-0.10638297872340426;0.03;0.085;0.09911242603550297;-0.1350210970464135;0.1288244766505636;-0.042821158690176324;32;0.16666666666666666;-0.07462686567164178;63;0.23333333333333334;0.4918032786885246;35;0.03508771929824561;-0.32;70;-0.0037174721189591076;-0.4409448818897638;41;0.19047619047619047;0.2087912087912088;33;0.18803418803418803;0.189873417721519;30;-0.056074766355140186;-0.4482758620689655;96;0.07716049382716049;-0.30566037735849055;0.16;0.325;0.205;0.315;0.2;0.165;0.175;0.15;0.15;0.35;0.54;0.2461538461538462;0.48148148148148145;0.48461538461538467;0.2962962962962963;0.2692307692307693;0.2222222222222222;0.06;0.05;0.045;0.145;0.08;0.08;0.33;0.05;0.16;65;0.49230769230769234;0.16;123.0;0.008130081300813009;0.016260162601626018;0.024390243902439025;0.009009009009009009;0.028039237;-0.0630407911001236;-0.011734028683181226;1.5703869882220978;0.03529411764705882;0.15789473684210525;3.6689767631471666;0.0840126036029865;0.3090909090909091;0.25303030303030305;0.2696969696969697;0.16818181818181818;0.4772727272727273;1.2509197939661516;1.024037282315428;1.0914888398332103;0.6806475349521707;1.9315673289183222;660.0;-0.073170731707317;0.1951219512195122;0.3693693693693693;0.3821138211382114;0.723404255319149
Health Care-01;2020;Germany;Health Care;-0.0534;4.373269;0.0029756844074137;0.0071934031229896;-0.1486084863402025;-1.1939824777274737;-0.4155130316085622;1.3993198830789808;1.0454;1.9528;200;400;0.07153502235469449;0.07804509033566971;0.15797317436661698;0.08643815201192251;-0.11336032388663968;-0.06808510638297872;0.045;0.09;0.0685805422647528;-0.11688311688311688;0.11304347826086956;0.00510204081632653;24;0.22666666666666666;0.17647058823529413;56;0.2712765957446808;0.38028169014084506;58;0.03664921465968586;0.20987654320987653;62;-0.12442396313364056;-0.6181818181818182;49;0.11038961038961038;0.16666666666666666;33;0.15702479338842976;0.24050632911392406;37;-0.03731343283582089;-0.32558139534883723;81;0.0648854961832061;-0.32057416267942584;0.12;0.33;0.245;0.28;0.215;0.165;0.29;0.16;0.185;0.31;0.57;0.17391304347826086;0.4680851063829787;0.40579710144927544;0.30496453900709214;0.42028985507246375;0.22695035460992907;0.065;0.035;0.02;0.11;0.09;0.07;0.455;0.055;0.1;66;0.45454545454545453;0.15;134.0;0.06716417910447761;0.022388059701492536;0.08955223880597014;0.03;0.09136949;-0.06150341685649203;-0.00842358604091456;1.497196738022426;0.03896103896103896;0.0958904109589041;1.4255167498218104;0.08205158196385753;0.3118279569892473;0.22580645161290322;0.2640382317801673;0.1983273596176822;0.5101553166069295;1.3637076127279375;0.9875124092167824;1.1547102774439626;0.8673389414284968;2.231046554156434;837.0;-0.0149253731343283;0.2313432835820895;0.335;0.4477611940298507;0.6833333333333333
Health Care-01;2021;Germany;Health Care;-0.0553;4.651601;0.0031378351488558;0.0073826913982449;-0.1600279121800692;-1.0457927956848352;-0.3514187715000874;1.5368593837760718;0.8858;1.8299;200;438;0.06997084548104957;0.07262520748394223;0.141399416909621;0.07142857142857142;-0.08016877637130802;-0.02242152466367713;0.05;0.1;0.07264296754250386;-0.06306306306306306;0.09395973154362416;0.023872679045092837;24;0.06578947368421052;0.3157894736842105;58;0.2538860103626943;0.3333333333333333;53;0.0;-0.12962962962962962;65;-0.02727272727272727;-0.49714285714285716;55;0.10989010989010989;0.3445378151260504;28;0.10619469026548672;0.012048192771084338;38;-0.02158273381294964;-0.45;79;0.07539682539682539;-0.22916666666666666;0.12;0.355;0.275;0.29;0.215;0.14;0.265;0.18;0.19;0.325;0.58;0.17777777777777776;0.47333333333333333;0.4296296296296296;0.2866666666666667;0.3925925925925926;0.24;0.085;0.015;0.015;0.17;0.09;0.05;0.4;0.06;0.115;71;0.4647887323943662;0.165;150.0;0.06666666666666667;0.02666666666666667;0.09333333333333334;0.0319634703196347;0.08935136;-0.08582834331337326;-0.03882476390346275;1.39089954299015;0.4153846153846154;0.4603174603174603;0.7059654076950229;0.0744311912143345;0.2965587044534413;0.21356275303643724;0.23785425101214575;0.2520242914979757;0.548582995951417;1.3794726930320151;0.9934086629001884;1.106403013182674;1.172316384180791;2.5517890772128062;988.0;0.0466666666666666;0.2533333333333333;0.3424657534246575;0.4733333333333333;0.676056338028169
Health Care-01;2022;Germany;Health Care;-0.0361;4.982804;0.003086022888003;0.0067935383934498;-0.0446316089561525;-0.8694535056945799;-0.3718989031009014;1.1087725939080346;0.8246;1.5649;200;526;0.11635220125786164;0.11867652749115566;0.1871069182389937;0.07075471698113207;-0.012345679012345678;0.05263157894736842;0.045;0.08;0.11912751677852348;0.026737967914438502;0.13854351687388988;0.12422360248447205;28;0.28378378378378377;0.20754716981132076;55;0.25142857142857145;0.2631578947368421;56;0.029585798816568046;-0.05555555555555555;61;0.01834862385321101;-0.3197278911564626;58;0.16580310880829016;0.09090909090909091;26;0.16842105263157894;0.1111111111111111;38;0.018691588785046728;-0.3333333333333333;78;0.0995850622406639;-0.018867924528301886;0.14;0.325;0.29;0.275;0.215;0.13;0.28;0.19;0.19;0.305;0.555;0.2014388489208633;0.4452054794520548;0.39568345323741005;0.2945205479452055;0.4028776978417266;0.2602739726027397;0.095;0.035;0.03;0.13;0.05;0.06;0.415;0.04;0.145;65;0.5076923076923077;0.165;196.0;0.05102040816326531;0.015306122448979591;0.0663265306122449;0.024714828897338403;0.07001441;-0.05692438402718777;-0.007155635062611807;1.410100141010014;0.3235294117647059;0.36363636363636365;0.5971931919976112;0.07410931622040275;0.33019607843137255;0.17411764705882352;0.21568627450980393;0.28;0.6101960784313726;1.6453024855400968;0.8675941847741129;1.0747225261841489;1.395185243082695;3.040487728622792;1275.0;0.1122448979591836;0.3316326530612244;0.3726235741444867;0.4438775510204081;0.5977011494252874
Health Care-01;2023;Germany;Health Care;-0.1287;5.528807;0.0030641229227706;0.0069972057363231;-0.6011783630465009;-0.5787502773042893;-0.3805554288465647;1.2567601256730336;-0.0224;0.7963;200;488;0.05522388059701493;0.05567065566333372;0.1373134328358209;0.08208955223880597;-0.14761904761904762;-0.09367088607594937;0.03;0.09;0.06055900621118013;-0.1308641975308642;0.11652173913043479;0.04516129032258064;41;0.23275862068965517;0.06666666666666667;64;0.1509433962264151;0.18248175182481752;41;-0.007692307692307693;-0.19148936170212766;54;-0.09905660377358491;-0.515527950310559;66;0.10891089108910891;0.034482758620689655;35;0.034013605442176874;-0.2826086956521739;28;0.011904761904761904;-0.4838709677419355;71;0.0379746835443038;-0.13812154696132597;0.205;0.415;0.33;0.32;0.2;0.175;0.205;0.17;0.14;0.27;0.645;0.2808219178082192;0.5286624203821656;0.4383561643835617;0.25477707006369427;0.2808219178082192;0.21656050955414013;0.145;0.015;0.05;0.17;0.055;0.07;0.33;0.04;0.125;83;0.4578313253012048;0.19;188.0;0.07446808510638298;0.031914893617021274;0.10638297872340424;0.04098360655737704;0.10899771;-0.14604651162790697;-0.08928571428571429;1.6846869499622832;0.13157894736842105;0.1780821917808219;0.8491367110104727;0.08158788074729234;0.38671586715867157;0.15424354243542435;0.1970479704797048;0.26199261992619927;0.6487084870848708;2.13807736249388;0.8527827648114902;1.089440182797454;1.4485066100865025;3.5865839725803825;1355.0;0.0053191489361702;0.3670212765957447;0.3852459016393442;0.4521276595744681;0.5058823529411764
Health Care-01;2024;Germany;Health Care;-0.0731;8.286886;0.0022313362723133;0.0053200856404029;-0.267009901627242;0.8897077155189465;-0.7097358181223404;0.0381412741315246;-1.1567;-0.7827;200;1180;0.06416275430359937;0.062234427820722076;0.14397496087636932;0.07981220657276995;-0.18214285714285713;-0.017167381974248927;0.145;0.225;0.07513416815742398;-0.11403508771929824;0.10810810810810811;0.1935483870967742;71;0.03508771929824561;-0.08982035928143713;65;0.13592233009708737;0.04864864864864865;36;0.05128205128205128;-0.3592233009708738;28;-0.011363636363636364;-0.5619047619047619;83;0.1;0.10697674418604651;30;-0.027777777777777776;-0.5495495495495496;29;0.02127659574468085;-0.5068493150684932;58;0.08917197452229299;-0.16770186335403728;0.355;0.555;0.415;0.325;0.315;0.15;0.18;0.2;0.145;0.14;0.77;0.4127906976744186;0.5186915887850467;0.3779069767441861;0.29439252336448596;0.20930232558139536;0.18691588785046728;0.17;0.07;0.08;0.205;0.08;0.065;0.225;0.075;0.03;111;0.40540540540540543;0.225;608.0;0.07894736842105263;0.04111842105263158;0.12006578947368421;0.06186440677966102;0.12260787;-0.07005494505494506;0.07247524752475247;3.8773281502038857;-0.10810810810810811;0.17159763313609466;6.55778272704776;0.07490754729222471;0.4958579881656805;0.19842209072978303;0.11972386587771203;0.18599605522682447;0.6818540433925049;4.1091188440855815;1.6443013353818998;0.9921380820843072;1.541328190124385;5.650447034209966;5070.0;-0.0822368421052631;0.2434210526315789;0.5152542372881356;0.3996710526315789;0.588477366255144
Consumer Discretionary-04;2018;Germany;Consumer Discretionary;0.0202;5.06338;0.0027083730688537;0.0046890137570238;0.2937440093514782;-0.8265531858597507;-0.5211747283188624;-0.4204043575346012;1.1206;1.1709;200;296;0.0729483282674772;0.07386012207773318;0.1276595744680851;0.0547112462006079;-0.0034129692832764505;0.03546099290780142;0.035;0.05;0.07874015748031496;0.03546099290780142;0.0853462157809984;0.07063197026022305;17;0.14;0.13043478260869565;36;0.18253968253968253;0.20930232558139536;80;0.03529411764705882;-0.047619047619047616;67;0.039647577092511016;-0.18;51;0.11864406779661017;0.22123893805309736;26;0.058823529411764705;0.3793103448275862;86;0.012295081967213115;-0.4666666666666667;37;0.1440677966101695;0.2608695652173913;0.085;0.275;0.255;0.18;0.14;0.13;0.4;0.235;0.43;0.335;0.57;0.12781954887218044;0.4230769230769231;0.2706766917293233;0.2153846153846154;0.6015037593984962;0.36153846153846153;0.135;0.005;0.005;0.115;0.03;0.015;0.585;0.005;0.105;55;0.3090909090909091;0.085;79.0;0.0759493670886076;0.0;0.0759493670886076;0.02027027027027027;0.08128778;0.004291845493562232;0.037694013303769404;0.6324310650139134;0.2857142857142857;0.3333333333333333;0.4791566842357451;0.08087579926370858;0.16044260027662519;0.17427385892116182;0.5214384508990318;0.14384508990318118;0.30428769017980634;0.8123818194551439;0.8824147349254149;2.640240913229218;0.7283423208908186;1.5407241403459624;723.0;0.1392405063291139;0.4683544303797468;0.2668918918918919;0.5189873417721519;0.3902439024390244
Consumer Discretionary-04;2019;Germany;Consumer Discretionary;-0.0333;5.136252;0.0030890893364636;0.0050442965537705;-0.0278029814026646;-0.7877546340949123;-0.3706868103069363;-0.1622509224901345;0.7602;0.8644;200;258;0.09077598828696926;0.08634118209995253;0.15080527086383602;0.060029282576866766;-0.03178484107579462;0.002531645569620253;0.03;0.06;0.11060606060606061;-0.002531645569620253;0.12440944881889764;0.11239193083573487;22;0.22093023255813954;0.7948717948717948;27;0.24752475247524752;0.425;62;0.05025125628140704;-0.2631578947368421;89;0.026936026936026935;-0.2717948717948718;50;0.1782178217821782;0.552;13;0.20833333333333334;0.75;96;-0.0033333333333333335;-0.5614973262032086;41;0.12781954887218044;0.13580246913580246;0.11;0.29;0.25;0.135;0.08;0.065;0.31;0.2;0.48;0.445;0.51;0.19819819819819823;0.5087719298245613;0.24324324324324328;0.14035087719298245;0.5585585585585586;0.3508771929824561;0.175;0.005;0.0;0.085;0.03;0.005;0.575;0.025;0.1;58;0.46551724137931033;0.135;76.0;0.09210526315789473;0.0;0.09210526315789473;0.027131782945736434;0.08881105;-0.025;0.0196078431372549;1.0061326178612495;-0.16129032258064516;-0.10344827586206896;0.735564545788893;0.11525581789665551;0.14456035767511177;0.10581222056631892;0.6304023845007451;0.11922503725782414;0.2637853949329359;0.7424984690753215;0.5434782608695652;3.237905695039804;0.612369871402327;1.3548683404776485;671.0;0.3157894736842105;0.4736842105263157;0.2945736434108527;0.5921052631578947;0.4222222222222222
Consumer Discretionary-04;2020;Germany;Consumer Discretionary;0.1908;7.530945;0.0027932960893854;0.0037116063904179;1.3190882452889885;0.4872291775391459;-0.4876067155009697;-1.1306021814584672;0.8319;0.5104;200;680;0.13141025641025642;0.12821201177743766;0.17147435897435898;0.04006410256410257;0.18100890207715134;0.2360248447204969;0.025;0.06;0.12871287128712872;0.19504643962848298;0.15302491103202848;0.37593984962406013;68;0.17194570135746606;0.38333333333333336;47;0.24489795918367346;0.5257731958762887;32;0.00980392156862745;-0.42857142857142855;53;0.045454545454545456;-0.23076923076923078;94;0.18770226537216828;0.4303030303030303;13;0.07142857142857142;0.058823529411764705;52;0.027586206896551724;-0.4634146341463415;41;0.1328125;0.3698630136986301;0.34;0.51;0.47;0.235;0.13;0.065;0.16;0.125;0.26;0.265;0.645;0.46258503401360546;0.6666666666666666;0.31972789115646255;0.16993464052287582;0.217687074829932;0.16339869281045752;0.345;0.025;0.035;0.105;0.05;0.03;0.34;0.01;0.06;102;0.5196078431372549;0.265;330.0;0.09393939393939393;0.024242424242424242;0.11818181818181818;0.057352941176470586;0.1203777;0.2011225444340505;0.23461538461538461;0.6035128610671773;0.08571428571428572;0.12871287128712872;0.5182018396165307;0.13840526438471606;0.47923875432525953;0.13451557093425606;0.25519031141868515;0.13105536332179932;0.6102941176470589;3.609120521172639;1.013029315960912;1.921824104234528;0.986970684039088;4.596091205211727;2312.0;0.3090909090909091;0.4818181818181818;0.4852941176470588;0.5878787878787879;0.4329896907216495
Consumer Discretionary-04;2021;Germany;Consumer Discretionary;0.1006;6.620606;0.0035261367151252;0.0054862971357922;0.7769660291016295;0.0025459684183374;-0.1979325686763834;0.1589128647391625;0.7743;0.9527;200;951;0.10215053763440861;0.10225505897221172;0.15232974910394265;0.05017921146953405;-0.08148148148148149;-0.03875968992248062;0.02;0.055;0.1111111111111111;-0.06563706563706563;0.12062256809338522;0.049773755656108594;56;0.1346153846153846;0.25;25;0.2235294117647059;0.47619047619047616;26;0.04938271604938271;-0.3333333333333333;93;0.05508474576271186;-0.35877862595419846;60;0.1694915254237288;0.18604651162790697;14;0.13636363636363635;0.15789473684210525;50;0.022388059701492536;-0.35;76;0.08866995073891626;-0.15294117647058825;0.28;0.315;0.3;0.125;0.075;0.07;0.13;0.105;0.25;0.465;0.46;0.5233644859813085;0.6363636363636364;0.2336448598130841;0.15151515151515152;0.24299065420560748;0.21212121212121213;0.245;0.02;0.02;0.08;0.015;0.02;0.4;0.035;0.165;63;0.5396825396825397;0.17;357.0;0.08123249299719888;0.04201680672268908;0.12324929971988796;0.046267087276550996;0.13908823;0.08840227088402271;0.13058129738837404;0.6865876593331144;0.1949685534591195;0.25;0.6572769953051643;0.13715742839480732;0.42328817283046505;0.10948370560234347;0.34785792749908456;0.11937019406810692;0.5426583668985719;2.8024242424242423;0.7248484848484849;2.3030303030303028;0.7903030303030303;3.5927272727272728;2731.0;0.2044817927170868;0.4985994397759103;0.3753943217665615;0.5238095238095238;0.3796791443850267
Consumer Discretionary-04;2022;Germany;Consumer Discretionary;0.1339;7.351236;0.0040920716112531;0.006104688920639;0.97710649250561;0.3915484093551052;0.0257677864023558;0.6082449599694737;0.5856;0.8768;200;917;0.10229276895943562;0.10310382607542438;0.14814814814814814;0.04585537918871252;0.23018867924528302;0.29365079365079366;0.03;0.045;0.10786106032906764;0.2874493927125506;0.10902255639097744;0.34497816593886466;42;0.09302325581395349;0.6086956521739131;38;0.17757009345794392;0.34285714285714286;29;0.047058823529411764;-0.45454545454545453;91;0.09349593495934959;0.20689655172413793;56;0.13253012048192772;0.6296296296296297;18;0.05357142857142857;-0.10344827586206896;52;0.03389830508474576;-0.5384615384615384;74;0.1277533039647577;0.29310344827586204;0.21;0.315;0.28;0.19;0.12;0.09;0.145;0.13;0.26;0.455;0.485;0.38532110091743116;0.5575221238938054;0.34862385321100914;0.21238938053097348;0.2660550458715596;0.23008849557522126;0.23;0.01;0.02;0.155;0.02;0.025;0.36;0.025;0.155;63;0.36507936507936506;0.115;365.0;0.1178082191780822;0.03287671232876712;0.1506849315068493;0.05997818974918211;0.15322675;0.11020408163265306;0.15449915110356535;0.7155362715992997;0.29608938547486036;0.3567251461988304;0.7076514816452897;0.14683725159111574;0.4592854843900869;0.09108464757000322;0.32281943997425167;0.1268104280656582;0.5860959124557451;3.376316100792618;0.6695847628061043;2.373121968531882;0.9322134153554952;4.308529516148113;3107.0;0.1643835616438356;0.4986301369863014;0.3980370774263904;0.4520547945205479;0.3696969696969697
Consumer Discretionary-04;2023;Germany;Consumer Discretionary;0.1548;7.105308;0.0035581838227924;0.005469471739313;1.1027201767441444;0.2606112834573218;-0.1852651233333982;0.146687297003021;0.8421;1.0081;200;1115;0.13893653516295026;0.14293881345981185;0.17667238421955403;0.03773584905660377;0.2897959183673469;0.3112033195020747;0.01;0.02;0.1381692573402418;0.3004115226337449;0.1413427561837456;0.341991341991342;51;0.11538461538461539;0.29411764705882354;39;0.25;0.5862068965517241;24;0.0;-0.2857142857142857;86;0.13973799126637554;0.18181818181818182;73;0.18442622950819673;0.472;16;0.14035087719298245;0.3333333333333333;50;0.00847457627118644;-0.52;61;0.16463414634146342;0.25;0.255;0.38;0.365;0.195;0.08;0.08;0.12;0.055;0.25;0.43;0.465;0.4473684210526315;0.7378640776699029;0.3421052631578947;0.1553398058252427;0.21052631578947364;0.10679611650485436;0.22;0.025;0.035;0.095;0.05;0.045;0.37;0.02;0.14;76;0.3684210526315789;0.14;431.0;0.0951276102088167;0.02320185614849188;0.11832946635730858;0.045739910313901344;0.11959422;0.17052023121387283;0.208955223880597;0.5694097550243941;0.05504587155963303;0.12195121951219512;0.7229049658010344;0.18878600823045266;0.4134181914611509;0.13630336780694777;0.3335985149827632;0.11667992574913816;0.5300981172102891;2.9374634936785182;0.9684773802121606;2.3703201251106965;0.8290467846174137;3.766510278295932;3771.0;0.1392111368909512;0.5011600928074246;0.3865470852017937;0.4477958236658932;0.3782383419689119
Consumer Discretionary-04;2024;Germany;Consumer Discretionary;-0.0402;8.197337;0.0027980639104619;0.0048209495582359;-0.0692735278737597;0.8420299859110091;-0.4857221113264298;-0.3245379643398404;-0.9116;-0.831;200;1800;0.08045977011494253;0.07895377899821364;0.11822660098522167;0.03776683087027915;-0.058823529411764705;0.01818181818181818;0.05;0.06;0.08163265306122448;-0.023696682464454975;0.0859106529209622;0.019801980198019802;62;0.15;0.4457831325301205;29;0.0970873786407767;-0.02564102564102564;29;0.024096385542168676;-0.4166666666666667;80;0.019704433497536946;-0.43478260869565216;74;0.15625;0.3137254901960784;14;0.12244897959183673;0.047619047619047616;48;0.03676470588235294;-0.6333333333333333;64;-0.011904761904761904;-0.16363636363636364;0.31;0.415;0.37;0.145;0.11;0.07;0.145;0.075;0.24;0.4;0.515;0.5166666666666667;0.6916666666666667;0.24166666666666667;0.18333333333333335;0.24166666666666667;0.125;0.205;0.06;0.045;0.085;0.04;0.01;0.39;0.02;0.145;83;0.37349397590361444;0.155;864.0;0.0775462962962963;0.016203703703703703;0.09375;0.045;0.10016761;0.01875532821824382;0.09332113449222323;1.2502734973275405;-0.26677577741407527;-0.10578842315369262;3.442340791738382;0.19980991327293077;0.44773706896551724;0.15625;0.24542025862068967;0.1505926724137931;0.5983297413793104;3.670251529271471;1.280833867014111;2.011792504913544;1.2344588476911866;4.904710376962658;7424.0;0.0497685185185185;0.4108796296296296;0.48;0.3888888888888889;0.4732142857142857
Financials-03;2018;Germany;Financials;-0.0369;5.001116;0.000121813807595;0.0050099253237546;-0.049439788257149;-0.8597038202198061;-1.543578946780349;-0.1872255375758011;0.8102;1.4884;200;259;0.0835978835978836;0.08737681555369543;0.11005291005291006;0.026455026455026454;-0.022123893805309734;0.023148148148148147;0.025;0.08;0.08489525909592062;-0.02050113895216401;0.09454545454545454;0.12112676056338029;8;;;38;0.2236024844720497;0.34146341463414637;74;0.041666666666666664;-0.20652173913043478;80;0.050746268656716415;0.0;29;0.16071428571428573;0.2857142857142857;16;0.061224489795918366;0.0;97;0.04666666666666667;-0.16;58;0.1091703056768559;-0.016129032258064516;0.04;0.145;0.145;0.19;0.155;0.08;0.37;0.215;0.485;0.4;0.405;0.06666666666666667;0.2815533980582524;0.3166666666666667;0.30097087378640774;0.6166666666666667;0.4174757281553398;0.05;0.0;0.0;0.15;0.045;0.025;0.6;0.07;0.06;29;0.3448275862068966;0.05;38.0;0.0;0.0;0.0;0.0;0.008275853;-0.019963702359346643;0.024667931688804556;0.8154389779831476;-0.24444444444444444;-0.02857142857142857;4.3383947939262475;0.07262816271229165;0.08147321428571429;0.14732142857142858;0.5658482142857143;0.20535714285714285;0.28683035714285715;0.4074570216566198;0.7367716008037508;2.8298727394507703;1.0270149586961377;1.4344719803527575;896.0;0.2105263157894736;0.1052631578947368;0.1467181467181467;0.631578947368421;0.8333333333333334
Financials-03;2019;Germany;Financials;-0.0651;4.793588;0.0002211838867538;0.0053261179151238;-0.2189281086172767;-0.9701959962360188;-1.5043003616566777;0.0425244090724594;0.7512;1.5246;200;247;0.06337371854613234;0.06664463124981798;0.08014911463187326;0.016775396085740912;-0.0367170626349892;0.013636363636363636;0.035;0.08;0.06304558680892337;-0.006772009029345372;0.06321243523316063;0.0741687979539642;6;;;20;0.232;0.3972602739726027;89;0.03875968992248062;-0.14772727272727273;85;0.03291139240506329;-0.09090909090909091;29;0.14093959731543623;0.3;8;;;110;0.03691275167785235;-0.20284697508896798;53;0.05904059040590406;0.13725490196078433;0.03;0.14;0.145;0.1;0.15;0.04;0.445;0.265;0.55;0.425;0.43;0.052173913043478265;0.25225225225225223;0.1739130434782609;0.27027027027027023;0.773913043478261;0.4774774774774775;0.04;0.0;0.0;0.075;0.005;0.01;0.75;0.06;0.06;28;0.39285714285714285;0.055;39.0;0.0;0.02564102564102564;0.02564102564102564;0.004048582995951417;0.025138307;-0.05653710247349823;-0.007434944237918215;0.8590011044299914;-0.21212121212121213;0.13043478260869565;3.977724741447892;0.0716035317573341;0.054679284963196635;0.08622502628811778;0.6624605678233438;0.19663512092534174;0.2513144058885384;0.2621099853823277;0.413327284641363;3.17556328443974;0.9425878320479864;1.204697817430314;951.0;0.2307692307692307;0.1538461538461538;0.1578947368421052;0.5384615384615384;0.8095238095238095
Financials-03;2020;Germany;Financials;-0.0329;4.37314;0.0003573044948905;0.0049416103257529;-0.0253988917521663;-1.1940511599809815;-1.450495182682823;-0.2368641678744887;1.1688;1.7756;200;268;0.04732690622261174;0.05044588428333493;0.08588957055214724;0.03856266432953549;-0.022774327122153208;0.03056768558951965;0.03;0.085;0.05;-0.015384615384615385;0.05789990186457311;0.10471204188481675;5;;;26;0.2331288343558282;0.2761904761904762;82;0.03640256959314775;-0.05063291139240506;87;-0.002105263157894737;-0.14009661835748793;30;0.18072289156626506;0.2894736842105263;10;0.12162162162162163;0.4444444444444444;100;0.038394415357766144;-0.08433734939759036;60;-0.021341463414634148;-0.14285714285714285;0.025;0.155;0.15;0.13;0.155;0.05;0.41;0.275;0.5;0.435;0.415;0.044247787610619475;0.26495726495726496;0.23008849557522126;0.26495726495726496;0.7256637168141593;0.47008547008547014;0.035;0.0;0.0;0.07;0.035;0.005;0.74;0.05;0.065;31;0.2903225806451613;0.045;46.0;0.0;0.0;0.0;0.0;0.0010043408;-0.031791907514450865;0.022900763358778626;0.9717152086561441;-0.05263157894736842;0.2857142857142857;3.849114703618168;0.06387215734480639;0.057057057057057055;0.0920920920920921;0.6476476476476476;0.2032032032032032;0.2602602602602603;0.2495184731220452;0.4027315706531255;2.8322535457888285;0.888635965680266;1.1381544388023113;999.0;0.2608695652173913;0.1956521739130435;0.1716417910447761;0.6304347826086957;0.7241379310344828
Financials-03;2021;Germany;Financials;-0.1482;3.323407;0.0001525220612267;0.0052851868891457;-0.7183777335082911;-1.7529506020130312;-1.5314407180048446;0.012783354754842;1.0348;1.8069;200;545;0.09467918622848201;0.09333716498480903;0.1486697965571205;0.0539906103286385;-0.017241379310344827;0.02888086642599278;0.05;0.1;0.09672131147540984;-0.012704174228675136;0.11484098939929328;0.15436241610738255;5;;;20;0.25862068965517243;0.9090909090909091;46;0.04838709677419355;-0.041666666666666664;129;0.09622411693057248;-0.14640198511166252;34;0.20416666666666666;0.2824427480916031;8;;;50;0.05329153605015674;0.0;108;0.06787330316742081;-0.1895424836601307;0.025;0.19;0.17;0.1;0.175;0.04;0.23;0.17;0.25;0.645;0.355;0.07042253521126761;0.35514018691588783;0.28169014084507044;0.32710280373831774;0.647887323943662;0.3177570093457944;0.035;0.0;0.0;0.09;0.02;0.01;0.48;0.015;0.35;38;0.2894736842105263;0.055;95.0;0.031578947368421054;0.042105263157894736;0.0736842105263158;0.012844036697247709;0.071717426;-0.15560916767189384;-0.11336288790373654;0.9824037803892308;0.047619047619047616;0.24528301886792453;1.1491611123879566;0.09764691360795359;0.06571087216248507;0.09020310633213859;0.6308243727598566;0.2132616487455197;0.2789725209080048;0.2183839587055787;0.2997816160412944;2.0964860035735557;0.7087552114353782;0.9271391701409569;1674.0;0.2421052631578947;0.431578947368421;0.1743119266055046;0.5157894736842106;0.4081632653061224
Financials-03;2022;Germany;Financials;-0.0963;3.742484;0.0004147865106399;0.0051700010365916;-0.4064471013561413;-1.5298253868693086;-1.4277739343170637;-0.0709122921428997;1.1231;1.8015;200;481;0.0498793242156074;0.05095309858253092;0.10378117457763475;0.053901850362027354;-0.11409395973154363;-0.06382978723404255;0.02;0.08;0.05289256198347107;-0.1076388888888889;0.07920792079207921;0.11981566820276497;5;;;19;0.19327731092436976;0.5873015873015873;48;0.041237113402061855;-0.2;128;0.03400503778337532;-0.24324324324324326;39;0.07142857142857142;0.09090909090909091;8;;;53;0.05070422535211268;-0.1388888888888889;100;0.037037037037037035;-0.22302158273381295;0.025;0.2;0.195;0.095;0.185;0.04;0.24;0.215;0.265;0.64;0.37;0.06944444444444445;0.33333333333333337;0.2638888888888889;0.30833333333333335;0.6666666666666666;0.35833333333333334;0.035;0.0;0.0;0.07;0.02;0.0;0.575;0.035;0.265;40;0.225;0.045;96.0;0.020833333333333332;0.010416666666666666;0.03125;0.006237006237006237;0.036387872;-0.09931972789115646;-0.054960742326909354;0.9959728056120902;0.02857142857142857;0.3333333333333333;1.0130429276940611;0.10232455685705401;0.07330482590103848;0.07574832009773977;0.6023213194868662;0.24862553451435554;0.321930360415394;0.2743421503852221;0.2834868887313961;2.2541780023319085;0.9304771267232116;1.2048192771084336;1637.0;0.0625;0.3541666666666667;0.1995841995841996;0.4270833333333333;0.4878048780487805
Financials-03;2023;Germany;Financials;0.1815;6.667831;0.0018929282143377;0.0037252793959546;1.2631931609149036;0.0276895298286799;-0.843500325751406;-1.1206671849457943;1.2357;1.0971;200;420;0.0859375;0.08916945457458496;0.1125;0.0265625;0.19148936170212766;0.23348017621145375;0.02;0.035;0.09105431309904154;0.2088888888888889;0.09624796084828711;0.28846153846153844;9;;;23;0.136986301369863;0.2903225806451613;65;0.04245283018867924;-0.058823529411764705;103;0.10240963855421686;0.19718309859154928;38;0.15602836879432624;0.75;16;0.07692307692307693;0.2857142857142857;76;0.024793388429752067;-0.1891891891891892;70;0.11009174311926606;0.08433734939759036;0.045;0.22;0.19;0.115;0.195;0.08;0.325;0.245;0.38;0.515;0.46;0.09278350515463918;0.3333333333333333;0.2371134020618557;0.29545454545454547;0.6701030927835052;0.3712121212121212;0.045;0.0;0.005;0.1;0.025;0.005;0.63;0.025;0.165;44;0.4090909090909091;0.09;90.0;0.06666666666666667;0.03333333333333333;0.1;0.02142857142857143;0.10232585;0.18063314711359404;0.22393822393822393;0.5795156469224669;0.18681318681318682;0.2857142857142857;0.9707391485230897;0.18028852163912293;0.08447937131630648;0.08185985592665357;0.5979043876882777;0.2357563850687623;0.32023575638506874;0.5632941792934806;0.5458276931138378;3.986725470503472;1.5719837561678531;2.1352779354613336;1527.0;0.1;0.2;0.2142857142857142;0.3666666666666666;0.6666666666666666
Financials-03;2024;Germany;Financials;0.0052;6.177089;0.0011478112216863;0.004645370197397;0.2035906474577933;-0.2335916054520934;-1.138027023030108;-0.4521163766314418;0.4373;0.7802;200;816;0.07954545454545454;0.08174303444949063;0.12642045454545456;0.046875;0.006134969325153374;0.04792332268370607;0.025;0.035;0.07749627421758569;0.02666666666666667;0.0819423368740516;0.10545454545454545;19;0.1267605633802817;0.034482758620689655;42;0.17088607594936708;0.24705882352941178;49;0.0755813953488372;0.2765957446808511;90;0.0231023102310231;-0.2;49;0.14516129032258066;0.25773195876288657;18;0.14492753623188406;0.21428571428571427;47;0.07432432432432433;0.2727272727272727;86;0.026578073089700997;-0.3013698630136986;0.095;0.315;0.245;0.21;0.235;0.09;0.245;0.22;0.235;0.45;0.48;0.1727272727272727;0.40909090909090906;0.3818181818181818;0.3051948051948052;0.44545454545454544;0.2857142857142857;0.09;0.015;0.0;0.14;0.03;0.02;0.495;0.05;0.16;63;0.23809523809523808;0.075;258.0;0.09302325581395349;0.03875968992248062;0.13178294573643412;0.041666666666666664;0.12983271;0.014581734458940905;0.07479674796747968;1.1394855144855145;-0.047619047619047616;0.10552763819095477;1.9715359497258331;0.2021421010025531;0.20123839009287925;0.11351909184726522;0.4258685930512556;0.2593739250085999;0.4606123151014792;1.2430675081277491;0.7012175686874482;2.6306283334395784;1.6021758993646544;2.8452434074924033;2907.0;-0.0155038759689922;0.2015503875968992;0.3161764705882353;0.375968992248062;0.6082474226804123
Industrials-01;2018;Germany;Industrials;-0.0031;3.623105;0.0045903288687668;0.0074380699825367;0.1537057872099543;-1.5933852220753506;0.2227168103783914;1.5770982354562586;1.747;2.4242;139;139;0.06467661691542288;0.06594171097029501;0.13266998341625208;0.06799336650082918;0.0;0.047619047619047616;0.02158273381294964;0.050359712230215826;0.059726962457337884;0.013513513513513514;0.08333333333333333;0.12307692307692308;7;;;19;0.17045454545454544;0.14285714285714285;38;0.0374331550802139;-0.015873015873015872;75;0.03289473684210526;-0.16981132075471697;22;0.36585365853658536;0.47692307692307695;12;-0.03278688524590164;0.09090909090909091;52;0.012987012987012988;-0.45054945054945056;53;0.034934497816593885;0.058823529411764705;0.050359712230215826;0.07913669064748201;0.15827338129496402;0.1366906474820144;0.1079136690647482;0.08633093525179857;0.2733812949640288;0.18705035971223022;0.37410071942446044;0.539568345323741;0.3381294964028777;0.10937499999999999;0.2115384615384615;0.296875;0.28846153846153844;0.59375;0.5;0.04316546762589928;0.0;0.007194244604316547;0.10071942446043165;0.02877697841726619;0.007194244604316547;0.5899280575539568;0.02877697841726619;0.19424460431654678;11;0.45454545454545453;0.03597122302158273;15.0;0.13333333333333333;0.0;0.13333333333333333;0.014388489208633094;0.13193947;0.0;0.047619047619047616;0.999000999000999;-0.07692307692307693;-0.07692307692307693;0.0;0.09359032404113576;0.22364217252396165;0.10862619808306709;0.6293929712460063;0.038338658146964855;0.26198083067092653;0.8102789674730871;0.3935640699154995;2.280356522745688;0.1389049658525292;0.9491839333256163;313.0;0.4;0.7333333333333333;0.1079136690647482;0.6;0.1111111111111111
Industrials-01;2019;Germany;Industrials;0.0968;3.775331;0.0080779522391073;0.0050285121824779;0.754127177421896;-1.5123369684120185;1.601289843538236;-0.1737200668069959;2.2663;1.3788;174;174;0.10864197530864197;0.11198460143289449;0.16913580246913582;0.06049382716049383;0.11458333333333333;0.15675675675675677;0.011494252873563218;0.05747126436781609;0.1025;0.11466666666666667;0.11709286675639301;0.22641509433962265;10;0.38636363636363635;0.8181818181818182;30;0.3142857142857143;0.5157894736842106;47;0.04065040650406504;-0.25842696629213485;87;0.04473684210526316;-0.05389221556886228;30;0.19852941176470587;0.3103448275862069;15;0.10144927536231885;0.35714285714285715;64;0.05863192182410423;-0.2336448598130841;65;0.12080536912751678;0.19753086419753085;0.05747126436781609;0.1206896551724138;0.1724137931034483;0.1724137931034483;0.10344827586206896;0.08620689655172414;0.27011494252873564;0.12643678160919541;0.367816091954023;0.5;0.28735632183908044;0.11494252873563218;0.3442622950819672;0.3448275862068966;0.29508196721311475;0.5402298850574713;0.36065573770491804;0.05172413793103448;0.0;0.011494252873563218;0.10344827586206896;0.04597701149425287;0.017241379310344827;0.5747126436781609;0.017241379310344827;0.1781609195402299;21;0.47619047619047616;0.05747126436781609;26.0;0.11538461538461539;0.0;0.11538461538461539;0.017241379310344827;0.096585736;0.11458333333333333;0.15675675675675677;0.7853256296628709;-0.2631578947368421;-0.2631578947368421;0.0;0.0758424053913945;0.18137254901960784;0.1053921568627451;0.6151960784313726;0.09803921568627451;0.27941176470588236;0.684741371333395;0.3978902563153512;2.3225687054686777;0.3701304709910243;1.0548718423244192;408.0;0.1923076923076923;0.6153846153846154;0.1494252873563218;0.5769230769230769;0.2666666666666666
Industrials-01;2020;Germany;Industrials;0.1567;4.448511;0.0047568529482221;0.0057823603176814;1.1141396025840111;-1.1539220892121314;0.2885397450625315;0.374036501725688;2.2681;2.3108;200;239;0.0886339937434828;0.09189003476012611;0.14389989572471323;0.05526590198123045;0.1059322033898305;0.17567567567567569;0.05;0.075;0.08715083798882682;0.1523809523809524;0.09584295612009237;0.26063829787234044;15;0.2459016393442623;0.56;35;0.24299065420560748;0.1794871794871795;55;0.013559322033898305;-0.2336448598130841;95;0.03598971722365039;0.11949685534591195;42;0.07647058823529412;0.40594059405940597;20;0.2153846153846154;0.11428571428571428;78;0.01488833746898263;-0.20481927710843373;60;0.1484375;0.25925925925925924;0.075;0.185;0.21;0.175;0.165;0.1;0.275;0.23;0.39;0.475;0.425;0.14285714285714285;0.31896551724137934;0.3333333333333333;0.28448275862068967;0.5238095238095238;0.3965517241379311;0.06;0.005;0.005;0.165;0.015;0.02;0.56;0.045;0.125;37;0.4864864864864865;0.09;40.0;0.05;0.075;0.125;0.02092050209205021;0.13174012;0.14629948364888123;0.2265193370165746;1.4100185528756959;0.3157894736842105;0.47058823529411764;2.2753128555176336;0.061237285774000276;0.16453900709219857;0.17588652482269504;0.5446808510638298;0.1148936170212766;0.2794326241134752;0.7319535588086825;0.7824331145885917;2.4230186774356386;0.51110550227158;1.2430590610802625;705.0;0.1;0.35;0.1673640167364016;0.675;0.6296296296296297
Industrials-01;2021;Germany;Industrials;0.1893;5.519994;0.0041828503137137;0.0058890577507598;1.3100729090996197;-0.5834424997862236;0.0616504084370784;0.4515643446492365;1.8935;2.0884;200;207;0.10882352941176471;0.10954532997280944;0.1588235294117647;0.05;0.20910973084886128;0.29777777777777775;0.07;0.095;0.10757409440175632;0.25853658536585367;0.12027491408934708;0.31536388140161725;24;0.06666666666666667;0.5;39;0.23076923076923078;0.3142857142857143;68;0.03323262839879154;-0.009174311926605505;69;0.10355987055016182;0.058823529411764705;54;0.12890625;0.22981366459627328;23;0.18867924528301888;0.3191489361702128;57;0.01773049645390071;-0.1485148514851485;66;0.13312693498452013;0.3858267716535433;0.12;0.25;0.27;0.195;0.215;0.115;0.34;0.235;0.285;0.345;0.52;0.18320610687022898;0.35714285714285715;0.29770992366412213;0.30714285714285716;0.5190839694656488;0.33571428571428574;0.105;0.005;0.01;0.17;0.025;0.03;0.465;0.05;0.14;50;0.5;0.125;55.0;0.05454545454545454;0.03636363636363636;0.09090909090909091;0.024154589371980676;0.109165676;0.19678714859437751;0.2817204301075269;1.3425549227013833;0.04;0.18181818181818182;1.7241379310344827;0.06610942249240122;0.3179551122194514;0.19201995012468828;0.314214463840399;0.17581047381546136;0.4937655860349127;1.7551104687177368;1.0599490673824763;1.7344621102622342;0.9704728474086308;2.7255833161263676;802.0;-0.0181818181818181;0.3272727272727272;0.2657004830917874;0.5454545454545454;0.5
Industrials-01;2022;Germany;Industrials;0.0394;5.875476;0.0036070031353181;0.004686353113884;0.4091403125753949;-0.3941765707810031;-0.1659680317042797;-0.4223376179464695;0.8035;0.6754;200;262;0.06995073891625615;0.07327751573083435;0.12610837438423644;0.0561576354679803;0.06694560669456066;0.14864864864864866;0.045;0.095;0.06519453207150368;0.0979498861047836;0.07517084282460136;0.21179624664879357;24;0.14285714285714285;0.3076923076923077;41;0.1440329218106996;0.14285714285714285;74;0.04857142857142857;0.02097902097902098;61;0.006600660066006601;-0.058823529411764705;55;0.09090909090909091;0.27419354838709675;21;0.14035087719298245;0.0;68;0.042492917847025496;-0.2077922077922078;56;0.05343511450381679;0.20833333333333334;0.12;0.265;0.275;0.205;0.235;0.105;0.37;0.265;0.34;0.305;0.55;0.17266187050359713;0.3464052287581699;0.2949640287769784;0.3071895424836601;0.5323741007194245;0.3464052287581699;0.105;0.0;0.02;0.155;0.01;0.04;0.47;0.08;0.12;53;0.4716981132075472;0.125;80.0;0.0875;0.025;0.11249999999999999;0.03435114503816794;0.11273904;0.05614567526555387;0.12077294685990338;1.1639660612001104;-0.17647058823529413;-0.125;1.0810810810810811;0.07834114392185647;0.35034602076124566;0.1444636678200692;0.2984429065743945;0.20674740484429066;0.5570934256055363;2.0584498094027954;0.8487928843710293;1.7534942820838628;1.2147395171537485;3.273189326556544;1156.0;-0.025;0.3375;0.3053435114503817;0.425;0.5882352941176471
Industrials-01;2023;Germany;Industrials;0.0381;6.570445;0.0042794210195091;0.0040802536514371;0.4013270212112756;-0.024160779785034;0.0998224690829755;-0.8627379402869351;0.4258;-0.0555;200;454;0.05614567526555387;0.05944641298516929;0.11532625189681335;0.05918057663125948;0.020833333333333332;0.08487084870848709;0.045;0.06;0.07188498402555911;0.05791505791505792;0.07364975450081833;0.0970464135021097;31;0.10476190476190476;0.4146341463414634;49;0.12280701754385964;0.010101010101010102;53;0.07142857142857142;-0.014084507042253521;67;-0.03255813953488372;-0.14285714285714285;62;0.06018518518518518;0.21518987341772153;24;0.17073170731707318;-0.07142857142857142;49;0.0967741935483871;-0.015384615384615385;65;-0.024271844660194174;-0.06818181818181818;0.155;0.25;0.31;0.245;0.215;0.12;0.265;0.2;0.245;0.335;0.505;0.23308270676691728;0.37593984962406013;0.3684210526315789;0.3233082706766917;0.39849624060150374;0.3007518796992481;0.155;0.0;0.015;0.18;0.025;0.01;0.425;0.035;0.155;50;0.46;0.115;144.0;0.09027777777777778;0.027777777777777776;0.11805555555555555;0.037444933920704845;0.12120761;0.029239766081871343;0.09486780715396578;1.1590761315127358;0.16;0.1836734693877551;0.322061191626409;0.08069546234211758;0.3711414213926777;0.14716439339554918;0.24694903086862885;0.2347451543431443;0.6058865757358219;2.4385642186689305;0.9669355219093438;1.6225649733503136;1.54238007641149;3.9809442950804206;1393.0;0.0763888888888889;0.4305555555555556;0.3171806167400881;0.4791666666666667;0.4347826086956521
Industrials-01;2024;Germany;Industrials;-0.0234;8.869208;0.0033420237616139;0.0045254556882463;0.0316982374471673;1.199747926584986;-0.2707079591972101;-0.5392479313602241;-1.1682;-1.3025;200;610;0.06774668630338733;0.07166278485170345;0.11634756995581738;0.048600883652430045;-0.11602209944751381;0.07023411371237458;0.115;0.15;0.07054673721340388;0.019011406844106463;0.06805293005671077;0.14705882352941177;31;0.07476635514018691;0.24444444444444444;53;0.12371134020618557;-0.1875;56;0.07106598984771574;-0.2553191489361702;60;0.0;-0.05263157894736842;69;0.09583333333333334;0.2621359223300971;20;0.08333333333333333;-0.3898305084745763;50;0.08426966292134831;-0.38461538461538464;61;0.010582010582010581;-0.13114754098360656;0.155;0.315;0.345;0.265;0.255;0.1;0.28;0.205;0.25;0.3;0.6;0.22142857142857142;0.4064516129032258;0.37857142857142856;0.32903225806451614;0.4;0.264516129032258;0.155;0.01;0.005;0.225;0.015;0.005;0.385;0.07;0.13;63;0.3333333333333333;0.105;217.0;0.06451612903225806;0.03225806451612903;0.0967741935483871;0.03442622950819672;0.10268114;0.015639374425023;0.13347022587268995;2.3077708567344017;-0.2033898305084746;0.044444444444444446;8.333333333333334;0.12067881835323696;0.3412981455064194;0.17796005706134094;0.21825962910128388;0.2624821683309558;0.6037803138373752;3.0270441246243878;1.5783647003004904;1.935789973114028;2.3280088565554324;5.355052981179821;2804.0;-0.0414746543778801;0.2903225806451613;0.3557377049180328;0.2995391705069124;0.5692307692307692
Telecommunications-01;2018;Germany;Telecommunications;0.2246;4.058508;0.000154631204577;0.0048043148185917;1.5222338207560917;-1.3615677087085418;-1.5306070247309047;-0.3366249981605926;2.8839;3.4808;200;432;0.14782608695652175;0.1460059598365926;0.18012422360248448;0.03229813664596273;0.22401847575057737;0.2679425837320574;0.04;0.055;0.145478374836173;0.24752475247524752;0.1459170013386881;0.2779220779220779;16;0.2727272727272727;0.3617021276595745;52;0.21484375;0.4797687861271676;55;0.04455445544554455;0.16923076923076924;77;0.1259259259259259;-0.0945945945945946;36;0.2360248447204969;0.27450980392156865;27;0.18045112781954886;0.40476190476190477;65;0.043824701195219126;-0.1743119266055046;72;0.17692307692307693;0.391304347826087;0.08;0.17;0.18;0.26;0.17;0.135;0.275;0.185;0.325;0.385;0.435;0.13008130081300814;0.3238095238095238;0.42276422764227645;0.3238095238095238;0.4471544715447155;0.35238095238095235;0.05;0.0;0.005;0.155;0.075;0.05;0.46;0.025;0.18;34;0.7352941176470589;0.125;70.0;0.1;0.014285714285714285;0.1142857142857143;0.018518518518518517;0.12869915;0.22532188841201717;0.27030033370411566;0.8108705801410423;0.21739130434782608;0.3023255813953488;1.749271137026239;0.0777301878668389;0.25888324873096447;0.19898477157360406;0.4010152284263959;0.14111675126903553;0.4;1.0506798516687268;0.80758137618459;1.6275236918005769;0.5727235269880511;1.6234033786567779;985.0;0.3285714285714285;0.3285714285714285;0.162037037037037;0.7142857142857143;0.56
Telecommunications-01;2019;Germany;Telecommunications;0.2365;4.773567;0.0004031915796621;0.0051386337794104;1.5937554878584148;-0.9808555884646366;-1.4323571296538051;-0.0937041786721707;2.5748;3.2442;200;438;0.1728247914183552;0.17034246469709102;0.232419547079857;0.05959475566150179;0.3029045643153527;0.34475374732334046;0.045;0.055;0.18341708542713567;0.3466666666666667;0.19186785260482847;0.3835616438356164;17;0.29069767441860467;0.7391304347826086;58;0.25483870967741934;0.41228070175438597;48;0.06962025316455696;0.27586206896551724;77;0.10526315789473684;0.013333333333333334;52;0.25609756097560976;0.46206896551724136;18;0.21052631578947367;0.3103448275862069;55;0.06074766355140187;0.06086956521739131;75;0.17253521126760563;0.32926829268292684;0.085;0.23;0.26;0.29;0.17;0.09;0.24;0.165;0.275;0.385;0.435;0.13821138211382114;0.4070796460176991;0.47154471544715443;0.30088495575221236;0.3902439024390244;0.2920353982300885;0.08;0.0;0.01;0.175;0.105;0.055;0.385;0.02;0.17;46;0.6739130434782609;0.155;86.0;0.10465116279069768;0.06976744186046512;0.1744186046511628;0.03424657534246575;0.17745933;0.2402464065708419;0.2823779193205945;0.7570918210424208;0.19402985074626866;0.3114754098360656;1.7316017316017316;0.07576751508790344;0.24894869638351555;0.16568544995794784;0.3641715727502103;0.22119428090832632;0.4701429772918419;1.1883732134254057;0.7909105508270435;1.7383973020716237;1.0558856592259516;2.2442588726513573;1189.0;0.3720930232558139;0.4651162790697674;0.1963470319634703;0.7906976744186046;0.4558823529411764
Telecommunications-01;2020;Germany;Telecommunications;0.2027;4.4817;0.0029576790918185;0.0052051508362187;1.3906099123913116;-1.1362515829199582;-0.4226300966976768;-0.0453719575194547;2.527;2.7157;200;423;0.12682379349046016;0.12745632252976816;0.18742985409652077;0.06060606060606061;0.1936127744510978;0.2510460251046025;0.06;0.085;0.13776137761377613;0.23214285714285715;0.1483375959079284;0.2890995260663507;18;0.15053763440860216;0.7073170731707317;60;0.1930835734870317;0.25333333333333335;35;0.029850746268656716;0.12280701754385964;87;0.08832807570977919;0.02247191011235955;43;0.19469026548672566;0.45;22;0.12598425196850394;0.13043478260869565;54;0.06880733944954129;-0.01098901098901099;81;0.11875;0.1583710407239819;0.09;0.18;0.215;0.3;0.215;0.11;0.175;0.135;0.27;0.435;0.405;0.1592920353982301;0.33962264150943394;0.5309734513274337;0.40566037735849053;0.30973451327433627;0.25471698113207547;0.085;0.0;0.01;0.185;0.075;0.07;0.35;0.025;0.2;36;0.7222222222222222;0.13;81.0;0.09876543209876543;0.037037037037037035;0.13580246913580246;0.026004728132387706;0.1359806;0.18813905930470348;0.2427807486631016;1.0511391414882174;0.52;0.52;0.0;0.07420734605200624;0.24074074074074073;0.19166666666666668;0.34074074074074073;0.22685185185185186;0.4675925925925926;1.0789277118433065;0.8589924475060171;1.5270976844551416;1.016681882313885;2.0956095941571915;1080.0;0.3333333333333333;0.419753086419753;0.1914893617021276;0.7407407407407407;0.4833333333333333
Telecommunications-01;2021;Germany;Telecommunications;0.0899;4.85903;0.0025849124741033;0.0037342033371985;0.7126566309508009;-0.935353329305036;-0.5699757106806974;-1.1141829247808386;1.6479;1.3758;200;455;0.13368983957219252;0.13138268618660176;0.18716577540106952;0.053475935828877004;0.017142857142857144;0.068;0.05;0.09;0.1361079865016873;0.029045643153526972;0.1455621301775148;0.15839243498817968;26;0.2028985507246377;0.42857142857142855;67;0.19458128078817735;0.24017467248908297;38;0.03424657534246575;-0.16666666666666666;69;0.053061224489795916;-0.48148148148148145;63;0.19298245614035087;0.21311475409836064;18;0.17307692307692307;0.3333333333333333;45;0.03571428571428571;-0.29545454545454547;74;0.11604095563139932;-0.10344827586206896;0.13;0.25;0.315;0.335;0.19;0.09;0.19;0.13;0.225;0.345;0.48;0.1984732824427481;0.43859649122807015;0.5114503816793893;0.3333333333333333;0.2900763358778626;0.22807017543859648;0.145;0.005;0.005;0.195;0.125;0.065;0.265;0.04;0.155;50;0.66;0.165;114.0;0.043859649122807015;0.043859649122807015;0.08771929824561403;0.02197802197802198;0.09122169;0.08619246861924686;0.1346153846153846;1.0716311907713645;0.21951219512195122;0.21951219512195122;0.0;0.0646606788388593;0.28306092124814264;0.16939078751857356;0.262258543833581;0.2852897473997028;0.5683506686478454;1.3754016100501787;0.8230749792426266;1.2743222266344176;1.3862315439875816;2.76163315403776;1346.0;0.2719298245614035;0.4385964912280701;0.2505494505494505;0.7017543859649122;0.4625
Telecommunications-01;2022;Germany;Telecommunications;0.0686;5.452537;0.0028677492566723;0.0047351233671988;0.5846388570617683;-0.6193579941654187;-0.4581771820462114;-0.3869004717167728;1.2041;1.2398;200;506;0.1111111111111111;0.11673581614431656;0.16845878136200718;0.05734767025089606;0.10843373493975904;0.14049586776859505;0.03;0.06;0.11866501854140915;0.12215320910973085;0.12355212355212356;0.24528301886792453;35;0.22395833333333334;0.5670103092783505;60;0.1970260223048327;0.23;35;0.04032258064516129;0.15555555555555556;70;-0.031746031746031744;-0.34615384615384615;60;0.19101123595505617;0.46875;25;0.20175438596491227;0.2903225806451613;49;-0.01;-0.3448275862068966;66;0.08203125;0.08333333333333333;0.175;0.34;0.3;0.3;0.185;0.125;0.175;0.175;0.245;0.35;0.545;0.2692307692307693;0.48571428571428577;0.46153846153846156;0.2642857142857143;0.2692307692307693;0.25;0.185;0.0;0.02;0.19;0.055;0.045;0.32;0.05;0.135;68;0.5294117647058824;0.18;155.0;0.05161290322580645;0.05806451612903226;0.10967741935483871;0.03359683794466403;0.10989066;0.06991869918699187;0.11809685641461343;1.0313691912508758;0.058823529411764705;0.16129032258064516;1.607717041800643;0.06770682148040638;0.31307550644567217;0.1731123388581952;0.26335174953959484;0.2504604051565378;0.56353591160221;1.707055830767171;0.943901459365377;1.4359351988217968;1.3656446646137368;3.072700495380908;1629.0;0.1419354838709677;0.3741935483870968;0.3063241106719367;0.5612903225806452;0.5287356321839081
Telecommunications-01;2023;Germany;Telecommunications;0.0694;5.797145;0.0036149374950234;0.0045823168721566;0.5894470363627649;-0.4358816064365576;-0.1628317715168278;-0.4979318021202314;1.0255;0.858;200;568;0.09624413145539906;0.10248722380875422;0.15492957746478872;0.05868544600938967;0.014861995753715499;0.0888382687927107;0.055;0.1;0.10112359550561797;0.037383177570093455;0.12299465240641712;0.28955223880597014;30;0.1347517730496454;0.5068493150684932;65;0.14779874213836477;0.0;31;0.016260162601626018;0.16981132075471697;74;0.05185185185185185;-0.24528301886792453;62;0.12448132780082988;0.3333333333333333;19;0.13829787234042554;0.2682926829268293;50;0.02857142857142857;-0.26495726495726496;69;0.10749185667752444;-0.05527638190954774;0.15;0.315;0.31;0.325;0.195;0.095;0.155;0.185;0.25;0.37;0.505;0.23809523809523808;0.4532374100719424;0.5158730158730159;0.2805755395683453;0.24603174603174602;0.2661870503597122;0.17;0.0;0.01;0.185;0.09;0.055;0.3;0.03;0.16;63;0.5238095238095238;0.165;188.0;0.05851063829787234;0.05319148936170213;0.11170212765957446;0.03697183098591549;0.10812195;0.06296851574212893;0.11565696302124312;1.1243976441192218;0.21875;0.3220338983050847;1.0780508840017249;0.07644886925562075;0.34063641105894626;0.15597287428273343;0.23995826812728221;0.2634324465310381;0.6040688575899843;1.9747187613402688;0.9041974113947018;1.3910729406072335;1.527156163057941;3.50187492439821;1917.0;0.0957446808510638;0.3776595744680851;0.3309859154929577;0.5478723404255319;0.5242718446601942
Telecommunications-01;2024;Germany;Telecommunications;-0.0551;7.86949;0.0019535338031117;0.004891775405768;-0.1588258673548201;0.6674774993531121;-0.8195444046352934;-0.2730749157549746;-0.8261;-0.5529;200;857;0.10109289617486339;0.09694613263906678;0.16393442622950818;0.06284153005464481;0.12796208530805686;0.22997416020671835;0.08;0.11;0.1163141993957704;0.17615176151761516;0.13365539452495975;0.2948717948717949;60;0.14285714285714285;0.1259259259259259;60;0.13852813852813853;0.2832369942196532;33;0.009708737864077669;0.28205128205128205;47;0.0392156862745098;-0.30666666666666664;97;0.10985915492957747;0.1724137931034483;28;0.05084745762711865;0.03125;25;-0.0125;-0.2222222222222222;50;0.16759776536312848;0.2871287128712871;0.3;0.475;0.485;0.3;0.245;0.14;0.165;0.185;0.125;0.235;0.68;0.39215686274509803;0.5248618784530387;0.39215686274509803;0.27071823204419887;0.21568627450980393;0.20441988950276244;0.265;0.0;0.02;0.205;0.06;0.035;0.27;0.03;0.115;95;0.43157894736842106;0.205;346.0;0.046242774566473986;0.05202312138728324;0.09826589595375723;0.039673278879813305;0.10095206;-0.05740181268882175;0.08270676691729323;3.4066356490502514;-0.02830188679245283;0.26380368098159507;5.579594625370075;0.10427080488702611;0.3890719384953322;0.17325645249862712;0.1658429434376716;0.27182866556836904;0.6609006040637012;3.061797752808989;1.3634399308556613;1.3050993949870355;2.139152981849611;5.2009507346585995;3642.0;-0.0057803468208092;0.3005780346820809;0.4037339556592765;0.3959537572254335;0.5401459854014599
Technology-01;2018;Germany;Technology;0.2042;3.222668;0.0;0.0053032363339679;1.3996252485806802;-1.8065861177973936;-1.5917289940719288;0.0258983330880408;3.2061;4.015;172;172;0.20357142857142857;0.20523977279663086;0.25357142857142856;0.05;0.19346049046321526;0.21329639889196675;0.005813953488372093;0.029069767441860465;0.2072072072072072;0.1878453038674033;0.21507352941176472;0.26843657817109146;18;0.345679012345679;0.6326530612244898;11;0.3;0.6;59;0.0481283422459893;0.14634146341463414;84;0.25793650793650796;0.03482587064676617;41;0.3609467455621302;0.6756756756756757;6;;;56;0.018518518518518517;-0.3333333333333333;69;0.2403846153846154;0.1643835616438356;0.10465116279069768;0.22674418604651161;0.23837209302325582;0.06395348837209303;0.05232558139534884;0.03488372093023256;0.3430232558139535;0.22674418604651161;0.32558139534883723;0.4883720930232558;0.45930232558139533;0.20454545454545456;0.44827586206896547;0.125;0.10344827586206896;0.6704545454545454;0.44827586206896547;0.1686046511627907;0.0;0.0;0.029069767441860465;0.023255813953488372;0.011627906976744186;0.5988372093023255;0.01744186046511628;0.1511627906976744;39;0.20512820512820512;0.046511627906976744;39.0;0.02564102564102564;0.0;0.02564102564102564;0.005813953488372093;0.035114855;0.19346049046321526;0.21329639889196675;0.43696744592527853;0.4666666666666667;0.4666666666666667;0.0;0.06642643459341854;0.2830188679245283;0.06415094339622641;0.4716981132075472;0.1811320754716981;0.4641509433962264;0.912075884713608;0.2067372005350845;1.5201264745226803;0.5837285662167092;1.4958044509303172;265.0;0.4871794871794871;0.3846153846153846;0.2267441860465116;0.1794871794871795;0.2857142857142857
Technology-01;2019;Germany;Technology;0.1919;3.090623;0.0;0.0065878477736603;1.3256994918278584;-1.8768895919409356;-1.5917289940719288;0.959314920918177;3.2024;4.478;183;183;0.20933734939759036;0.20472949384206748;0.2620481927710843;0.05271084337349398;0.18691588785046728;0.21241050119331742;0.02185792349726776;0.04371584699453552;0.22052067381316998;0.19138755980861244;0.22741433021806853;0.2607594936708861;23;0.34710743801652894;0.6129032258064516;15;0.5238095238095238;0.6307692307692307;55;0.0425531914893617;0.07142857142857142;90;0.1917808219178082;-0.02304147465437788;45;0.36363636363636365;0.6666666666666666;6;;;61;-0.005025125628140704;-0.3798449612403101;71;0.24347826086956523;0.19230769230769232;0.12568306010928962;0.2185792349726776;0.2459016393442623;0.08196721311475409;0.03278688524590164;0.03278688524590164;0.3005464480874317;0.19672131147540983;0.3333333333333333;0.4918032786885246;0.4262295081967213;0.24731182795698925;0.4878048780487805;0.16129032258064516;0.07317073170731708;0.5913978494623656;0.43902439024390244;0.1912568306010929;0.0;0.0;0.04918032786885246;0.03278688524590164;0.01092896174863388;0.5136612021857924;0.01639344262295082;0.18579234972677597;40;0.225;0.04918032786885246;46.0;0.043478260869565216;0.0;0.043478260869565216;0.01092896174863388;0.052294854;0.18691588785046728;0.21241050119331742;0.5664652567975831;0.3333333333333333;0.42857142857142855;0.8984725965858041;0.06546673725074996;0.36610169491525424;0.04067796610169491;0.44745762711864406;0.14576271186440679;0.511864406779661;1.1314824515453117;0.1257202723939235;1.3829229963331586;0.4504976427448926;1.5819800942902043;295.0;0.6521739130434783;0.4130434782608695;0.2513661202185792;0.217391304347826;0.1
Technology-01;2020;Germany;Technology;0.1632;2.81136;3.899091511677779e-05;0.0053673664122137;1.153206059404608;-2.025574957534088;-1.5763168298527843;0.0724961423274129;3.179;4.0034;200;278;0.18948824343015214;0.19021532578422157;0.24481327800829875;0.05532503457814661;0.11711711711711711;0.1324200913242009;0.0;0.02;0.18948824343015214;0.11711711711711711;0.20600858369098712;0.19306930693069307;30;0.359375;0.6666666666666666;19;0.1917808219178082;0.19298245614035087;42;0.01680672268907563;0.0196078431372549;109;0.15339233038348082;-0.1;50;0.36585365853658536;0.539568345323741;5;;;45;0.014285714285714285;-0.4942528735632184;100;0.14106583072100312;0.09345794392523364;0.15;0.2;0.25;0.095;0.015;0.025;0.21;0.115;0.225;0.545;0.325;0.32967032967032966;0.6060606060606061;0.2087912087912088;0.04545454545454545;0.46153846153846156;0.3484848484848485;0.23;0.0;0.005;0.045;0.05;0.03;0.47;0.015;0.155;40;0.325;0.065;66.0;0.030303030303030304;0.07575757575757576;0.10606060606060606;0.025179856115107913;0.115120456;0.1607717041800643;0.1875;0.5944041098798455;0.3333333333333333;0.5;0.6253908692933083;0.06357347328244274;0.44529262086513993;0.05343511450381679;0.3842239185750636;0.11704834605597965;0.5623409669211196;1.2518778167250877;0.1502253380070105;1.0801917161456471;0.3290650261105944;1.580942842835682;393.0;0.7424242424242424;0.4696969696969697;0.237410071942446;0.4090909090909091;0.2962962962962963
Technology-01;2021;Germany;Technology;0.2488;3.948749;0.0001784970547985;0.0052935956672072;1.6676812446112366;-1.4200056580327944;-1.5211734322711783;0.0188932901668139;3.0876;3.8576;200;349;0.19724137931034483;0.1952033943965517;0.2482758620689655;0.05103448275862069;0.2781316348195329;0.3115468409586057;0.03;0.045;0.20538243626062322;0.3026315789473684;0.2148997134670487;0.3470319634703196;28;0.3375;0.5257731958762887;17;0.2638888888888889;0.22388059701492538;44;0.09302325581395349;0.21052631578947367;111;0.15934065934065933;0.21212121212121213;46;0.32677165354330706;0.5083798882681564;6;;;64;0.01764705882352941;-0.1282051282051282;84;0.18021201413427562;0.3048780487804878;0.14;0.23;0.23;0.085;0.02;0.03;0.22;0.135;0.32;0.555;0.345;0.3146067415730337;0.5974025974025974;0.19101123595505617;0.051948051948051945;0.49438202247191004;0.35064935064935066;0.195;0.0;0.005;0.05;0.05;0.015;0.48;0.015;0.19;46;0.30434782608695654;0.07;89.0;0.033707865168539325;0.10112359550561797;0.1348314606741573;0.034383954154727794;0.13813353;0.26448362720403024;0.29214929214929214;0.5617234998678298;-0.23076923076923078;-0.23076923076923078;0.0;0.07395734524647349;0.34965034965034963;0.06433566433566433;0.48671328671328673;0.0993006993006993;0.4489510489510489;1.3806815043905674;0.2540453968078643;1.9219086541116697;0.392113547246921;1.7727950516374884;715.0;0.6741573033707865;0.5056179775280899;0.2550143266475644;0.449438202247191;0.35
Technology-01;2022;Germany;Technology;0.1772;3.52266;5.391707553782283e-05;0.0053852071656225;1.2373491971720472;-1.6468642062121828;-1.5704168802137088;0.0854594825691899;2.8841;3.7121;200;221;0.17011128775834658;0.16760537734281847;0.26073131955484896;0.09062003179650238;0.1632183908045977;0.19621749408983452;0.015;0.06;0.17341977309562398;0.1596244131455399;0.22279792746113988;0.329700272479564;15;0.4482758620689655;0.7142857142857143;14;0.5294117647058824;0.660377358490566;58;0.024390243902439025;-0.04225352112676056;113;0.1404494382022472;0.015267175572519083;40;0.3815028901734104;0.5570469798657718;2;;;68;-0.0048543689320388345;-0.3389830508474576;90;0.17479674796747968;0.16666666666666666;0.075;0.21;0.2;0.07;0.03;0.01;0.29;0.18;0.34;0.565;0.39;0.17241379310344826;0.5;0.16091954022988508;0.07142857142857142;0.6666666666666666;0.42857142857142855;0.115;0.0;0.0;0.04;0.035;0.015;0.525;0.015;0.255;42;0.2857142857142857;0.06;53.0;0.0;0.11320754716981132;0.11320754716981132;0.027149321266968326;0.116902106;0.1638655462184874;0.19913419913419914;0.8240626287597858;0.6;0.6;0.0;0.06643587207385426;0.31741573033707865;0.03089887640449438;0.5561797752808989;0.09550561797752809;0.41292134831460675;1.1181476350682764;0.1088462299623985;1.9592321393231744;0.3364338017019592;1.4545814367702357;356.0;0.5094339622641509;0.2452830188679245;0.2398190045248869;0.4339622641509434;0.6521739130434783
Technology-01;2023;Germany;Technology;0.1309;3.505783;9.770873027505007e-05;0.0059018995189207;0.959075820126873;-1.6558498681692468;-1.5531070999170211;0.4608953524918404;2.6149;3.6219;200;244;0.17795275590551182;0.17610109584538017;0.25354330708661416;0.07559055118110236;0.11838790931989925;0.1935483870967742;0.04;0.09;0.19704433497536947;0.15567282321899736;0.2222222222222222;0.3717948717948718;17;0.4177215189873418;0.6190476190476191;8;;;49;0.050955414012738856;-0.10256410256410256;126;0.16085790884718498;-0.01276595744680851;43;0.4269005847953216;0.546875;0;;;57;-0.02824858757062147;-0.3763440860215054;100;0.156794425087108;0.06818181818181818;0.085;0.235;0.215;0.04;0.04;0.0;0.245;0.145;0.285;0.63;0.405;0.22972972972972974;0.5595238095238095;0.10810810810810811;0.09523809523809526;0.6621621621621622;0.3452380952380953;0.13;0.0;0.005;0.04;0.045;0.005;0.435;0.03;0.31;47;0.425531914893617;0.1;64.0;0.03125;0.09375;0.125;0.03278688524590164;0.1250826;0.11839708561020036;0.18304431599229287;1.6095284081764043;0.4166666666666667;0.4166666666666667;0.0;0.0755839904776075;0.34271099744245526;0.03580562659846547;0.5217391304347826;0.09974424552429667;0.4424552429667519;1.2014704563794494;0.1255267640993454;1.8291042768761767;0.3496816999910337;1.551152156370483;391.0;0.53125;0.359375;0.2622950819672131;0.453125;0.4482758620689655
Technology-01;2024;Germany;Technology;0.0704;3.958971;4.874957344123239e-05;0.0057685613406932;0.5954572604890106;-1.414563254967966;-1.5724594686135167;0.3640099725994863;2.0098;2.9781;200;247;0.11642743221690591;0.12065400727437824;0.22807017543859648;0.11164274322169059;0.07373271889400922;0.13106796116504854;0.03;0.075;0.12520593080724876;0.09397590361445783;0.15042735042735042;0.23415977961432508;21;0.3541666666666667;0.7611940298507462;9;;;46;0.016260162601626018;-0.30303030303030304;124;0.05361930294906166;-0.1018867924528302;47;0.3695652173913043;0.5620437956204379;1;;;69;-0.02617801047120419;-0.5145631067961165;83;0.040160642570281124;0.041237113402061855;0.105;0.235;0.235;0.045;0.035;0.005;0.23;0.21;0.345;0.62;0.445;0.2763157894736842;0.4895833333333333;0.11842105263157894;0.07291666666666667;0.6052631578947368;0.4375;0.15;0.0;0.005;0.045;0.045;0.005;0.45;0.02;0.28;47;0.3404255319148936;0.08;64.0;0.078125;0.09375;0.171875;0.044534412955465584;0.1668568;0.04798464491362764;0.10080645161290322;1.3443751344375134;0.6842105263157895;0.6842105263157895;0.0;0.07523994231438659;0.38181818181818183;0.02727272727272727;0.4863636363636364;0.10454545454545454;0.4863636363636364;1.511606982184632;0.1079719272989022;1.9254993701637573;0.4138923879791255;1.9254993701637575;440.0;0.40625;0.359375;0.2591093117408907;0.4375;0.5357142857142857
Consumer Discretionary-08;2018;Germany;Consumer Discretionary;0.0037;3.987488;0.0019531815156688;0.0057400029511583;0.1945753112684248;-1.3993802175780503;-0.8196836553275431;0.3432590484757177;1.5938;2.1753;200;697;0.13885180240320427;0.13681359284710343;0.19359145527369825;0.05473965287049399;0.0;0.059602649006622516;0.065;0.09;0.1457142857142857;0.03153153153153153;0.16517857142857142;0.10344827586206896;33;0.2827586206896552;0.43661971830985913;51;0.20320855614973263;0.24242424242424243;60;0.03255813953488372;-0.12727272727272726;56;0.0891089108910891;-0.2934131736526946;45;0.21693121693121692;0.1694915254237288;22;0.12162162162162163;0.40540540540540543;50;0.03592814371257485;-0.2871287128712871;83;0.15047021943573669;-0.026785714285714284;0.165;0.285;0.225;0.255;0.18;0.11;0.3;0.18;0.25;0.28;0.545;0.22916666666666669;0.441860465116279;0.3541666666666667;0.27906976744186046;0.4166666666666667;0.27906976744186046;0.165;0.0;0.01;0.145;0.06;0.03;0.395;0.075;0.12;57;0.631578947368421;0.18;211.0;0.04739336492890995;0.004739336492890996;0.052132701421800945;0.015781922525107604;0.04954596;-0.013924050632911392;0.032471835652750164;1.096880841662933;0.56;0.56;0.0;0.04487236240224288;0.2578444747612551;0.17735334242837653;0.4740791268758527;0.09072305593451568;0.3485675306957708;1.0281517747858018;0.7071943424452604;1.8903848769209848;0.3617571059431524;1.3899088807289541;1466.0;0.2796208530805687;0.4834123222748815;0.3027259684361549;0.5876777251184834;0.3306451612903225
Consumer Discretionary-08;2019;Germany;Consumer Discretionary;0.0209;4.127544;0.0019799774777561;0.0048359807065834;0.2979511662398502;-1.3248115222495804;-0.8090918606270832;-0.3136161223195782;1.6227;1.8704;200;841;0.14247669773635152;0.1395671250182049;0.19307589880159787;0.05059920106524634;0.07476635514018691;0.13861386138613863;0.05;0.075;0.15104895104895105;0.11779448621553884;0.16715116279069767;0.2276657060518732;29;0.3150684931506849;0.5185185185185185;58;0.19555555555555557;0.3793103448275862;53;0.04597701149425287;-0.20454545454545456;60;0.043689320388349516;-0.23404255319148937;49;0.1902654867256637;0.07317073170731707;33;0.1259259259259259;0.34177215189873417;53;0.005847953216374269;-0.3220338983050847;65;0.2100456621004566;0.3148148148148148;0.145;0.29;0.245;0.29;0.255;0.165;0.265;0.155;0.265;0.3;0.575;0.20714285714285713;0.41428571428571426;0.41428571428571426;0.3642857142857143;0.3785714285714286;0.22142857142857145;0.16;0.01;0.005;0.205;0.04;0.035;0.365;0.095;0.085;58;0.6896551724137931;0.2;265.0;0.026415094339622643;0.08679245283018867;0.11320754716981132;0.0356718192627824;0.120741785;0.012700165654334622;0.07251461988304093;1.3279863256853592;0.2857142857142857;0.2857142857142857;0.0;0.03968534558953509;0.26624857468643104;0.17730900798175597;0.4361459521094641;0.12029646522234892;0.3865450399087799;1.0989528179785857;0.7318508059771738;1.8002117896223084;0.4965290034121661;1.5954818213907518;1754.0;0.3773584905660377;0.4716981132075472;0.3151010701545779;0.6566037735849056;0.3735632183908046
Consumer Discretionary-08;2020;Germany;Consumer Discretionary;-0.2083;4.271491;0.0023634111357412;0.0059240717563621;-1.0795922034956555;-1.248171178483892;-0.6575298240266413;0.4770060094403683;0.1684;0.7357;200;619;0.0;0.009001860747466216;0.09324324324324325;0.09324324324324325;-0.4069767441860465;-0.3598326359832636;0.055;0.095;0.001447178002894356;-0.38589211618257263;0.024539877300613498;-0.26649076517150394;24;0.07608695652173914;-0.2537313432835821;34;0.0967741935483871;0.11428571428571428;71;0.061068702290076333;-0.29577464788732394;71;-0.13358778625954199;-0.6708860759493671;45;0.005208333333333333;-0.2571428571428571;11;0.02127659574468085;0.0;66;0.02066115702479339;-0.4857142857142857;78;-0.02702702702702703;-0.4537037037037037;0.12;0.285;0.225;0.17;0.14;0.055;0.355;0.195;0.33;0.355;0.52;0.18604651162790697;0.4596774193548387;0.26356589147286824;0.22580645161290325;0.5503875968992248;0.31451612903225806;0.12;0.0;0.01;0.085;0.02;0.015;0.52;0.095;0.135;57;0.5087719298245614;0.145;181.0;0.027624309392265192;0.10497237569060773;0.13259668508287292;0.03877221324717286;0.13087687;-0.22166785459729152;-0.16831683168316833;1.569365976145637;0.2972972972972973;0.2972972972972973;0.0;0.04300375469336671;0.2088235294117647;0.15955882352941175;0.5213235294117647;0.11029411764705882;0.3191176470588235;0.8919878136876159;0.6815540689091993;2.226828732058168;0.471120324130783;1.363108137818399;1360.0;-0.005524861878453;0.3812154696132597;0.2924071082390953;0.5580110497237569;0.4554455445544554
Consumer Discretionary-08;2021;Germany;Consumer Discretionary;-0.378;5.956919;0.0009478015627167;0.0048312577687093;-2.0995272377195446;-0.3508146423121293;-1.2170859961324831;-0.3170478748470453;-1.749;-1.299;200;429;0.041005291005291;0.04143447976894479;0.12169312169312169;0.08068783068783068;-0.3671875;-0.3002159827213823;0.04;0.11;0.046703296703296704;-0.3218884120171674;0.07368421052631578;-0.10179640718562874;29;0.1694915254237288;-0.05263157894736842;53;0.07575757575757576;-0.03225806451612903;70;0.046153846153846156;-0.40606060606060607;48;-0.08888888888888889;-0.6404494382022472;58;0.047619047619047616;-0.20958083832335328;35;0.0916030534351145;0.08333333333333333;78;0.027491408934707903;-0.45077720207253885;29;0.0;-0.6730769230769231;0.145;0.37;0.29;0.265;0.295;0.175;0.35;0.25;0.39;0.24;0.705;0.1907894736842105;0.40437158469945356;0.3486842105263158;0.3224043715846994;0.4605263157894737;0.27322404371584696;0.17;0.005;0.0;0.205;0.04;0.005;0.375;0.13;0.07;74;0.4864864864864865;0.18;176.0;0.028409090909090908;0.0625;0.09090909090909091;0.037296037296037296;0.09652644;-0.3904418394950406;-0.3366045142296369;2.21010755856785;-0.02564102564102564;0.08571428571428572;2.0865936358894106;0.04495884049813551;0.25223214285714285;0.22247023809523808;0.3645833333333333;0.16071428571428573;0.41294642857142855;1.502526371775552;1.325237124368407;2.171793280737523;0.9573619359985818;2.4598883077741336;1344.0;-0.0397727272727272;0.3693181818181818;0.4102564102564102;0.5340909090909091;0.4787234042553192
Consumer Discretionary-08;2022;Germany;Consumer Discretionary;-0.2869;6.644195;0.0011398698976082;0.0048543689320388;-1.5519958198185646;0.0151052372401175;-1.1411660360653766;-0.3002549812535456;-1.5671;-1.1466;200;545;0.059790732436472344;0.05748002946109515;0.12406576980568013;0.06427503736920777;-0.3804100227790433;-0.3096446700507614;0.065;0.115;0.06973058637083994;-0.3333333333333333;0.09075342465753425;-0.1357142857142857;38;0.08547008547008547;0.13636363636363635;47;0.18791946308724833;-0.045871559633027525;67;0.02654867256637168;-0.32727272727272727;48;-0.022598870056497175;-0.75;71;0.08677685950413223;-0.24369747899159663;28;0.10989010989010989;-0.07142857142857142;59;-0.005263157894736842;-0.5925925925925926;42;0.0684931506849315;-0.44871794871794873;0.19;0.45;0.355;0.235;0.3;0.14;0.335;0.25;0.295;0.24;0.75;0.25;0.45;0.30921052631578944;0.3;0.44078947368421056;0.25;0.175;0.015;0.015;0.165;0.05;0.02;0.345;0.105;0.11;90;0.43333333333333335;0.195;242.0;0.049586776859504134;0.049586776859504134;0.09917355371900827;0.044036697247706424;0.102740206;-0.311587982832618;-0.24835988753514526;2.0562747854550034;0.4146341463414634;0.5263157894736842;1.1516314779270633;0.05182635683590642;0.26437429537767754;0.19109357384441938;0.32074408117249154;0.2237880496054115;0.4881623449830891;1.756554307116105;1.2696629213483146;2.131086142322097;1.48689138576779;3.2434456928838946;1774.0;-0.0537190082644628;0.3347107438016529;0.4440366972477064;0.4545454545454545;0.509090909090909
Consumer Discretionary-08;2023;Germany;Consumer Discretionary;-0.2464;7.227651;0.0033523959771248;0.0038685916778855;-1.3085817427056152;0.3257492132323474;-0.2666080736651339;-1.0165344821994275;-1.6344;-2.0094;200;609;0.019908116385911178;0.017696276923233663;0.07350689127105667;0.05359877488514548;-0.2837465564738292;-0.19504643962848298;0.08;0.11;0.03333333333333333;-0.2781456953642384;0.03595890410958904;-0.1724137931034483;52;-0.012121212121212121;-0.13043478260869565;40;0.12307692307692308;-0.07894736842105263;59;0.01675977653631285;-0.22105263157894736;49;-0.0223463687150838;-0.5447154471544715;74;0.007662835249042145;-0.109375;27;0.021052631578947368;-0.45098039215686275;62;0.011299435028248588;-0.47540983606557374;37;0.058333333333333334;-0.12903225806451613;0.26;0.485;0.37;0.2;0.265;0.135;0.295;0.25;0.31;0.245;0.735;0.3443708609271523;0.485;0.26490066225165565;0.265;0.39072847682119205;0.25;0.2;0.035;0.02;0.14;0.035;0.005;0.365;0.09;0.11;97;0.3711340206185567;0.18;277.0;0.061371841155234655;0.05776173285198556;0.11913357400722022;0.054187192118226604;0.117756136;-0.3153153153153153;-0.25343811394891946;1.8524111547367361;0.2702702702702703;0.3722627737226277;0.7353924321433346;0.23146557727125017;0.2659217877094972;0.11731843575418995;0.4271880819366853;0.18957169459962755;0.4554934823091248;1.921989824759751;0.8479366873940078;3.087566287114054;1.3701580123287302;3.292147837088481;2685.0;-0.0252707581227436;0.3682310469314079;0.4548440065681445;0.4007220216606498;0.4594594594594595
Consumer Discretionary-08;2024;Germany;Consumer Discretionary;-0.1311;9.53806;0.002749761447934;0.0035714285714285;-0.6156029009494903;1.5558584895586374;-0.5048149046717246;-1.2324573397169591;-2.1716;-2.5354;200;1048;0.07653910149750416;0.07349009839151545;0.10815307820299501;0.03161397670549085;-0.08843537414965986;-0.028985507246376812;0.055;0.075;0.0843585237258348;-0.04182509505703422;0.08695652173913043;0.10407239819004525;70;0.12105263157894737;0.2564102564102564;47;0.14814814814814814;0.14285714285714285;42;0.013986013986013986;-0.20588235294117646;41;0.007518796992481203;-0.5384615384615384;105;0.1103448275862069;0.27007299270072993;28;0.12941176470588237;-0.02857142857142857;38;-0.007352941176470588;-0.5903614457831325;29;0.044444444444444446;-0.3333333333333333;0.35;0.665;0.525;0.235;0.21;0.14;0.21;0.235;0.19;0.205;0.835;0.44025157232704404;0.5990990990990992;0.29559748427672955;0.1891891891891892;0.2641509433962264;0.21171171171171171;0.235;0.085;0.035;0.165;0.015;0.01;0.315;0.045;0.095;133;0.49624060150375937;0.33;648.0;0.016975308641975308;0.044753086419753084;0.06172839506172839;0.03816793893129771;0.065757684;-0.09548387096774194;-0.0063784549964564135;1.876096639222567;-0.2484076433121019;0.07926829268292683;6.774040738986262;0.22174369747899159;0.40882297014641567;0.1359574063510173;0.23141281612473855;0.2238068073778285;0.6326297775242442;3.8993779131980335;1.2967698641565557;2.2072292652846546;2.1346826994577146;6.034060612655749;5259.0;0.0108024691358024;0.257716049382716;0.6183206106870229;0.3533950617283951;0.519650655021834
Financials-10;2018;Germany;Financials;-0.3316;4.752475;0.0030279674080598;0.0081971879091478;-1.8206528382617455;-0.9920854031235452;-0.3948468279707294;2.128683907920517;-0.8287;0.433;191;191;0.03271028037383177;0.0337020481858298;0.0794392523364486;0.04672897196261682;-0.33866666666666667;-0.30726256983240224;0.020942408376963352;0.07329842931937172;0.037037037037037035;-0.3240223463687151;0.03904923599320883;-0.20945945945945946;5;;;8;;;77;0.03088803088803089;-0.09090909090909091;101;0.017699115044247787;-0.4779116465863454;12;-0.020833333333333332;-0.26666666666666666;8;;;107;0.020114942528735632;-0.3612565445026178;64;0.05504587155963303;-0.3877551020408163;0.02617801047120419;0.07329842931937172;0.06282722513089005;0.041884816753926704;0.06282722513089005;0.041884816753926704;0.4031413612565445;0.225130890052356;0.5602094240837696;0.5287958115183246;0.3089005235602094;0.05555555555555555;0.20289855072463767;0.08888888888888889;0.17391304347826086;0.8555555555555555;0.6231884057971014;0.020942408376963352;0.0;0.0;0.02617801047120419;0.020942408376963352;0.005235602094240838;0.7801047120418848;0.015706806282722512;0.13089005235602094;14;0.14285714285714285;0.010471204188481676;18.0;0.0;0.0;0.0;0.0;0.0029995507;-0.33866666666666667;-0.30726256983240224;1.057674360729173;-0.17647058823529413;-0.125;0.6693440428380187;0.08504582455740878;0.08771929824561403;0.041666666666666664;0.8399122807017544;0.03070175438596491;0.11842105263157894;0.4168837936425221;0.198019801980198;3.991662324127149;0.1459093277748827;0.5627931214174048;456.0;-0.1666666666666666;0.3888888888888889;0.094240837696335;0.2777777777777778;0.6
Financials-10;2019;Germany;Financials;-0.2136;5.121951;0.0032391988685615;0.0078437033828978;-1.1114463913647576;-0.7953687806640876;-0.3113521485627066;1.871837121298399;-0.316;0.7756;200;245;0.049206349206349205;0.045251007685585626;0.08253968253968254;0.03333333333333333;-0.21003134796238246;-0.1737704918032787;0.02;0.05;0.051696284329563816;-0.17880794701986755;0.05324459234608985;-0.07575757575757576;8;;;9;;;91;0.016556291390728478;-0.18518518518518517;92;0.02888086642599278;-0.31313131313131315;12;0.1794871794871795;-0.037037037037037035;11;0.17647058823529413;1.0;114;0.019553072625698324;-0.4125874125874126;63;0.05527638190954774;-0.1223021582733813;0.04;0.095;0.06;0.045;0.105;0.055;0.455;0.25;0.57;0.46;0.37;0.07407407407407407;0.2111111111111111;0.08333333333333333;0.2333333333333333;0.8425925925925926;0.5555555555555556;0.03;0.0;0.0;0.045;0.01;0.0;0.78;0.02;0.115;19;0.3157894736842105;0.03;23.0;0.0;0.043478260869565216;0.043478260869565216;0.004081632653061225;0.044070512;-0.21914357682619648;-0.18635170603674542;0.8268733850129198;-0.06666666666666667;0.07692307692307693;1.397624039133473;0.06886097877869207;0.11564625850340136;0.08673469387755102;0.7636054421768708;0.034013605442176874;0.14965986394557823;0.5923344947735192;0.4442508710801394;3.911149825783972;0.1742160278745644;0.7665505226480835;588.0;-0.1739130434782608;0.217391304347826;0.0938775510204081;0.3043478260869565;0.7142857142857143
Financials-10;2020;Germany;Financials;-0.2739;5.661275;0.0034628218850343;0.0069316688567674;-1.4738629061773707;-0.5082215892597087;-0.2229593872556986;1.2091401149820444;-0.9654;-0.2494;200;360;0.06507936507936508;0.06465706598191034;0.10634920634920635;0.04126984126984127;-0.2608695652173913;-0.2119205298013245;0.035;0.065;0.06732348111658457;-0.24;0.06814310051107325;-0.13740458015267176;18;0.21153846153846154;-0.05263157894736842;31;0.2222222222222222;0.3448275862068966;77;0.039473684210526314;-0.5;74;-0.012396694214876033;-0.42028985507246375;31;0.11224489795918367;0.01639344262295082;20;0.2857142857142857;0.47368421052631576;92;0.01818181818181818;-0.5185185185185185;57;0.03608247422680412;-0.40869565217391307;0.09;0.19;0.155;0.155;0.19;0.1;0.385;0.265;0.46;0.37;0.475;0.14285714285714285;0.2945736434108527;0.24603174603174602;0.2945736434108527;0.6111111111111112;0.4108527131782946;0.09;0.0;0.0;0.115;0.01;0.02;0.61;0.05;0.105;38;0.6052631578947368;0.115;81.0;0.012345679012345678;0.07407407407407407;0.08641975308641975;0.019444444444444445;0.09504063;-0.27154471544715447;-0.21541155866900175;1.54445575485275;-0.3333333333333333;-0.2727272727272727;1.0251153254741159;0.06409329829172142;0.21953781512605042;0.09978991596638656;0.5735294117647058;0.10714285714285714;0.32668067226890757;1.2428639391056138;0.5649381541389153;3.246907706945766;0.6065651760228354;1.8494291151284492;952.0;-0.0864197530864197;0.3086419753086419;0.225;0.5185185185185185;0.5
Financials-10;2021;Germany;Financials;-0.2144;6.359627;0.0036250933945817;0.0044730062565467;-1.116254570665754;-0.1364046194759963;-0.1588173904407241;-0.5773584199157725;-0.9797;-1.189;200;430;0.08082408874801902;0.07642034418798287;0.1347068145800317;0.05388272583201268;-0.11450381679389313;-0.06072874493927125;0.06;0.06;0.08163265306122448;-0.07692307692307693;0.08163265306122448;-0.07692307692307693;27;0.011494252873563218;-0.25;35;0.2807017543859649;0.47692307692307695;71;0.03619909502262444;-0.24528301886792453;67;0.04784688995215311;-0.36538461538461536;65;0.018604651162790697;-0.2;21;0.24193548387096775;0.5555555555555556;59;0.055865921787709494;-0.3333333333333333;55;0.12571428571428572;-0.16216216216216217;0.135;0.36;0.325;0.175;0.265;0.105;0.355;0.295;0.295;0.335;0.625;0.20300751879699247;0.391304347826087;0.2631578947368421;0.2880434782608696;0.5338345864661653;0.32065217391304346;0.135;0.0;0.0;0.12;0.035;0.025;0.46;0.05;0.175;72;0.4722222222222222;0.17;161.0;0.055900621118012424;0.037267080745341616;0.09316770186335405;0.034883720930232565;0.0993621;-0.21418020679468242;-0.15286624203821655;1.4881856283787889;-0.21739130434782608;-0.16279069767441862;1.2515644555694618;0.06785946833507912;0.31290322580645163;0.14838709677419354;0.3258064516129032;0.2129032258064516;0.5258064516129032;1.9899476869422503;0.9436865319519951;2.0720073853728587;1.3539850241050364;3.3439327110472865;1240.0;-0.062111801242236;0.3105590062111801;0.3744186046511628;0.4161490683229814;0.5223880597014925
Financials-10;2022;Germany;Financials;-0.177;6.938628;0.0033348750030427;0.0037592100646584;-0.8914721883441662;0.1718674228776294;-0.2735336902869366;-1.096012687853818;-1.063;-1.4743;200;478;0.06677265500794913;0.06795872868718328;0.0985691573926868;0.03179650238473768;-0.13780918727915195;-0.07575757575757576;0.04;0.07;0.056666666666666664;-0.11811023622047244;0.060240963855421686;-0.04504504504504504;25;0.11538461538461539;0.0;38;0.1810344827586207;0.08823529411764706;70;0.024390243902439025;-0.24390243902439024;67;0.031746031746031744;-0.25773195876288657;69;0.0625;-0.058823529411764705;18;0.1746031746031746;0.42857142857142855;64;0.027777777777777776;-0.44680851063829785;49;0.08450704225352113;-0.10144927536231885;0.125;0.355;0.345;0.19;0.265;0.09;0.35;0.3;0.32;0.335;0.59;0.18796992481203006;0.3858695652173913;0.2857142857142857;0.2880434782608696;0.5263157894736842;0.32608695652173914;0.13;0.005;0.005;0.12;0.045;0.02;0.445;0.055;0.175;71;0.5070422535211268;0.18;170.0;0.1;0.047058823529411764;0.14705882352941177;0.05230125523012552;0.15388733;-0.18222222222222223;-0.1053484602917342;1.5633001805881241;-0.1111111111111111;0.0;2.1420921099607284;0.0701969826073881;0.32511356262167423;0.12654120700843607;0.31148604802076574;0.23685918234912395;0.5619727449707982;2.255842226124544;0.8780224233418885;2.161285965149264;1.643477869332253;3.8993200954567966;1541.0;-0.0705882352941176;0.3588235294117647;0.3556485355648535;0.4294117647058823;0.4794520547945205
Financials-10;2023;Germany;Financials;-0.1924;7.692308;0.0036554921540656;0.004211931504327;-0.9840296398883494;0.5731421579490382;-0.1468014972045484;-0.7670589759406068;-1.5569;-1.867;200;523;0.04792332268370607;0.04819458665939185;0.0926517571884984;0.04472843450479233;-0.1870967741935484;-0.11267605633802817;0.065;0.095;0.05102040816326531;-0.11827956989247312;0.06371681415929203;-0.02459016393442623;39;0.048;-0.1111111111111111;32;0.1981981981981982;0.375;67;0.021929824561403508;-0.3793103448275862;62;-0.018518518518518517;-0.47126436781609193;77;0.04201680672268908;-0.13761467889908258;15;0.20454545454545456;0.4166666666666667;56;0.010869565217391304;-0.504950495049505;52;0.05625;-0.02631578947368421;0.195;0.405;0.385;0.16;0.205;0.075;0.335;0.25;0.28;0.31;0.625;0.28260869565217395;0.4709302325581396;0.23188405797101452;0.2383720930232558;0.48550724637681164;0.29069767441860467;0.24;0.0;0.005;0.13;0.035;0.02;0.4;0.06;0.11;81;0.32098765432098764;0.13;215.0;0.08837209302325581;0.05116279069767442;0.13953488372093023;0.05736137667304015;0.14144287;-0.19367588932806323;-0.11304347826086956;1.7535834095760903;-0.1794871794871795;-0.1111111111111111;1.4634146341463414;0.09436567851224452;0.3749336165693043;0.10939989378651088;0.26712692511949016;0.24853956452469464;0.623473181093999;2.8841047428408024;0.8415376445116222;2.054822500919155;1.9118428040361128;4.795947546876915;1883.0;-0.0790697674418604;0.3255813953488372;0.4110898661567878;0.3767441860465116;0.5432098765432098
Financials-10;2024;Germany;Financials;-0.2403;9.149626;0.0033535057626334;0.0045066190967984;-1.2719193755355167;1.3490482379362942;-0.2661694023373148;-0.552934861409607;-2.6209;-2.7643;200;877;0.03286384976525822;0.031437352975955776;0.08450704225352113;0.051643192488262914;-0.22085889570552147;-0.05925925925925926;0.105;0.135;0.03237410071942446;-0.12903225806451613;0.03787878787878788;-0.009615384615384616;37;0.017094017094017096;0.1111111111111111;52;0.08928571428571429;-0.2892561983471074;52;0.03550295857988166;-0.2571428571428571;59;-0.010810810810810811;-0.3611111111111111;75;0.008733624454148471;-0.08571428571428572;32;0.07692307692307693;-0.18309859154929578;48;0.005681818181818182;-0.42574257425742573;45;0.07692307692307693;-0.14285714285714285;0.185;0.45;0.375;0.26;0.255;0.16;0.26;0.24;0.24;0.295;0.705;0.2624113475177305;0.47619047619047616;0.36879432624113473;0.2698412698412698;0.36879432624113473;0.25396825396825395;0.205;0.025;0.015;0.185;0.035;0.02;0.325;0.05;0.14;90;0.2111111111111111;0.095;418.0;0.11722488038277512;0.05263157894736842;0.16985645933014354;0.08095781071835804;0.17000948;-0.22517058377558757;-0.07844905320108206;3.1158656913512472;-0.37333333333333335;-0.21666666666666667;4.189944134078212;0.09603390694368068;0.38786952089704385;0.17889908256880735;0.2069317023445464;0.22629969418960244;0.6141692150866462;3.548860960197729;1.6368596544407397;1.8933476344813116;2.070557511600252;5.619418471797981;3924.0;-0.1124401913875598;0.3349282296650718;0.4766248574686431;0.2894736842105263;0.5041322314049587
Technology-03;2018;Germany;Technology;0.1464;5.895656;0.002978353750421;0.005756698044895;1.0522342940836809;-0.383432323681782;-0.41445790498065;0.3553899364218204;1.4354;1.8203;200;696;0.14858096828046743;0.15414563721925867;0.2020033388981636;0.05342237061769616;0.1702127659574468;0.23249299719887956;0.04;0.085;0.15716753022452504;0.19667590027700832;0.1851179673321234;0.4584837545126354;31;0.2079207920792079;0.6744186046511628;69;0.2826086956521739;0.391304347826087;43;0.07534246575342465;0.04225352112676056;57;0.02976190476190476;-0.3069306930693069;40;0.18382352941176472;0.6231884057971014;42;0.29906542056074764;0.5555555555555556;49;0.03048780487804878;-0.2867132867132867;69;0.140625;0.2391304347826087;0.155;0.25;0.2;0.345;0.31;0.21;0.215;0.205;0.245;0.285;0.61;0.2167832167832168;0.32679738562091504;0.4825174825174825;0.40522875816993464;0.30069930069930073;0.2679738562091503;0.115;0.005;0.015;0.235;0.125;0.07;0.29;0.06;0.085;50;0.64;0.16;193.0;0.025906735751295335;0.02072538860103627;0.046632124352331605;0.01293103448275862;0.052401178;0.14440993788819875;0.22527015793848712;1.7551829520112332;0.16022099447513813;0.22807017543859648;1.467997651203758;0.12331643736422881;0.3604834471886495;0.2674724119810825;0.2375197057277982;0.13452443510246978;0.4950078822911193;2.125286572897949;1.5769254600656797;1.400334593221389;0.7931098581076894;2.9183964310056387;1903.0;0.2487046632124352;0.3005181347150259;0.2772988505747126;0.4507772020725388;0.5862068965517241
Technology-03;2019;Germany;Technology;0.1117;6.50149;0.0031635330912751;0.0061230118598878;0.8436795169029563;-0.0608738401778385;-0.3412609973756821;0.6215586631673227;0.9047;1.3861;200;704;0.13993174061433447;0.13729082439539783;0.1962457337883959;0.05631399317406143;0.19220055710306408;0.26627218934911245;0.045;0.08;0.1486013986013986;0.23214285714285715;0.1705989110707804;0.4125874125874126;43;0.2014388489208633;0.5555555555555556;68;0.2777777777777778;0.43283582089552236;41;0.045112781954887216;0.04;48;-0.014925373134328358;-0.17355371900826447;58;0.19230769230769232;0.47058823529411764;30;0.2962962962962963;0.7241379310344828;53;0.0;-0.2871287128712871;59;0.1419753086419753;0.18181818181818182;0.215;0.315;0.29;0.34;0.235;0.15;0.205;0.145;0.265;0.24;0.56;0.28289473684210525;0.4532374100719424;0.4473684210526316;0.33812949640287765;0.26973684210526316;0.20863309352517984;0.165;0.01;0.02;0.22;0.08;0.055;0.3;0.04;0.11;63;0.6190476190476191;0.195;202.0;0.034653465346534656;0.034653465346534656;0.06930693069306931;0.01988636363636364;0.07900439;0.07264296754250386;0.16345347862531434;2.1404653922773704;0.40229885057471265;0.46107784431137727;0.9723572718433117;0.1323710581961938;0.39025566811384466;0.24457308248914617;0.23492522913651712;0.13024602026049203;0.5205016883743367;2.537243217814019;1.5900893837227537;1.5273639642465109;0.8467931629292771;3.384036380743296;2073.0;0.2376237623762376;0.3514851485148514;0.2869318181818182;0.4653465346534653;0.4787234042553192
Technology-03;2020;Germany;Technology;0.1097;6.677976;0.0033876007235652;0.0055333176359783;0.831659068650465;0.0330909365096316;-0.2526924902065926;0.1930786159426791;0.7985;1.0214;200;757;0.1388888888888889;0.13531837463378907;0.20555555555555555;0.06666666666666667;0.008746355685131196;0.06134969325153374;0.04;0.06;0.15310077519379844;0.05362776025236593;0.16498993963782696;0.13793103448275862;43;0.205607476635514;0.4222222222222222;68;0.25268817204301075;0.2571428571428571;47;0.031007751937984496;-0.3333333333333333;42;0.01694915254237288;-0.32653061224489793;54;0.16546762589928057;0.029411764705882353;34;0.36470588235294116;0.36;43;0.0136986301369863;-0.4157303370786517;69;0.11176470588235295;0.0990990990990991;0.215;0.28;0.27;0.34;0.235;0.17;0.235;0.18;0.215;0.21;0.56;0.2721518987341772;0.4028776978417266;0.43037974683544306;0.33812949640287765;0.2974683544303797;0.2589928057553956;0.175;0.005;0.025;0.225;0.135;0.035;0.23;0.055;0.115;56;0.625;0.175;232.0;0.034482758620689655;0.04310344827586207;0.07758620689655173;0.023778071334214;0.08691187;0.09832483612527312;0.17262830482115085;1.6830782921591765;0.18974358974358974;0.28888888888888886;1.9312475859405176;0.13063002455514816;0.4225232853513971;0.23327688399661303;0.21507197290431837;0.12912785774767147;0.5516511430990686;2.8216002261803785;1.557817359344077;1.4362454057110543;0.8623126943737631;3.6839129205541417;2362.0;0.2025862068965517;0.3103448275862069;0.3064729194187582;0.4008620689655172;0.5268817204301075
Technology-03;2021;Germany;Technology;0.1195;7.974513;0.0026293886198547;0.0035503647369237;0.8905592650876725;0.7233939048586377;-0.5523953676674178;-1.247762615633524;0.1673;-0.1803;200;609;0.14776632302405499;0.14206291801741033;0.18900343642611683;0.041237113402061855;0.21739130434782608;0.2862190812720848;0.065;0.075;0.16044776119402984;0.2706766917293233;0.16159695817490494;0.30739299610894943;54;0.17365269461077845;0.42857142857142855;54;0.32413793103448274;0.6727272727272727;53;0.05263157894736842;-0.3225806451612903;39;0.01694915254237288;-0.3333333333333333;76;0.15486725663716813;0.5257731958762887;33;0.25274725274725274;0.5272727272727272;49;0.040268456375838924;-0.4418604651162791;42;0.1896551724137931;0.3770491803278688;0.27;0.405;0.38;0.27;0.27;0.165;0.265;0.22;0.245;0.195;0.715;0.33540372670807456;0.45251396648044695;0.33540372670807456;0.3016759776536313;0.32919254658385094;0.24581005586592178;0.22;0.01;0.045;0.22;0.13;0.015;0.305;0.025;0.03;81;0.6419753086419753;0.26;236.0;0.01694915254237288;0.09745762711864407;0.11440677966101695;0.04433497536945813;0.111819096;0.15680166147455868;0.22417582417582418;1.2564303155299528;-0.035398230088495575;0.06341463414634146;2.243350069437026;0.181611826788763;0.4126853377265239;0.20181219110378912;0.21869851729818782;0.16680395387149918;0.5794892915980231;3.2909646270568524;1.6093539593391797;1.744014188590009;1.3301803133313628;4.621144940388215;2428.0;0.2033898305084746;0.3940677966101695;0.3875205254515599;0.4279661016949153;0.495049504950495
Technology-03;2022;Germany;Technology;-0.0202;7.730092;0.0026208026208026;0.004543000242045;0.0509309546511535;0.593259136759592;-0.5557892051031403;-0.5264998138861073;-0.5423;-0.5277;200;606;0.08896797153024912;0.09163382723662353;0.15658362989323843;0.06761565836298933;0.012121212121212121;0.09508196721311475;0.05;0.075;0.09665427509293681;0.0429042904290429;0.12138728323699421;0.2601626016260163;57;0.06097560975609756;0.39285714285714285;55;0.2631578947368421;0.44144144144144143;47;0.038461538461538464;-0.13846153846153847;41;-0.04310344827586207;-0.5918367346938775;80;0.10407239819004525;0.6;32;0.1839080459770115;0.2608695652173913;42;-0.0364963503649635;-0.4927536231884058;46;0.13675213675213677;0.2112676056338028;0.285;0.46;0.4;0.275;0.27;0.16;0.235;0.215;0.21;0.205;0.715;0.3584905660377358;0.4867724867724868;0.3459119496855346;0.28571428571428575;0.29559748427672955;0.22751322751322753;0.21;0.03;0.015;0.18;0.065;0.04;0.285;0.095;0.08;92;0.6304347826086957;0.29;245.0;0.02040816326530612;0.04897959183673469;0.06938775510204082;0.028052805280528052;0.07486197;-0.056716417910447764;0.030434782608695653;1.9319938176197837;0.18478260869565216;0.3132530120481928;1.853186451147946;0.18084492356960657;0.39877800407331976;0.1975560081466395;0.20285132382892057;0.20081466395112016;0.5995926680244399;3.082590761673856;1.5271261689599798;1.568059447715608;1.5523158789634437;4.6349066406373;2455.0;0.110204081632653;0.3755102040816326;0.4042904290429043;0.4122448979591837;0.5247524752475248
Technology-03;2023;Germany;Technology;-0.0537;8.30135;0.0025382081330669;0.0043563332964152;-0.1504115535780761;0.897408646641004;-0.588436805313763;-0.6621346199191219;-1.0477;-1.0845;200;632;0.09945750452079566;0.10229972991115577;0.16455696202531644;0.0650994575045208;-0.125;-0.031141868512110725;0.07;0.1;0.1095890410958904;-0.09747292418772563;0.13958333333333334;0.1724137931034483;62;0.08743169398907104;-0.014492753623188406;54;0.3106060606060606;0.37209302325581395;49;0.04195804195804196;-0.25333333333333335;35;-0.08421052631578947;-0.5777777777777777;83;0.08898305084745763;0.08108108108108109;39;0.28125;0.38461538461538464;39;-0.03418803418803419;-0.580952380952381;39;0.10576923076923077;-0.056179775280898875;0.31;0.405;0.415;0.27;0.28;0.195;0.245;0.235;0.195;0.175;0.71;0.37575757575757573;0.44021739130434784;0.32727272727272727;0.30434782608695654;0.29696969696969694;0.2554347826086956;0.24;0.03;0.015;0.215;0.055;0.01;0.29;0.07;0.075;81;0.5802469135802469;0.235;260.0;0.007692307692307693;0.09230769230769231;0.1;0.04113924050632911;0.102280825;-0.08193484698914116;-0.002145922746781116;1.8625827814569536;0.09547738693467336;0.23163841807909605;2.0587684821261463;0.1972532949385314;0.4045488441461596;0.19985085756897839;0.19425801640566742;0.20134228187919462;0.6058911260253542;3.358301349510957;1.6590318187445834;1.6126036894886715;1.6714126532128264;5.029714002723783;2682.0;0.1461538461538461;0.3807692307692307;0.4113924050632911;0.4076923076923077;0.4811320754716981
Technology-03;2024;Germany;Technology;-0.124;8.413385;0.0028277706580486;0.0053108181222769;-0.5729303096531462;0.9570583851821958;-0.4739797536297116;0.0314073662123132;-1.5299;-1.2772;200;797;0.05546218487394958;0.06058585543592437;0.10756302521008404;0.052100840336134456;-0.2879581151832461;-0.1782477341389728;0.095;0.14;0.059813084112149535;-0.2413793103448276;0.08213552361396304;0.0045662100456621;39;0.024793388429752067;0.1724137931034483;62;0.13541666666666666;-0.034482758620689655;56;0.07738095238095238;-0.3983739837398374;43;-0.07894736842105263;-0.543859649122807;65;0.042105263157894736;0.19148936170212766;41;0.14285714285714285;0.0;47;0.0;-0.6046511627906976;47;0.056338028169014086;-0.1724137931034483;0.195;0.38;0.325;0.31;0.245;0.205;0.28;0.24;0.235;0.215;0.64;0.2484076433121019;0.4393063583815029;0.3949044585987261;0.2832369942196532;0.356687898089172;0.2774566473988439;0.165;0.005;0.015;0.225;0.1;0.005;0.305;0.11;0.07;76;0.5657894736842105;0.215;285.0;0.03508771929824561;0.07719298245614035;0.11228070175438597;0.04015056461731493;0.1174819;-0.10576221735959154;0.030252100840336135;3.1431796474776417;-0.19101123595505617;0.09505703422053231;7.352359870345482;0.18009795825383718;0.3957001743172574;0.21934921557234166;0.17547937245787332;0.2094712376525276;0.605171411969785;3.3291779716946546;1.845469433648652;1.4763755469189217;1.7623622008750703;5.091540172569725;3442.0;0.0070175438596491;0.2982456140350877;0.3575909661229611;0.3789473684210526;0.5462962962962963
Industrials-09;2020;Germany;Industrials;-0.2899;8.082484;0.0027418723070896;0.0058370920668612;-1.5700264921973015;0.7808798862040293;-0.5079332909388212;0.4138053539924649;-2.3511;-1.8903;44;44;-0.09;-0.08710279464721679;0.05;0.14;-0.21875;-0.038461538461538464;0.11363636363636363;0.1590909090909091;-0.04395604395604396;-0.09433962264150944;-0.022727272727272728;0.23076923076923078;11;-0.09090909090909091;-0.125;2;;;21;-0.08108108108108109;-0.5789473684210527;10;-0.11428571428571428;-0.07142857142857142;12;0.03571428571428571;0.5;6;;;21;-0.20512820512820512;-0.8181818181818182;5;;;0.25;0.36363636363636365;0.2727272727272727;0.045454545454545456;0.18181818181818182;0.13636363636363635;0.4772727272727273;0.3409090909090909;0.4772727272727273;0.22727272727272727;0.7272727272727273;0.3235294117647059;0.4102564102564103;0.05882352941176471;0.20512820512820515;0.6176470588235294;0.38461538461538464;0.13636363636363635;0.0;0.06818181818181818;0.022727272727272728;0.0;0.0;0.6363636363636364;0.09090909090909091;0.045454545454545456;16;0.25;0.09090909090909091;17.0;0.0;0.0;0.0;0.0;0.011786191;-0.21875;-0.038461538461538464;5.410279531109108;-0.3333333333333333;-0.24731182795698925;2.255639097744361;0.7057574953568586;0.1935483870967742;0.1378299120234604;0.5102639296187683;0.15835777126099707;0.3519061583577713;1.5643517421189856;1.1140080587817018;4.124200047404599;1.2799241526428065;2.8442758947617923;341.0;0.1176470588235294;0.2941176470588235;0.3863636363636363;0.2352941176470588;0.5
Industrials-09;2018;Germany;Industrials;-0.3521;2.694532;0.0011451368623249;0.0089066110158753;-1.943862432849782;-2.0877765878664865;-1.1390841325012258;2.6441606311918053;0.1439;2.0355;200;255;-0.03508771929824561;-0.03382940974473631;0.11740890688259109;0.1524966261808367;-0.3888888888888889;-0.3319838056680162;0.045;0.135;-0.03531073446327684;-0.3671875;0.019543973941368076;-0.16332378223495703;11;0.22727272727272727;0.4375;12;0.24444444444444444;0.32;70;-0.008583690987124463;-0.04;107;-0.10739856801909307;-0.618798955613577;37;0.17482517482517482;0.31645569620253167;15;0.021739130434782608;0.75;65;-0.11555555555555555;-0.6787564766839378;83;-0.07951070336391437;-0.4230769230769231;0.055;0.15;0.185;0.06;0.07;0.075;0.35;0.165;0.325;0.535;0.365;0.11827956989247312;0.3896103896103896;0.12903225806451613;0.18181818181818182;0.7526881720430108;0.4285714285714286;0.085;0.0;0.01;0.025;0.01;0.01;0.53;0.055;0.275;30;0.3;0.045;58.0;0.0;0.0;0.0;0.0;0.002007986;-0.34011627906976744;-0.2747603833865815;2.456418383518225;-0.7272727272727273;-0.6842105263157895;1.8820577164366374;0.05940225087575464;0.3;0.13170731707317074;0.5463414634146342;0.02195121951219512;0.32195121951219513;0.8083596214511041;0.3548895899053628;1.4721345951629865;0.0591482649842271;0.8675078864353312;410.0;0.3103448275862069;0.4137931034482758;0.2274509803921568;0.3620689655172414;0.4761904761904761
Industrials-09;2019;Germany;Industrials;-0.2554;2.705684;0.0015091839363934;0.0089551129607609;-1.3626737598418264;-2.0818390336717134;-0.995185142897175;2.679402820774901;0.7191;2.5564;200;254;-0.009628610729023384;-0.005378639845605402;0.11416781292984869;0.12379642365887207;-0.3132075471698113;-0.2384937238493724;0.045;0.13;-0.002886002886002886;-0.2701612903225806;0.04133545310015898;-0.045454545454545456;13;0.2777777777777778;0.6097560975609756;12;0.05;0.06666666666666667;71;0.004016064257028112;0.0;104;-0.06510416666666667;-0.5258855585831063;37;0.2413793103448276;0.4725274725274725;14;-0.05454545454545454;-0.2;63;-0.08888888888888889;-0.653179190751445;86;-0.06291390728476821;-0.3775933609958506;0.065;0.155;0.185;0.06;0.09;0.07;0.355;0.2;0.315;0.52;0.39;0.13541666666666669;0.34831460674157305;0.125;0.20224719101123595;0.7395833333333334;0.44943820224719105;0.075;0.0;0.015;0.03;0.02;0.01;0.53;0.055;0.265;31;0.25806451612903225;0.04;55.0;0.01818181818181818;0.0;0.01818181818181818;0.003937007874015748;0.010988277;-0.25748502994011974;-0.18821603927986907;2.2634316801016556;-0.2;-0.09090909090909091;1.735106998264893;0.06424643281807373;0.31654676258992803;0.1342925659472422;0.47721822541966424;0.07194244604316546;0.38848920863309355;0.8564754736568907;0.3633532312483779;1.2912016610433428;0.1946535167402024;1.051128990397093;417.0;0.1454545454545454;0.2909090909090909;0.2165354330708661;0.3272727272727272;0.6111111111111112
Industrials-09;2021;Germany;Industrials;-0.3058;4.056313;0.002304599391978;0.0109582186639979;-1.6655890558046078;-1.362736371859324;-0.6807766816646053;4.134887360929844;-0.3027;2.1051;173;173;-0.02680067001675042;-0.02277820433803539;0.1273031825795645;0.1541038525963149;-0.34074074074074073;-0.2644628099173554;0.06358381502890173;0.16184971098265896;-0.005385996409335727;-0.32007952286282304;0.041928721174004195;-0.08781869688385269;11;0.3269230769230769;0.7142857142857143;14;0.0;-0.1590909090909091;40;0.0;-0.14285714285714285;108;-0.0868421052631579;-0.5108695652173914;33;0.29365079365079366;0.7435897435897436;9;;;62;-0.14150943396226415;-0.6909871244635193;69;-0.09170305676855896;-0.35;0.06358381502890173;0.2023121387283237;0.1907514450867052;0.08092485549132948;0.10404624277456648;0.05202312138728324;0.23121387283236994;0.3063583815028902;0.3583815028901734;0.6242774566473989;0.5028901734104047;0.16923076923076924;0.330188679245283;0.2153846153846154;0.16981132075471697;0.6153846153846154;0.5;0.07514450867052024;0.0;0.023121387283236993;0.07514450867052024;0.04046242774566474;0.005780346820809248;0.5144508670520231;0.04046242774566474;0.2254335260115607;35;0.2571428571428571;0.05202312138728324;38.0;0.0;0.0;0.0;0.0;0.0025494443;-0.34074074074074073;-0.2644628099173554;3.5355767409558685;0.0;0.08196721311475409;1.20598166907863;0.20745559169377034;0.1843817787418655;0.14316702819956617;0.4967462039045553;0.175704989154013;0.3600867678958785;0.7479102507699076;0.5807303123625165;2.014958205015398;0.7127144742630884;1.460624725032996;461.0;0.131578947368421;0.2894736842105263;0.2196531791907514;0.3684210526315789;0.6428571428571429
Industrials-09;2022;Germany;Industrials;-0.3029;4.491188;0.0020415346708905;0.0094370204949032;-1.6481594058384954;-1.1311999765533869;-0.7847597933592434;3.029563555974659;-0.517;1.3901;200;262;-0.014446227929373997;-0.01647489985531827;0.13162118780096307;0.14606741573033707;-0.4093457943925234;-0.34710743801652894;0.04;0.13;0.0017123287671232876;-0.3972055888223553;0.05138339920948617;-0.14540059347181009;11;0.3018867924528302;0.6;25;0.03529411764705882;-0.14285714285714285;51;0.04201680672268908;-0.3584905660377358;113;-0.09016393442622951;-0.5597826086956522;47;0.16666666666666666;0.38235294117647056;14;0.10714285714285714;0.0;65;-0.15422885572139303;-0.7265625;74;-0.029411764705882353;-0.30256410256410254;0.055;0.215;0.235;0.125;0.145;0.07;0.255;0.33;0.325;0.565;0.52;0.12643678160919541;0.3115942028985507;0.28735632183908044;0.21014492753623187;0.5862068965517242;0.47826086956521746;0.045;0.0;0.01;0.065;0.045;0.02;0.58;0.04;0.195;43;0.2558139534883721;0.055;68.0;0.014705882352941176;0.014705882352941176;0.029411764705882353;0.007633587786259542;0.03533716;-0.3342981186685962;-0.27330173775671407;2.6215874163804016;-0.0707070707070707;-0.010752688172043012;1.064018442986345;0.20311205561358642;0.13220815752461323;0.13642756680731363;0.4191279887482419;0.31223628691983124;0.4444444444444444;0.5937717137262334;0.6127218748026025;1.8823826669193355;1.4023119196513172;1.9960836333775505;711.0;0.0441176470588235;0.2647058823529412;0.2595419847328244;0.3382352941176471;0.5217391304347826
Industrials-09;2024;Germany;Industrials;-0.082;4.968919;0.0074965924579736;0.0073459107763345;-0.3205008963508284;-0.8768461653067052;1.371492405073303;1.5101340709373876;0.5564;0.6257;200;396;0.00823045267489712;0.009693718741460102;0.12757201646090535;0.11934156378600823;-0.20250521920668058;-0.15486725663716813;0.03;0.065;0.020028612303290415;-0.18695652173913044;0.04078549848942598;-0.04838709677419355;19;0.16176470588235295;0.2682926829268293;18;0.16417910447761194;0.25;72;0.0;-0.14583333333333334;91;-0.050473186119873815;-0.39568345323741005;57;0.14285714285714285;0.14285714285714285;12;0.14893617021276595;0.6190476190476191;60;-0.0823045267489712;-0.5540540540540541;71;-0.032;-0.2655367231638418;0.095;0.26;0.285;0.09;0.135;0.06;0.36;0.285;0.3;0.455;0.545;0.17431192660550462;0.3823529411764706;0.1651376146788991;0.19852941176470593;0.6605504587155964;0.41911764705882354;0.085;0.0;0.005;0.065;0.025;0.015;0.59;0.04;0.175;52;0.25;0.065;124.0;0.03225806451612903;0.008064516129032258;0.04032258064516129;0.012626262626262626;0.04445794;-0.1271617497456765;-0.07042253521126761;1.5785319652722967;0.4936708860759494;0.6164383561643836;1.2317799219872716;0.11359343298896947;0.3045267489711934;0.07818930041152264;0.2748971193415638;0.34238683127572017;0.6469135802469136;1.5131686569605758;0.3885162767871749;1.3659414362833306;1.7012923278259446;3.2144609847865206;1215.0;0.1774193548387097;0.2983870967741935;0.3131313131313131;0.3709677419354839;0.5217391304347826
Industrials-09;2023;Germany;Industrials;-0.2019;5.26723;0.0071982281284606;0.0088922764227642;-1.041126769087683;-0.7180192526993825;1.253556213275382;2.6337449159207726;-0.3232;0.3669;200;295;0.04792332268370607;0.047356090606591954;0.14217252396166133;0.09424920127795527;-0.25301204819277107;-0.211864406779661;0.03;0.085;0.03685092127303183;-0.2542372881355932;0.07692307692307693;-0.06086956521739131;13;0.23636363636363636;0.6551724137931034;25;0.06172839506172839;-0.18840579710144928;55;0.02857142857142857;-0.2631578947368421;107;0.022857142857142857;-0.345679012345679;59;0.22981366459627328;0.5402298850574713;9;;;50;-0.08620689655172414;-0.6111111111111112;82;0.007547169811320755;-0.3059360730593607;0.065;0.265;0.295;0.125;0.12;0.045;0.275;0.27;0.25;0.535;0.485;0.13978494623655913;0.40458015267175573;0.26881720430107525;0.18320610687022898;0.5913978494623656;0.4122137404580153;0.06;0.0;0.01;0.05;0.04;0.015;0.6;0.035;0.19;53;0.2641509433962264;0.07;88.0;0.011363636363636364;0.011363636363636364;0.022727272727272728;0.006779661016949152;0.02542284;-0.27123287671232876;-0.21068249258160238;2.2343693891393688;0.2777777777777778;0.38;1.245136186770428;0.20404598577235772;0.2780692549842602;0.09863588667366212;0.29590766002098634;0.3273871983210913;0.6054564533053515;1.4646548388879677;0.5195379428508262;1.5586138285524789;1.7244238103133809;3.1890786492013485;953.0;0.1022727272727272;0.2727272727272727;0.2983050847457627;0.3181818181818182;0.5714285714285714
Consumer Discretionary-05;2018;Germany;Consumer Discretionary;-0.13;3.534639;0.0016779592616979;0.0064687308130865;-0.6089916544106202;-1.6404863402061585;-0.9284723452636228;0.8727628761083374;1.0314;1.932;200;314;0.0811044003451251;0.07724600685784486;0.16824849007765316;0.08714408973252805;-0.13910761154855644;-0.10259917920656635;0.035;0.12;0.08228980322003578;-0.13934426229508196;0.10824230387288977;-0.008403361344537815;37;0.11290322580645161;-0.08860759493670886;31;0.2570093457943925;0.38011695906432746;53;0.08424908424908426;-0.16312056737588654;79;-0.02830188679245283;-0.4589041095890411;48;0.13479623824451412;0.03361344537815126;13;0.20833333333333334;0.22727272727272727;66;0.005208333333333333;-0.5263157894736842;73;0.08854166666666667;-0.08275862068965517;0.185;0.275;0.24;0.155;0.085;0.065;0.265;0.115;0.33;0.395;0.43;0.30578512396694213;0.5789473684210527;0.256198347107438;0.17894736842105263;0.4380165289256199;0.24210526315789474;0.135;0.01;0.01;0.14;0.055;0.005;0.405;0.11;0.13;55;0.6;0.165;112.0;0.0625;0.017857142857142856;0.08035714285714285;0.028662420382165606;0.08227665;-0.14215283483976993;-0.10539845758354756;1.1377340887887684;0.3793103448275862;0.3793103448275862;0.0;0.03633453205859135;0.32685714285714285;0.10971428571428571;0.4502857142857143;0.11314285714285714;0.44;1.1553221571399717;0.3878004443546758;1.591597657038982;0.3999192082407594;1.555241365380731;875.0;-0.0446428571428571;0.5;0.3566878980891719;0.6071428571428571;0.4411764705882353
Consumer Discretionary-05;2019;Germany;Consumer Discretionary;-0.0754;3.232556;0.0019470479317387;0.0065196961390868;-0.2808334171176069;-1.8013215432028895;-0.8221081124734951;0.909794992764733;1.5203;2.3863;200;373;0.13133208255159476;0.13184548497870985;0.225140712945591;0.09380863039399624;-0.0199203187250996;0.00819672131147541;0.025;0.085;0.12971926427879962;-0.03856749311294766;0.15762004175365343;0.10673234811165845;39;0.16546762589928057;0.035175879396984924;37;0.3473684210526316;0.6462585034013606;39;0.06358381502890173;-0.25757575757575757;85;0.04;-0.3018181818181818;56;0.19302949061662197;0.1881918819188192;9;;;57;0.048582995951417005;-0.36774193548387096;78;0.09045226130653267;-0.11971830985915492;0.195;0.31;0.28;0.185;0.105;0.045;0.195;0.105;0.285;0.425;0.465;0.33913043478260874;0.5961538461538461;0.32173913043478264;0.2019230769230769;0.33913043478260874;0.2019230769230769;0.195;0.01;0.02;0.12;0.045;0.015;0.35;0.085;0.16;62;0.5645161290322581;0.175;128.0;0.0703125;0.078125;0.1484375;0.05093833780160858;0.14887479;-0.0805886475122635;-0.04023408924652524;1.2161504783525214;0.3333333333333333;0.3333333333333333;0.0;0.034066880726760125;0.328125;0.11272321428571429;0.44642857142857145;0.11272321428571429;0.4408482142857143;1.0606825889313805;0.3643841547009164;1.443105563171946;0.3643841547009164;1.4250667436322968;896.0;0.1015625;0.5234375;0.3431635388739946;0.6484375;0.4337349397590361
Consumer Discretionary-05;2020;Germany;Consumer Discretionary;-0.1169;3.318457;0.0019136185856008;0.0066601270070731;-0.530257718356802;-1.7555860838337023;-0.8353219232002591;1.0118340199535176;1.2254;2.149;200;431;0.05826906598114824;0.05899768296530233;0.1610968294772922;0.10282776349614396;-0.17922077922077922;-0.1377899045020464;0.055;0.15;0.05655296229802514;-0.17695473251028807;0.09221311475409837;-0.020689655172413793;34;0.056074766355140186;-0.1111111111111111;36;0.25870646766169153;0.36423841059602646;56;0.07164179104477612;-0.006060606060606061;74;-0.047961630695443645;-0.5426829268292683;49;0.08441558441558442;0.023696682464454975;18;0.08849557522123894;0.30434782608695654;67;0.03081232492997199;-0.40077821011673154;66;0.05398457583547558;-0.2109375;0.17;0.265;0.245;0.18;0.12;0.09;0.28;0.18;0.335;0.37;0.48;0.2698412698412699;0.46902654867256643;0.2857142857142857;0.21238938053097348;0.4444444444444445;0.3185840707964602;0.16;0.0;0.01;0.11;0.065;0.015;0.41;0.105;0.125;53;0.49056603773584906;0.13;125.0;0.096;0.064;0.16;0.04640371229698376;0.16289566;-0.12421580928481807;-0.08218277449046679;1.2895703787450536;0.391304347826087;0.391304347826087;0.0;0.02579723613334022;0.28530259365994237;0.14985590778097982;0.45821325648414984;0.10662824207492795;0.3919308357348703;0.9467644246094996;0.4972904048453937;1.520561045584954;0.3538412496015301;1.3006056742110297;1041.0;0.016;0.48;0.2900232018561485;0.632;0.4683544303797468
Consumer Discretionary-05;2021;Germany;Consumer Discretionary;-0.1749;4.415771;0.0022848786729424;0.0074680498703246;-0.8788507176790504;-1.1713535386684493;-0.6885718041793105;1.5988820400355326;0.2923;1.436;200;511;0.07854984894259819;0.07657403552160043;0.1540785498489426;0.0755287009063444;-0.13968253968253969;-0.10264900662251655;0.025;0.095;0.08247422680412371;-0.1312803889789303;0.10011376564277588;0.002028397565922921;38;0.17553191489361702;0.08695652173913043;37;0.33668341708542715;0.3898305084745763;42;0.008097165991902834;0.018867924528301886;83;-0.06685236768802229;-0.6549019607843137;58;0.12027491408934708;0.006134969325153374;22;0.09774436090225563;0.4230769230769231;56;-0.02681992337164751;-0.47191011235955055;64;0.12012987012987013;-0.11392405063291139;0.19;0.355;0.29;0.185;0.14;0.11;0.21;0.14;0.28;0.415;0.57;0.3247863247863248;0.5590551181102362;0.3162393162393163;0.22047244094488191;0.358974358974359;0.22047244094488191;0.19;0.015;0.01;0.145;0.04;0.02;0.375;0.04;0.165;71;0.5211267605633803;0.185;187.0;0.08021390374331551;0.03208556149732621;0.11229946524064172;0.0410958904109589;0.11134736;-0.17307692307692307;-0.13131313131313133;1.229205932967303;-0.23076923076923078;-0.23076923076923078;0.0;0.04672999406305659;0.3064935064935065;0.12467532467532468;0.42142857142857143;0.1474025974025974;0.4538961038961039;1.353405017921147;0.5505376344086022;1.860931899641577;0.6508960573476702;2.0043010752688173;1540.0;-0.0213903743315508;0.4331550802139037;0.3659491193737769;0.4866310160427807;0.4615384615384615
Consumer Discretionary-05;2022;Germany;Consumer Discretionary;-0.2393;4.394885;0.0019377437706506;0.0073934566000279;-1.265909151409271;-1.1824736746899722;-0.8257858219651177;1.5446815295278034;-0.0836;1.1016;200;577;0.08544600938967137;0.08671813391743691;0.1596244131455399;0.07417840375586854;-0.20552147239263804;-0.1751592356687898;0.03;0.085;0.08657587548638132;-0.19554848966613672;0.10651499482936919;-0.08411214953271028;32;0.1641025641025641;-0.02040816326530612;36;0.16942148760330578;0.19760479041916168;32;0.027932960893854747;0.21518987341772153;100;0.028953229398663696;-0.5909090909090909;58;0.17857142857142858;-0.05813953488372093;19;0.12213740458015267;0.45098039215686275;58;0.016339869281045753;-0.42011834319526625;65;0.03424657534246575;-0.2923076923076923;0.16;0.31;0.29;0.18;0.12;0.095;0.16;0.12;0.29;0.5;0.44;0.32;0.5636363636363636;0.36;0.21818181818181814;0.32;0.21818181818181814;0.18;0.01;0.005;0.105;0.06;0.015;0.415;0.075;0.135;62;0.45161290322580644;0.14;208.0;0.07692307692307693;0.04807692307692308;0.125;0.045060658578856154;0.119596295;-0.24205128205128204;-0.20877944325481798;1.085287733601567;-0.11627906976744186;-0.11627906976744186;0.0;0.038519781632159626;0.3351063829787234;0.1026595744680851;0.4026595744680851;0.1595744680851064;0.4946808510638298;1.4727540500736376;0.4511770343876382;1.769642564929752;0.701311452416018;2.174065502489656;1880.0;-0.0288461538461538;0.4423076923076923;0.3604852686308492;0.5336538461538461;0.4054054054054054
Consumer Discretionary-05;2023;Germany;Consumer Discretionary;-0.1746;4.77953;0.001858072772466;0.0070562487422016;-0.8770476504411767;-0.9776807646067248;-0.8572778375755784;1.2996615971838024;0.1004;1.1789;200;522;0.09523809523809523;0.091632097616963;0.16338259441707717;0.06814449917898194;-0.1726027397260274;-0.1396011396011396;0.04;0.105;0.09556313993174062;-0.16642958748221906;0.11959521619135234;-0.0017699115044247787;38;0.10984848484848485;0.12;31;0.24686192468619247;0.3333333333333333;36;0.0514018691588785;-0.22807017543859648;95;0.033932135728542916;-0.5457413249211357;66;0.13537117903930132;0.008264462809917356;16;0.2076923076923077;0.3698630136986301;48;0.026415094339622643;-0.4883720930232558;70;0.0547945205479452;-0.29218106995884774;0.19;0.345;0.33;0.155;0.125;0.08;0.18;0.13;0.24;0.475;0.495;0.36190476190476195;0.575;0.2952380952380953;0.20833333333333334;0.3428571428571429;0.21666666666666667;0.25;0.01;0.005;0.12;0.025;0.01;0.375;0.075;0.13;69;0.4927536231884058;0.17;210.0;0.06666666666666667;0.04285714285714286;0.10952380952380952;0.044061302681992334;0.11175747;-0.17386363636363636;-0.13555291319857313;1.0188886276353946;-0.21052631578947367;-0.21052631578947367;0.0;0.03710505131817267;0.354016354016354;0.09427609427609428;0.3708513708513709;0.18085618085618085;0.5348725348725348;1.69203181755483;0.4505954296749275;1.7724952871396389;0.8644075589682285;2.556439376523058;2079.0;0.0857142857142857;0.4904761904761904;0.4022988505747126;0.5714285714285714;0.3833333333333333
Consumer Discretionary-05;2024;Germany;Consumer Discretionary;-0.1687;7.508686;0.0021330199099996;0.0058514011102088;-0.8415873280963272;0.4753780280752428;-0.7485978945027003;0.4242025044489463;-1.3168;-0.7304;200;1676;0.04052443384982122;0.04196313851212148;0.10965435041716329;0.06912991656734208;-0.33190578158458245;-0.2535885167464115;0.065;0.145;0.0370843989769821;-0.31742243436754175;0.057971014492753624;-0.07857142857142857;74;0.015873015873015872;-0.2;52;0.14953271028037382;0.0;28;0.019230769230769232;-0.32075471698113206;46;-0.024271844660194174;-0.6727272727272727;106;0.02813852813852814;-0.32407407407407407;24;0.12745098039215685;-0.10714285714285714;26;-0.009009009009009009;-0.41333333333333333;44;0.054878048780487805;-0.4;0.37;0.56;0.53;0.26;0.2;0.12;0.14;0.075;0.13;0.23;0.715;0.4805194805194805;0.6706586826347306;0.33766233766233766;0.23952095808383236;0.18181818181818182;0.08982035928143713;0.19;0.1;0.1;0.185;0.035;0.03;0.21;0.08;0.07;112;0.39285714285714285;0.22;909.0;0.050605060506050605;0.050605060506050605;0.10121012101210121;0.05489260143198091;0.10679634;-0.14561083615524875;-0.031877213695395513;2.6805349182763742;-0.5470085470085471;-0.4207650273224044;4.420943134535367;0.06416517415149121;0.4985998133084411;0.1482864381917589;0.1817575676756901;0.1713561808241099;0.669955994132551;3.743829540106738;1.1134363328694017;1.3647605410980166;1.2866597911305584;5.0304893312372965;7499.0;0.0473047304730473;0.3388338833883388;0.5423627684964201;0.4741474147414741;0.5359628770301624
Consumer Staples-02;2018;Belgium;Consumer Staples;0.0406;5.586699;0.0041986687147977;0.0059221658206429;0.4163525815268897;-0.5479273856755419;0.067903039196329;0.4756211299658323;0.964;1.1679;200;368;0.19572953736654805;0.1916695591393739;0.2526690391459075;0.05693950177935943;0.15469613259668508;0.23303834808259588;0.025;0.055;0.20652173913043478;0.21764705882352942;0.2390057361376673;0.4368231046931408;28;0.3333333333333333;0.39622641509433965;68;0.3621621621621622;0.5177304964539007;31;0.08974358974358974;0.4074074074074074;73;0.04524886877828054;-0.3475177304964539;44;0.27049180327868855;0.2808988764044944;38;0.44339622641509435;0.6129032258064516;54;-0.02702702702702703;-0.4520547945205479;64;0.1827956989247312;0.06542056074766354;0.14;0.205;0.22;0.34;0.235;0.19;0.155;0.145;0.27;0.365;0.505;0.22047244094488191;0.3504273504273504;0.5354330708661418;0.4017094017094017;0.24409448818897636;0.24786324786324787;0.075;0.075;0.015;0.16;0.04;0.09;0.39;0.045;0.11;41;0.7560975609756098;0.155;99.0;0.09090909090909091;0.0;0.09090909090909091;0.024456521739130436;0.11334078;0.08426073131955485;0.15202702702702703;1.4476309714777573;-0.27906976744186046;-0.24390243902439024;1.423994304022784;0.09902002256063169;0.31584948688711517;0.23831242873432154;0.34891676168757124;0.09692132269099202;0.4127708095781072;1.7645559943941902;1.3313797936042808;1.949292903554593;0.5414702509873869;2.306026245381577;877.0;0.5757575757575758;0.5151515151515151;0.2690217391304347;0.7575757575757576;0.36
Consumer Staples-02;2019;Belgium;Consumer Staples;-0.0162;5.482411;0.0037007373857328;0.0065149359886201;0.0749718511561361;-0.6034524620622408;-0.1289171531592814;0.906336201048536;0.6785;1.1962;200;426;0.1416382252559727;0.13533245255922702;0.19795221843003413;0.05631399317406143;-0.11055276381909548;-0.05851063829787234;0.025;0.06;0.14385964912280702;-0.07945205479452055;0.16727941176470587;0.05194805194805195;40;0.23577235772357724;0.043478260869565216;49;0.2482758620689655;0.19607843137254902;38;0.08823529411764706;0.1111111111111111;73;0.041666666666666664;-0.3717277486910995;49;0.21678321678321677;-0.07317073170731707;34;0.32407407407407407;0.2072072072072072;64;-0.020833333333333332;-0.44537815126050423;53;0.14685314685314685;-0.09302325581395349;0.2;0.255;0.245;0.245;0.22;0.17;0.19;0.18;0.32;0.365;0.54;0.31496062992125984;0.3893129770992366;0.3858267716535433;0.33587786259541985;0.2992125984251969;0.27480916030534347;0.065;0.09;0.06;0.11;0.05;0.065;0.42;0.075;0.065;51;0.7058823529411765;0.18;125.0;0.072;0.024;0.096;0.028169014084507043;0.100993484;-0.02142857142857143;0.052496798975672214;1.8263992075284794;0.034482758620689655;0.07142857142857142;1.0541110330288124;0.08096728307254623;0.3198874296435272;0.2045028142589118;0.38367729831144465;0.09193245778611632;0.41181988742964354;1.753754371528492;1.1211684838510594;2.1034766508948777;0.5040115202633203;2.2577658917918124;1066.0;0.592;0.624;0.2934272300469484;0.744;0.2580645161290322
Consumer Staples-02;2020;Belgium;Consumer Staples;-0.0058;6.298465;0.0038206826286296;0.0071112932018378;0.137478182069091;-0.1689685263680954;-0.0815057042283092;1.3396576692294038;0.3067;1.0172;200;432;0.1076923076923077;0.11303562017587515;0.15576923076923077;0.04807692307692308;-0.03768115942028986;0.02786377708978328;0.03;0.06;0.12301587301587301;0.0;0.14314928425357873;0.12318840579710146;34;0.1792452830188679;0.25;44;0.256;0.13793103448275862;32;0.13793103448275862;0.3157894736842105;90;-0.034653465346534656;-0.44881889763779526;44;0.15079365079365079;0.1111111111111111;26;0.28125;-0.09859154929577464;70;0.03488372093023256;0.10144927536231885;60;0.08227848101265822;-0.1774193548387097;0.17;0.26;0.22;0.22;0.195;0.13;0.16;0.165;0.35;0.45;0.515;0.3090909090909091;0.41935483870967744;0.39999999999999997;0.31451612903225806;0.2909090909090909;0.26612903225806456;0.075;0.04;0.06;0.11;0.015;0.095;0.445;0.035;0.125;52;0.7307692307692307;0.19;113.0;0.061946902654867256;0.0;0.061946902654867256;0.016203703703703703;0.0690444;-0.03820816864295125;0.029619181946403384;1.645657110884376;0.2222222222222222;0.2336448598130841;0.26399155227032733;0.11085423312165286;0.35845896147403683;0.20100502512562815;0.3559463986599665;0.08458961474036851;0.44304857621440535;2.257741203776969;1.2660231049216648;2.241915914965448;0.5327847233212006;2.7905259270981695;1194.0;0.5309734513274337;0.5929203539823009;0.261574074074074;0.7168141592920354;0.3209876543209876
Consumer Staples-02;2021;Belgium;Consumer Staples;-0.062;6.042768;0.003786177244433;0.0077375220004649;-0.2002964138259151;-0.3051068688125735;-0.0951448467334319;1.7946842479709175;0.1047;1.0496;200;360;0.09466437177280551;0.09518847572208476;0.13941480206540446;0.04475043029259897;-0.11515151515151516;-0.02666666666666667;0.04;0.09;0.11071428571428571;-0.056105610561056105;0.15187376725838264;0.33;25;0.22058823529411764;0.2727272727272727;42;0.2076923076923077;0.44;42;0.08943089430894309;0.13513513513513514;91;0.007692307692307693;-0.5057471264367817;46;0.23529411764705882;0.3888888888888889;22;0.16666666666666666;0.022222222222222223;81;0.008658008658008658;-0.4166666666666667;51;0.08484848484848485;-0.1827956989247312;0.125;0.225;0.23;0.21;0.2;0.11;0.21;0.24;0.405;0.455;0.5;0.22935779816513766;0.3383458646616541;0.3853211009174312;0.3007518796992481;0.3853211009174312;0.3609022556390977;0.075;0.04;0.015;0.095;0.015;0.065;0.525;0.05;0.12;45;0.6888888888888889;0.155;87.0;0.04597701149425287;0.10344827586206896;0.14942528735632182;0.03611111111111111;0.17509653;-0.12908777969018934;-0.045283018867924525;1.8949949838368074;0.425;0.425;0.0;0.1062663965729087;0.29025844930417494;0.15705765407554673;0.4224652087475149;0.13021868787276342;0.42047713717693835;1.7539644401729937;0.9490629505045652;2.5528592023065837;0.7868813070639117;2.5408457472369053;1006.0;0.4942528735632184;0.5747126436781609;0.2416666666666666;0.6781609195402298;0.3389830508474576
Consumer Staples-02;2022;Belgium;Consumer Staples;-0.0835;5.683339;0.0039551520154078;0.0090307043949428;-0.3295162325401969;-0.4964742618069228;-0.0283532130578146;2.734328611082406;0.1672;1.5486;200;323;0.07894736842105263;0.08937898435090717;0.14638157894736842;0.06743421052631579;-0.16216216216216217;-0.04024767801857585;0.05;0.115;0.09844559585492228;-0.1076923076923077;0.15458015267175573;0.3142857142857143;28;0.16901408450704225;0.2857142857142857;37;0.25;0.08641975308641975;48;0.09027777777777778;0.0;87;-0.04743083003952569;-0.49700598802395207;35;0.22916666666666666;0.3220338983050847;27;0.20224719101123595;-0.04;88;-0.018656716417910446;-0.3464052287581699;50;0.08387096774193549;-0.27710843373493976;0.14;0.19;0.175;0.185;0.165;0.135;0.24;0.26;0.44;0.435;0.5;0.24778761061946908;0.3089430894308943;0.3274336283185841;0.2682926829268293;0.42477876106194695;0.42276422764227645;0.075;0.05;0.02;0.085;0.015;0.045;0.545;0.06;0.105;38;0.6578947368421053;0.125;69.0;0.13043478260869565;0.043478260869565216;0.17391304347826086;0.03715170278637771;0.18199116;-0.15254237288135594;-0.05303030303030303;2.4424834541443428;0.5072463768115942;0.5522388059701493;0.7010164738871364;0.10103764564224245;0.23766816143497757;0.1860986547085202;0.4697309417040359;0.10650224215246637;0.34417040358744394;1.350748646065626;1.0576616756928958;2.669640012742912;0.6052883083784645;1.9560369544440905;892.0;0.5797101449275363;0.5797101449275363;0.2136222910216718;0.7391304347826086;0.3333333333333333
Consumer Staples-02;2023;Belgium;Consumer Staples;-0.1518;7.749374;0.0071410982516621;0.0094156176440487;-0.7400145403627756;0.6035252701871038;1.2309741569065735;3.014011946050263;-1.3434;-0.4519;200;457;0.028933092224231464;0.03459758655072121;0.11392405063291139;0.08499095840867993;-0.16939890710382513;-0.06748466257668712;0.055;0.115;0.07265774378585087;-0.08125;0.10766045548654245;0.18803418803418803;55;0.03614457831325301;0.375;35;0.3372093023255814;0.2112676056338028;29;0.05714285714285714;-0.24444444444444444;81;-0.09956709956709957;-0.5647058823529412;68;0.07291666666666667;0.27586206896551724;24;0.1791044776119403;-0.05454545454545454;57;-0.06338028169014084;-0.580952380952381;51;-0.006578947368421052;-0.3333333333333333;0.275;0.35;0.34;0.175;0.145;0.12;0.145;0.14;0.285;0.405;0.56;0.4621848739495799;0.5511811023622046;0.29411764705882354;0.22834645669291337;0.24369747899159663;0.22047244094488191;0.15;0.08;0.055;0.09;0.04;0.065;0.39;0.055;0.075;70;0.5285714285714286;0.185;171.0;0.1871345029239766;0.03508771929824561;0.2222222222222222;0.08315098468271334;0.21925287;-0.1836734693877551;-0.0773405698778833;2.7407428555114626;0.125;0.2558139534883721;2.464875523786049;0.10380206734213489;0.3904267589388697;0.14013840830449828;0.2779700115340254;0.1914648212226067;0.5818915801614764;3.0255631033249912;1.0859849839113336;2.154093671791205;1.483732570611369;4.509295673936361;1734.0;0.1871345029239766;0.4444444444444444;0.3741794310722101;0.4736842105263157;0.345679012345679
Consumer Staples-02;2024;Belgium;Consumer Staples;-0.2021;7.742465;0.0061884133860141;0.0106244312732102;-1.0423288139129323;0.5998467764701304;0.8544009076128639;3.8923527876393735;-1.642;-0.123;200;438;-0.003115264797507788;-0.0022235588864002644;0.09813084112149532;0.10124610591900311;-0.25295508274231676;-0.13186813186813187;0.08;0.15;0.03298611111111111;-0.14772727272727273;0.07692307692307693;0.15;54;0.0;0.16071428571428573;20;0.10810810810810811;-0.2857142857142857;39;0.08333333333333333;0.1;87;-0.07434944237918216;-0.569377990430622;78;-0.02181818181818182;-0.1111111111111111;15;0.0;-0.36;66;-0.03;-0.46153846153846156;41;0.09090909090909091;-0.13580246913580246;0.27;0.415;0.39;0.1;0.12;0.075;0.195;0.235;0.33;0.435;0.63;0.47787610619469034;0.538961038961039;0.1769911504424779;0.15584415584415587;0.3451327433628319;0.30519480519480524;0.155;0.095;0.04;0.08;0.02;0.02;0.44;0.07;0.08;83;0.43373493975903615;0.18;176.0;0.11363636363636363;0.03977272727272727;0.1534090909090909;0.06164383561643835;0.15589716;-0.23196448390677027;-0.10013003901170352;3.549913941480207;0.21875;0.2786885245901639;0.8628127696289906;0.085511915594796;0.4171779141104294;0.10485220301171222;0.28890128276631344;0.1890686001115449;0.6062465142219744;3.229985318248554;0.8118144917523101;2.236808014509025;1.4638569824682617;4.693842300716815;1793.0;0.0227272727272727;0.3636363636363636;0.4018264840182648;0.4261363636363636;0.3733333333333333
Financials-04;2018;Spain;Financials;-0.0295;6.041124;0.0037436862434386;0.0068007005540932;-0.0049641297229311;-0.3059821682293781;-0.111940510112966;1.113976719718094;0.3008;0.9137;200;1357;0.0646900269541779;0.0614369333272353;0.09164420485175202;0.026954177897574125;-0.09933774834437085;-0.05555555555555555;0.02;0.03;0.06557377049180328;-0.056338028169014086;0.07222222222222222;-0.014925373134328358;3;;;29;0.21818181818181817;0.3333333333333333;95;0.08552631578947369;0.07692307692307693;73;-0.01935483870967742;-0.5357142857142857;6;;;17;0.3;0.2;112;0.03125;-0.075;65;0.036036036036036036;-0.3191489361702128;0.015;0.08;0.03;0.145;0.12;0.085;0.475;0.225;0.56;0.365;0.365;0.023622047244094488;0.18823529411764706;0.22834645669291337;0.28235294117647053;0.7480314960629921;0.5294117647058824;0.01;0.0;0.0;0.085;0.01;0.03;0.765;0.03;0.07;16;0.375;0.03;127.0;0.023622047244094488;0.0;0.023622047244094488;0.002210759027266028;0.025541106;-0.06462585034013606;-0.011680143755615454;0.8379108090494367;0.07211538461538461;0.11779448621553884;0.7572383073496659;0.22993332445691694;0.09256926952141058;0.14609571788413098;0.6841939546599496;0.07714105793450882;0.1697103274559194;0.5592224145473912;0.8825823141156106;4.1333003633043575;0.4660186787894927;1.0252410933368838;3176.0;0.0708661417322834;0.1496062992125984;0.0935887988209285;0.4015748031496063;0.7254901960784313
Financials-04;2019;Spain;Financials;0.0799;7.097909;0.0054256131564459;0.0063958243353764;0.6525543896883443;0.2566719036611304;0.5528844551444605;0.8197880126187267;0.3961;0.5296;200;1451;0.09336609336609336;0.09992470143761037;0.12285012285012285;0.029484029484029485;0.11004784688995216;0.1717171717171717;0.02;0.03;0.08793969849246232;0.13541666666666666;0.09669211195928754;0.19337016574585636;22;0.08888888888888889;0.7894736842105263;36;0.1746031746031746;0.17647058823529413;69;0.08275862068965517;0.24242424242424243;73;0.07142857142857142;-0.2328767123287671;26;0.18461538461538463;0.5135135135135135;18;0.09090909090909091;0.7333333333333333;97;0.03664921465968586;-0.03614457831325301;59;0.13559322033898305;-0.05405405405405406;0.11;0.195;0.13;0.18;0.18;0.09;0.345;0.27;0.485;0.365;0.515;0.1732283464566929;0.3023255813953488;0.28346456692913385;0.27906976744186046;0.5433070866141732;0.4186046511627907;0.1;0.0;0.005;0.1;0.035;0.07;0.57;0.06;0.06;39;0.717948717948718;0.14;250.0;0.02;0.02;0.04;0.006891798759476223;0.048216797;0.06882106523040096;0.12966476913345984;1.0418716645636295;0.12440191387559808;0.211340206185567;1.3370175594972815;0.2061918195936446;0.1644423260247855;0.17159199237368922;0.563393708293613;0.1005719733079123;0.2650142993326978;1.1671966980174573;1.2179443805399557;3.9989173827728535;0.7138507341498072;1.8810474321672643;4196.0;0.108;0.192;0.1722949689869055;0.508;0.6614173228346457
Financials-04;2020;Spain;Financials;0.006;7.405398;0.0052606850444038;0.0063381574640984;0.2083988267587898;0.4203853722583766;0.4876923677176246;0.77788645970085;-0.212;-0.0669;200;1653;0.13958333333333334;0.13599507013956705;0.15208333333333332;0.0125;0.06463878326996197;0.1111111111111111;0.02;0.04;0.13924050632911392;0.07874015748031496;0.14537444933920704;0.17903930131004367;25;0.07692307692307693;0.5333333333333333;47;0.21774193548387097;-0.050505050505050504;64;0.18248175182481752;0.0379746835443038;64;0.06493506493506493;0.05454545454545454;41;0.09900990099009901;0.24;20;0.22916666666666666;-0.09090909090909091;91;0.12077294685990338;-0.06086956521739131;48;0.1693548387096774;0.2962962962962963;0.125;0.32;0.205;0.235;0.235;0.1;0.32;0.275;0.455;0.32;0.595;0.18382352941176472;0.3855421686746988;0.34558823529411764;0.28313253012048195;0.4705882352941177;0.33132530120481934;0.145;0.01;0.005;0.105;0.0;0.06;0.555;0.07;0.05;64;0.671875;0.215;345.0;0.011594202898550725;0.05217391304347826;0.06376811594202898;0.013309134906231096;0.065986626;0.006382978723404255;0.05228031145717464;0.854326852951595;0.004815409309791332;0.07931034482758621;1.4680277218258169;0.23381734292305603;0.1880061704589279;0.18819899730042422;0.5146548399537215;0.10913999228692634;0.2971461627458542;1.3922604598029416;1.3936884192488932;3.8112237612451807;0.808225046408682;2.2004855062116233;5186.0;0.0521739130434782;0.1913043478260869;0.2087114337568058;0.4840579710144927;0.6646706586826348
Financials-04;2021;Spain;Financials;0.0487;7.291864;0.0049743550091497;0.0062245088369365;0.4650353969494796;0.3599375352830062;0.374513040918196;0.6953077822118678;0.1054;0.2658;200;1934;0.11;0.1041367416381836;0.152;0.042;-0.10424710424710425;-0.04526748971193416;0.025;0.045;0.1120162932790224;-0.08130081300813008;0.12133891213389121;-0.01818181818181818;22;0.2033898305084746;0.12;45;0.18867924528301888;0.0;62;0.12666666666666668;-0.1566265060240964;71;0.021621621621621623;-0.1827956989247312;42;0.21774193548387097;0.29411764705882354;22;0.15384615384615385;0.0;81;0.05154639175257732;-0.31313131313131315;55;0.07692307692307693;-0.12643678160919541;0.11;0.255;0.21;0.225;0.175;0.11;0.31;0.205;0.405;0.355;0.48;0.17054263565891473;0.4015748031496063;0.3488372093023256;0.2755905511811023;0.48062015503875966;0.3228346456692913;0.12;0.01;0.0;0.11;0.04;0.07;0.53;0.045;0.075;51;0.6470588235294118;0.165;476.0;0.023109243697478993;0.1092436974789916;0.1323529411764706;0.03257497414684592;0.1332859;0.007056870070568701;0.05067128627111304;0.8772083720767031;0.1863013698630137;0.2514450867052023;1.053974593665058;0.24027670407592036;0.24554005838469023;0.1701265001621797;0.4472915990917937;0.13704184236133637;0.3825819007460266;1.790444654683065;1.240539262062441;3.2615894039735096;0.9992904446546832;2.789735099337748;6166.0;0.0126050420168067;0.2773109243697479;0.2461220268872802;0.5756302521008403;0.5766423357664233
Financials-04;2022;Spain;Financials;0.0312;7.570543;0.0050359808458842;0.0064095901326958;0.3598564747401805;0.5083119672633758;0.3988722413383581;0.829790432934793;-0.1486;0.0668;200;1917;0.09649122807017543;0.10038739756533974;0.13157894736842105;0.03508771929824561;0.10084033613445378;0.16964285714285715;0.025;0.04;0.10135135135135136;0.1574074074074074;0.11188811188811189;0.25510204081632654;27;0.0759493670886076;0.40540540540540543;41;0.27710843373493976;0.5409836065573771;60;0.08148148148148149;0.04918032786885246;72;0.025157232704402517;-0.34177215189873417;35;0.07446808510638298;0.3488372093023256;23;0.1702127659574468;0.5714285714285714;82;0.056818181818181816;-0.07692307692307693;60;0.1366906474820144;-0.011235955056179775;0.135;0.28;0.175;0.205;0.255;0.115;0.3;0.245;0.41;0.36;0.53;0.21093750000000006;0.358974358974359;0.32031250000000006;0.3269230769230769;0.46875000000000006;0.3141025641025641;0.145;0.005;0.0;0.11;0.015;0.035;0.535;0.065;0.09;56;0.5714285714285714;0.16;484.0;0.03512396694214876;0.0743801652892562;0.10950413223140495;0.02764736567553469;0.11220083;-0.021207177814029365;0.034037052994398964;1.1862825888127213;0.20105820105820105;0.2752808988764045;1.2984713450982708;0.2348058067421959;0.25407061099468;0.14750926970820571;0.4681605674673545;0.1302595518297598;0.38433016282443977;1.923452450693224;1.1167252489748096;3.5442296426479203;0.9861355204061708;2.909587971099395;6203.0;-0.0599173553719008;0.1983471074380165;0.2524778299426187;0.4586776859504132;0.6261261261261262
Financials-04;2023;Spain;Financials;0.0419;7.196209;0.0049980620939797;0.0061430240541549;0.4241658728910091;0.3090088456756718;0.3838838772646509;0.6360998026205847;0.1152;0.2413;200;2150;0.09462365591397849;0.09346384848317792;0.13548387096774195;0.04086021505376344;-0.014925373134328358;0.011494252873563218;0.025;0.03;0.09170305676855896;0.0078125;0.09691629955947137;0.019762845849802372;25;0.05084745762711865;-0.25;41;0.1111111111111111;0.0;60;0.14074074074074075;0.2676056338028169;74;0.06629834254143646;-0.16883116883116883;40;0.07142857142857142;0.017543859649122806;17;0.16666666666666666;0.10526315789473684;73;0.0935672514619883;-0.1956521739130435;70;0.09090909090909091;0.1111111111111111;0.125;0.265;0.2;0.205;0.18;0.085;0.3;0.2;0.365;0.37;0.465;0.19841269841269846;0.4108527131782946;0.3253968253968254;0.27906976744186046;0.4761904761904763;0.31007751937984496;0.145;0.0;0.01;0.055;0.03;0.06;0.545;0.075;0.08;53;0.6037735849056604;0.16;510.0;0.058823529411764705;0.060784313725490195;0.1196078431372549;0.02837209302325581;0.11588626;0.007102803738317757;0.061465721040189124;1.1146276574106468;0.16914749661705006;0.23605150214592274;0.9274072013169182;0.2597595789017237;0.23507516105941303;0.12183249821045096;0.47458840372226196;0.16850393700787403;0.40357909806728703;1.6916499253077837;0.876732086745995;3.415237212177407;1.2125895018801836;2.9042394271879672;6985.0;-0.0274509803921568;0.2352941176470588;0.2372093023255814;0.4725490196078431;0.5933609958506224
Financials-04;2024;Spain;Financials;0.0011;8.042454;0.0064501730932526;0.0065254696531791;0.1789487285401861;0.7595670907936318;0.9578681789459792;0.913990108624165;-0.5807;-0.6026;200;2339;0.10467706013363029;0.10621179185625174;0.1403118040089087;0.035634743875278395;-0.04032258064516129;0.030303030303030304;0.04;0.055;0.10829493087557604;0.03111111111111111;0.11163895486935867;0.09090909090909091;32;0.19444444444444445;0.2222222222222222;49;0.11811023622047244;-0.09375;54;0.12;-0.13846153846153847;65;0.024;-0.1076923076923077;55;0.12903225806451613;0.15;15;0.05714285714285714;-0.2631578947368421;71;0.10493827160493827;-0.225;59;0.09375;0.014492753623188406;0.16;0.325;0.275;0.245;0.165;0.075;0.27;0.21;0.355;0.325;0.525;0.23703703703703702;0.46428571428571436;0.36296296296296293;0.23571428571428574;0.4;0.3;0.16;0.02;0.0;0.09;0.025;0.05;0.53;0.055;0.07;65;0.47692307692307695;0.155;722.0;0.03185595567867036;0.02631578947368421;0.05817174515235457;0.01795639162035058;0.0619174;0.013024602026049204;0.06911034746086292;1.0882127793704877;-0.03508771929824561;0.05263157894736842;1.73097071015351;0.2478436596820809;0.2759776536312849;0.10378646803227809;0.38001241464928615;0.24022346368715083;0.5162011173184358;2.219537521466512;0.8346978713207396;3.056232277646871;1.931986101681377;4.151523623147889;8055.0;-0.0637119113573407;0.2160664819944598;0.3086789226165027;0.3753462603878116;0.5830258302583026
Financials-08;2018;Spain;Financials;0.1546;8.572162;0.0048329190831262;0.0035677879714576;1.1015181319188951;1.0415945259985016;0.318606845543387;-1.2351026504291869;0.0602;-0.7167;200;454;0.13411764705882354;0.13489893296185662;0.16705882352941176;0.03294117647058824;0.19245283018867926;0.23921568627450981;0.03;0.04;0.13526570048309178;0.232;0.1411192214111922;0.275;44;0.08421052631578947;0.14893617021276595;73;0.19135802469135801;0.3277310924369748;53;0.08080808080808081;-0.014925373134328358;30;0.14492753623188406;0.1875;57;0.13934426229508196;0.3114754098360656;42;0.20588235294117646;0.28;58;0.05405405405405406;-0.04;43;0.14444444444444443;0.25925925925925924;0.22;0.345;0.285;0.365;0.33;0.21;0.265;0.175;0.29;0.15;0.69;0.25882352941176473;0.4058823529411764;0.4294117647058823;0.388235294117647;0.31176470588235294;0.20588235294117643;0.2;0.015;0.005;0.185;0.04;0.135;0.235;0.125;0.06;69;0.6376811594202898;0.22;154.0;0.045454545454545456;0.006493506493506494;0.05194805194805195;0.01762114537444934;0.05219651;0.18416523235800344;0.25318761384335153;1.1875603057967787;0.06666666666666667;0.23076923076923078;3.106332138590203;0.23700305810397554;0.3091671659676453;0.2953864589574596;0.24925104853205513;0.14619532654284004;0.45536249251048533;2.650231124807396;2.532100667693888;2.136620441705188;1.2532100667693886;3.9034411915767846;1669.0;0.3636363636363636;0.3701298701298701;0.3392070484581498;0.6623376623376623;0.4705882352941176
Financials-08;2019;Spain;Financials;-0.1698;5.752097;0.0036177631075601;0.0058847833126751;-0.8481985746351975;-0.4598660882663752;-0.1617148753294948;0.4484584783237199;-0.3885;-0.0834;200;934;0.09131403118040089;0.08924571761575202;0.111358574610245;0.0200445434298441;-0.13286713286713286;-0.06766917293233082;0.055;0.065;0.09302325581395349;-0.0873015873015873;0.09090909090909091;-0.03896103896103896;12;0.2972972972972973;0.47368421052631576;40;0.29069767441860467;0.189873417721519;76;0.024844720496894408;-0.19148936170212766;72;0.006060606060606061;-0.46808510638297873;15;0.3142857142857143;0.4117647058823529;22;0.2542372881355932;0.13725490196078433;109;0.0205761316872428;-0.31297709923664124;54;0.08928571428571429;-0.12643678160919541;0.06;0.12;0.075;0.2;0.18;0.11;0.38;0.28;0.545;0.36;0.46;0.09375;0.2068965517241379;0.3125;0.31034482758620685;0.59375;0.48275862068965514;0.05;0.0;0.0;0.115;0.025;0.045;0.6;0.09;0.075;24;0.5833333333333334;0.07;107.0;0.04672897196261682;0.04672897196261682;0.09345794392523364;0.010706638115631691;0.086007036;-0.12096168294515403;-0.07216494845360824;0.8850788352362529;-0.4331983805668016;-0.40425531914893614;1.146788990825688;0.1168470068004422;0.10200226671703816;0.17793728749527768;0.6565923687193048;0.0634680770683793;0.16547034378541745;0.5867269329392846;1.023512538571863;3.776782997957321;0.3650745360511104;0.951801468990395;2647.0;0.3551401869158878;0.2242990654205607;0.1145610278372591;0.6261682242990654;0.6567164179104478
Financials-08;2020;Spain;Financials;-0.0593;6.508728;0.0029114574413426;0.0048980163033971;-0.1840688086850518;-0.0570201800933908;-0.4409003954449624;-0.2685401924993968;-0.1268;-0.0406;200;1364;0.08056872037914692;0.07819627698563851;0.1018957345971564;0.02132701421800948;-0.06513409961685823;-0.008130081300813009;0.03;0.05;0.07804878048780488;-0.037037037037037035;0.08333333333333333;0.05555555555555555;25;0.16363636363636364;0.16279069767441862;43;0.17777777777777778;0.29577464788732394;71;0.02857142857142857;-0.27058823529411763;61;0.0392156862745098;-0.3548387096774194;37;0.21518987341772153;0.375;22;0.12195121951219512;0.2222222222222222;90;0.024630541871921183;-0.4105263157894737;51;0.0707070707070707;-0.15151515151515152;0.125;0.22;0.185;0.215;0.175;0.11;0.355;0.21;0.45;0.305;0.485;0.1798561151079137;0.36363636363636365;0.30935251798561153;0.2892561983471074;0.5107913669064749;0.34710743801652894;0.09;0.005;0.005;0.125;0.01;0.105;0.555;0.06;0.045;44;0.6590909090909091;0.145;268.0;0.026119402985074626;0.018656716417910446;0.04477611940298507;0.008797653958944282;0.04629176;-0.07837687604224569;-0.0304093567251462;0.9045634718975506;0.036011080332409975;0.13333333333333333;1.944548990089073;0.13943602840849456;0.16700819672131148;0.18980532786885246;0.5089651639344263;0.13422131147540983;0.3012295081967213;1.087010886780814;1.235391207215618;3.312715693302879;0.8736099764925559;1.9606208632733697;3904.0;0.1753731343283582;0.1865671641791045;0.1964809384164222;0.5597014925373134;0.6866666666666666
Financials-08;2021;Spain;Financials;-0.0557;8.391264;0.0032517338979754;0.0054616471003619;-0.1624320018305675;0.9452807097569296;-0.3063973550873188;0.1410018052153306;-1.1078;-0.8841;200;1122;0.09692671394799054;0.09768576655827516;0.14893617021276595;0.05200945626477541;-0.049079754601226995;-0.012738853503184714;0.02;0.04;0.09352517985611511;-0.04075235109717868;0.10526315789473684;0.05714285714285714;32;0.05813953488372093;0.18181818181818182;51;0.32142857142857145;0.38461538461538464;43;0.02564102564102564;-0.34328358208955223;74;-0.013605442176870748;-0.2903225806451613;50;0.12727272727272726;0.3225806451612903;27;0.25806451612903225;0.1111111111111111;62;0.007936507936507936;-0.39215686274509803;61;0.08;-0.008547008547008548;0.16;0.32;0.25;0.255;0.23;0.135;0.215;0.14;0.31;0.37;0.525;0.25396825396825395;0.46376811594202894;0.40476190476190477;0.3333333333333333;0.3412698412698413;0.2028985507246377;0.155;0.01;0.015;0.125;0.03;0.065;0.355;0.105;0.14;64;0.5;0.16;370.0;0.032432432432432434;0.04864864864864865;0.08108108108108109;0.026737967914438502;0.082253404;-0.05170387779083431;0.010644959298685034;1.4164879193816018;-0.07368421052631578;0.011494252873563218;1.9388064222962738;0.18211007149792569;0.32526881720430106;0.26221896383186705;0.25317693059628543;0.15933528836754643;0.4846041055718475;2.729416589767251;2.2003486106838923;2.1244745206603097;1.3370245052804266;4.0664410950476775;4092.0;0.0594594594594594;0.2054054054054054;0.3297682709447415;0.4702702702702703;0.6896551724137931
Financials-08;2022;Spain;Financials;-0.1294;8.378708;0.0032126754650165;0.0054391939170592;-0.6053855199348727;0.9385956370821116;-0.321836207473915;0.1246870090857966;-1.5441;-1.3209;200;1345;0.07095343680709534;0.06423116206065514;0.1130820399113082;0.04212860310421286;-0.14184397163120568;-0.08679245283018867;0.045;0.07;0.07407407407407407;-0.15953307392996108;0.0821256038647343;-0.045454545454545456;39;0.06451612903225806;0.45454545454545453;51;0.14953271028037382;-0.11904761904761904;40;0.05333333333333334;-0.13793103448275862;70;0.027586206896551724;-0.4375;52;0.049689440993788817;0.17142857142857143;32;0.1267605633802817;-0.2;64;0.04918032786885246;-0.3333333333333333;52;0.09278350515463918;-0.17333333333333334;0.195;0.335;0.26;0.255;0.28;0.16;0.2;0.18;0.32;0.35;0.59;0.3;0.4213836477987422;0.3923076923076923;0.3522012578616353;0.3076923076923077;0.22641509433962265;0.17;0.005;0.01;0.19;0.075;0.035;0.355;0.075;0.085;67;0.4626865671641791;0.155;511.0;0.04500978473581213;0.03522504892367906;0.08023483365949119;0.030483271375464683;0.077481896;-0.11744804253262446;-0.04647519582245431;1.714482927535264;-0.18552036199095023;-0.07692307692307693;2.995046653611335;0.16198162056257873;0.37023370233702335;0.24538745387453875;0.22283722837228373;0.16154161541615417;0.5317753177531775;3.1020800769508234;2.0560298184441503;1.867088064034078;1.3535100225012453;4.455590099452069;4878.0;0.0019569471624266;0.2270058708414872;0.3799256505576208;0.4187866927592955;0.6261682242990654
Financials-08;2023;Spain;Financials;-0.1121;8.158399;0.0032660961079021;0.0063508064516129;-0.5014086425508228;0.8212985937628687;-0.3007203214173921;0.7870773904371603;-1.3228;-0.7789;200;1601;0.07045454545454545;0.07310452894731001;0.10454545454545454;0.03409090909090909;-0.05925925925925926;0.032520325203252036;0.04;0.08;0.06175771971496437;-0.0205761316872428;0.07360406091370558;0.17708333333333334;42;0.02586206896551724;0.2692307692307692;54;0.19008264462809918;0.0;33;0.03225806451612903;-0.21739130434782608;71;0.02127659574468085;-0.2564102564102564;72;0.04419889502762431;0.4;25;0.1509433962264151;-0.2;56;0.034782608695652174;-0.5;47;0.12087912087912088;-0.0379746835443038;0.21;0.375;0.36;0.27;0.205;0.125;0.165;0.15;0.28;0.355;0.565;0.3255813953488372;0.5136986301369864;0.4186046511627907;0.2808219178082192;0.2558139534883721;0.2054794520547945;0.195;0.015;0.0;0.165;0.025;0.1;0.34;0.065;0.095;75;0.4533333333333333;0.17;678.0;0.0471976401179941;0.030973451327433628;0.07817109144542772;0.03310430980637102;0.081488445;-0.11932773109243698;-0.043359196713829304;1.7530353482418632;-0.07784431137724551;0.04054054054054054;2.6954177897574128;0.1639810794044665;0.3980514961725818;0.18910925539318024;0.22129436325678498;0.19154488517745302;0.5895963813500348;3.247462919594067;1.54282875594351;1.8054077070470516;1.5626995954864806;4.810162515080548;5748.0;0.0398230088495575;0.243362831858407;0.4234853216739537;0.4321533923303834;0.6348122866894198
Financials-08;2024;Spain;Financials;0.0141;9.437095;0.0029831141010453;0.0064538362730661;0.2570816421813797;1.502102646725492;-0.4125762536949022;0.861940295603805;-1.245;-0.6077;200;2042;0.0970873786407767;0.09838104248046875;0.13592233009708737;0.038834951456310676;0.06611570247933884;0.13656387665198239;0.05;0.07;0.09768637532133675;0.07476635514018691;0.09574468085106383;0.16129032258064516;52;0.07692307692307693;0.22580645161290322;48;0.18556701030927836;0.3939393939393939;31;0.1935483870967742;0.07317073170731707;69;0.007352941176470588;-0.3698630136986301;89;0.07211538461538461;0.2033898305084746;18;0.06451612903225806;0.4666666666666667;32;0.11864406779661017;-0.11764705882352941;61;0.14035087719298245;-0.14666666666666667;0.26;0.46;0.445;0.24;0.165;0.09;0.155;0.105;0.16;0.345;0.575;0.3969465648854962;0.6301369863013699;0.36641221374045796;0.226027397260274;0.23664122137404578;0.14383561643835616;0.255;0.02;0.015;0.115;0.04;0.115;0.285;0.055;0.1;92;0.45652173913043476;0.21;895.0;0.055865921787709494;0.0223463687150838;0.0782122905027933;0.034280117531831536;0.077827856;0.033568172399502695;0.11688311688311688;1.380336341955323;-0.06902654867256637;0.08902691511387163;2.8089887640449436;0.1829129985275228;0.39388895493995957;0.10070146237070503;0.1833313518012127;0.3220782308881227;0.7159671858280823;3.717167637191873;0.9503293053732316;1.7301154532296612;3.0394829849540543;6.756650622145927;8411.0;-0.0078212290502793;0.1921787709497206;0.4382957884427032;0.3027932960893855;0.5756457564575646
Utilities-01;2018;Spain;Utilities;-0.0477;7.291492;0.004355375404324;0.004269472665699;-0.1143502088206021;0.3597394748310283;0.1298453974606553;-0.7252487655936105;-0.4741;-0.9016;200;2242;0.05412371134020619;0.06258266979886085;0.10309278350515463;0.04896907216494845;-0.16226415094339622;-0.12598425196850394;0.02;0.045;0.06036745406824147;-0.1517509727626459;0.07027027027027027;-0.0735930735930736;58;0.12264150943396226;0.06666666666666667;42;0.16049382716049382;0.3333333333333333;36;0.0125;-0.4444444444444444;64;-0.049586776859504134;-0.5443037974683544;79;0.0979020979020979;0.08695652173913043;30;0.15384615384615385;-0.03571428571428571;43;0.0;-0.6176470588235294;48;-0.03571428571428571;-0.14285714285714285;0.29;0.435;0.395;0.21;0.205;0.15;0.18;0.15;0.215;0.32;0.67;0.4264705882352941;0.550632911392405;0.3088235294117647;0.25949367088607594;0.2647058823529412;0.18987341772151897;0.23;0.055;0.0;0.11;0.035;0.1;0.285;0.08;0.105;87;0.41379310344827586;0.18;1086.0;0.029465930018416207;0.01841620626151013;0.04788213627992634;0.0231935771632471;0.050531294;-0.07183499288762446;-0.012112036336109008;1.2747546097376254;0.0425531914893617;0.12968299711815562;1.8124433611449642;0.1935232220609579;0.4954664207776241;0.18579990779160904;0.23374827109266944;0.08498540033809743;0.5804518211157216;3.612689234768772;1.3547584630382896;1.704373550273977;0.6196703309017156;4.232359565670488;6507.0;0.1749539594843462;0.4106813996316759;0.4843889384478144;0.4226519337016574;0.4335511982570806
Utilities-01;2019;Spain;Utilities;0.2145;12.431116;0.008545791197835;0.0031541003304295;1.4615305570810104;3.0961810136361625;1.7862152508652884;-1.5356938598679142;-1.6345;-3.2955;125;125;0.14883720930232558;0.15834520916606104;0.1813953488372093;0.03255813953488372;0.109375;0.15447154471544716;0.024;0.04;0.1523809523809524;0.14516129032258066;0.14903846153846154;0.23214285714285715;52;0.22916666666666666;0.2413793103448276;14;0.3333333333333333;0.09090909090909091;36;0.11320754716981132;-0.024390243902439025;23;-0.06666666666666667;0.0;68;0.15503875968992248;0.25806451612903225;10;0.08333333333333333;0.0;30;0.11764705882352941;-0.1891891891891892;17;0.21739130434782608;0.23809523809523808;0.416;0.544;0.544;0.112;0.16;0.08;0.288;0.176;0.24;0.184;0.704;0.5098039215686274;0.6181818181818182;0.1372549019607843;0.1818181818181818;0.3529411764705882;0.19999999999999996;0.4;0.016;0.0;0.032;0.0;0.072;0.264;0.112;0.104;68;0.5147058823529411;0.28;76.0;0.02631578947368421;0.07894736842105263;0.10526315789473684;0.064;0.10798018;0.109375;0.15447154471544716;0.8081461128171974;0.2914285714285714;0.34523809523809523;0.9819048954972647;0.53537098227696;0.5391752577319587;0.14948453608247422;0.20309278350515464;0.10824742268041238;0.6474226804123712;6.702550301166219;1.858259643726772;2.5246699987184416;1.3456362937331794;8.048186594899398;970.0;0.4342105263157895;0.4736842105263157;0.608;0.5263157894736842;0.325
Utilities-01;2020;Spain;Utilities;0.4186;10.891946;0.0100033344448149;0.0036483582387925;2.68821730124775;2.276695245166972;2.3623467884729528;-1.1765591705157126;0.4115;-1.3579;200;234;0.26306620209059234;0.2673930789535469;0.30662020905923343;0.04355400696864112;0.3898305084745763;0.41786743515850144;0.02;0.035;0.2826475849731664;0.40634005763688763;0.28545454545454546;0.4766355140186916;81;0.32786885245901637;0.5405405405405406;44;0.375;0.4423076923076923;33;0.078125;0.2916666666666667;42;0.11538461538461539;-0.037037037037037035;114;0.31215469613259667;0.5467980295566502;22;0.4117647058823529;0.30612244897959184;34;-0.0273972602739726;0.0967741935483871;30;0.16901408450704225;0.15;0.405;0.65;0.57;0.22;0.16;0.11;0.165;0.13;0.17;0.21;0.77;0.5126582278481012;0.6914893617021276;0.27848101265822783;0.1702127659574468;0.2088607594936709;0.13829787234042554;0.425;0.025;0.005;0.07;0.045;0.11;0.2;0.06;0.06;130;0.5076923076923077;0.33;163.0;0.018404907975460124;0.09202453987730061;0.11042944785276074;0.07692307692307693;0.113587104;0.39086294416243655;0.41968911917098445;0.5479827385437358;0.5081967213114754;0.5462184873949579;0.55452865064695;0.2703783297516118;0.5472597299444003;0.16838760921366164;0.16282764098490865;0.12152501985702939;0.6687847498014297;5.960723245955533;1.8340686910632409;1.773509819188511;1.3236439138333769;7.28436715978891;1259.0;0.5276073619631901;0.4785276073619632;0.6965811965811965;0.6257668711656442;0.3529411764705882
Utilities-01;2021;Spain;Utilities;0.2739;11.704349;0.0065986184142695;0.0030987871988032;1.8185378701800023;2.7092353133606584;1.0165450183641795;-1.5758851527285862;-0.8905;-2.1867;200;211;0.16574585635359115;0.17138222963111835;0.20441988950276244;0.03867403314917127;0.14049586776859505;0.1794871794871795;0.025;0.035;0.16524216524216523;0.17543859649122806;0.16905444126074498;0.24882629107981222;95;0.2345679012345679;0.23478260869565218;32;0.2542372881355932;-0.05263157894736842;38;0.07575757575757576;0.16279069767441862;35;0.02666666666666667;0.1111111111111111;104;0.21666666666666667;0.28695652173913044;13;0.14285714285714285;-0.391304347826087;36;0.125;0.06451612903225806;47;0.1;0.14285714285714285;0.475;0.65;0.52;0.16;0.14;0.065;0.19;0.16;0.18;0.175;0.74;0.5757575757575758;0.6842105263157895;0.19393939393939397;0.1473684210526316;0.23030303030303031;0.16842105263157894;0.405;0.045;0.005;0.045;0.03;0.095;0.235;0.07;0.07;130;0.6538461538461539;0.425;135.0;0.022222222222222223;0.05925925925925926;0.08148148148148149;0.052132701421800945;0.08284103;0.13709677419354838;0.175;0.7320644216691069;0.4427860696517413;0.47959183673469385;0.6419309282321222;0.41614574985307473;0.5329712955779674;0.1295577967416602;0.19937936384794414;0.13809154383242825;0.6710628394103957;6.238082266412421;1.5163897212385364;2.3336057386724782;1.616271678924907;7.854353945337328;1289.0;0.3925925925925926;0.3555555555555555;0.6398104265402843;0.5555555555555556;0.4533333333333333
Utilities-01;2022;Spain;Utilities;0.3248;10.609971;0.0079177313018516;0.0040277686816425;2.1244582782059065;2.126565954988433;1.5379583882765535;-0.9008742513179268;-0.002;-1.2214;200;401;0.2416452442159383;0.24475368313433885;0.27249357326478146;0.030848329048843187;0.32575757575757575;0.35658914728682173;0.02;0.03;0.24538258575197888;0.3463035019455253;0.25333333333333335;0.3951612903225806;90;0.32044198895027626;0.39568345323741005;46;0.2823529411764706;0.18181818181818182;28;0.10638297872340426;0.4594594594594595;36;0.09210526315789473;0.09090909090909091;108;0.2927927927927928;0.44;20;0.2222222222222222;-0.18181818181818182;38;0.1111111111111111;0.20634920634920634;34;0.22033898305084745;0.3793103448275862;0.45;0.635;0.54;0.23;0.235;0.1;0.14;0.175;0.19;0.18;0.78;0.548780487804878;0.6076555023923446;0.28048780487804875;0.22488038277511962;0.17073170731707318;0.1674641148325359;0.38;0.055;0.01;0.085;0.045;0.11;0.195;0.05;0.07;127;0.5511811023622047;0.35;263.0;0.022813688212927757;0.06844106463878327;0.09125475285171103;0.059850374064837904;0.09398744;0.31640625;0.3671399594320487;0.8534339487041279;0.3471502590673575;0.41304347826086957;1.0876132930513596;0.27097386862269957;0.5157545605306799;0.18021006080707574;0.179657269209508;0.12437810945273632;0.6401326699834162;5.472140762463343;1.912023460410557;1.906158357771261;1.3196480938416422;6.791788856304985;1809.0;0.4562737642585551;0.4714828897338403;0.655860349127182;0.623574144486692;0.3414634146341463
Utilities-01;2023;Spain;Utilities;0.392;10.08793;0.0075194443647217;0.0028358208955223;2.528345339489616;1.848620588292471;1.380525210240033;-1.7669601361348275;0.6795;-0.8943;200;397;0.20925553319919518;0.20566136688293826;0.2515090543259557;0.04225352112676056;0.23692307692307693;0.29260450160771706;0.025;0.05;0.21237113402061855;0.2604501607717042;0.2317596566523605;0.41132075471698115;76;0.24324324324324326;0.32727272727272727;43;0.3670886075949367;0.5211267605633803;37;0.17105263157894737;0.22388059701492538;44;0.06666666666666667;-0.14285714285714285;108;0.1941747572815534;0.20245398773006135;29;0.38596491228070173;0.2682926829268293;33;0.14705882352941177;0.25333333333333335;30;0.19047619047619047;0.30434782608695654;0.38;0.63;0.54;0.215;0.225;0.145;0.185;0.15;0.165;0.22;0.765;0.48717948717948717;0.6268656716417911;0.2756410256410256;0.2238805970149254;0.23717948717948717;0.1492537313432836;0.375;0.04;0.015;0.14;0.015;0.05;0.205;0.06;0.1;126;0.5714285714285714;0.36;264.0;0.056818181818181816;0.05303030303030303;0.10984848484848485;0.07304785894206549;0.11078735;0.34796238244514105;0.39384116693679094;0.7763975155279502;0.569620253164557;0.6423841059602649;1.0849349039057656;0.19259701492537312;0.537770734284205;0.17062863180137347;0.17538298996302165;0.1162176439513999;0.6539883782356049;5.424993338662403;1.7212896349586997;1.7692512656541433;1.1723954169997337;6.597388755662136;1893.0;0.4962121212121212;0.5265151515151515;0.6649874055415617;0.6818181818181818;0.3333333333333333
Utilities-01;2024;Spain;Utilities;0.4856;10.434838;0.0056968181186605;0.0032824730368286;3.090902317706209;2.0333215433319465;0.6600852069652446;-1.4424164610567811;1.0578;0.0065;200;348;0.25925925925925924;0.2623260740249876;0.2671957671957672;0.007936507936507936;0.4564459930313589;0.52;0.05;0.06;0.2577903682719547;0.5038167938931297;0.2535612535612536;0.5390625;72;0.38095238095238093;0.6161616161616161;63;0.33636363636363636;0.42;40;0.0975609756097561;0.42424242424242425;25;0.08333333333333333;0.0;94;0.30434782608695654;0.6666666666666666;22;0.25;0.04;47;0.15217391304347827;0.2972972972972973;37;0.29310344827586204;0.35714285714285715;0.36;0.625;0.47;0.315;0.235;0.11;0.2;0.165;0.235;0.125;0.76;0.4114285714285714;0.6097560975609757;0.36;0.22926829268292684;0.2285714285714286;0.1609756097560976;0.3;0.03;0.005;0.15;0.04;0.08;0.255;0.07;0.07;125;0.616;0.385;213.0;0.03286384976525822;0.046948356807511735;0.07981220657276995;0.04885057471264368;0.07843021;0.46257197696737046;0.5179282868525896;0.89817528599792;0.5542857142857143;0.6484848484848484;1.522301720200944;0.23695126790029938;0.4148740012292563;0.20467117393976644;0.22249539028887522;0.15795943454210204;0.5728334357713584;4.329143150333505;2.135710620831196;2.3217034376603385;1.6482811698306823;5.977424320164188;1627.0;0.5352112676056338;0.3849765258215962;0.6120689655172413;0.6056338028169014;0.4728682170542636
Consumer Discretionary-07;2018;Spain;Consumer Discretionary;0.2724;7.955178;0.0035349192700869;0.0024550019121874;1.809522533990634;0.7130995531409251;-0.1944610374510322;-2.0436685204931093;1.0965;0.1719;200;1161;0.1475826972010178;0.15077082316080728;0.183206106870229;0.035623409669211195;0.22676579925650558;0.2992125984251969;0.025;0.045;0.1484375;0.2627450980392157;0.15217391304347827;0.34782608695652173;37;0.2261904761904762;0.4576271186440678;77;0.21686746987951808;0.43548387096774194;65;0.037037037037037035;-0.25;21;-0.02857142857142857;-0.18181818181818182;46;0.22;0.543859649122807;43;0.18556701030927836;0.42424242424242425;68;0.0;-0.3150684931506849;43;0.20930232558139536;0.3424657534246575;0.185;0.355;0.23;0.385;0.395;0.215;0.325;0.21;0.34;0.105;0.735;0.20670391061452514;0.3697916666666667;0.4301675977653631;0.41145833333333337;0.36312849162011174;0.21875;0.06;0.04;0.045;0.225;0.045;0.105;0.335;0.115;0.03;71;0.6197183098591549;0.22;409.0;0.012224938875305624;0.02689486552567237;0.039119804400977995;0.013781223083548665;0.042979274;0.2866065232477446;0.3464052287581699;0.9678346212590924;0.21084337349397592;0.33112582781456956;2.009107956067506;0.1842115002652389;0.21930592009332167;0.27150772820064156;0.3654126567512394;0.1437736949547973;0.363079615048119;1.7446176688938382;2.159892353377877;2.9069227913882703;1.1437453600593912;2.888363028953229;3429.0;0.3422982885085575;0.3985330073349633;0.3522825150732127;0.6723716381418093;0.4909090909090909
Consumer Discretionary-07;2019;Spain;Consumer Discretionary;0.2691;8.324249;0.0029939217360727;0.0028952120042338;1.7896887943740234;0.9096005452696002;-0.408304257375649;-1.7238057282508523;0.8803;0.2226;200;1380;0.09973753280839895;0.10990104775416257;0.14960629921259844;0.049868766404199474;0.1415525114155251;0.21359223300970873;0.035;0.05;0.1002710027100271;0.18226600985221675;0.1092436974789916;0.2727272727272727;38;0.1780821917808219;0.40540540540540543;80;0.12941176470588237;0.25396825396825395;56;0.044444444444444446;-0.2727272727272727;26;-0.020833333333333332;-0.30434782608695654;47;0.19148936170212766;0.6;33;0.19718309859154928;0.32;73;0.01639344262295082;-0.3584905660377358;47;0.0425531914893617;0.01639344262295082;0.19;0.335;0.235;0.4;0.36;0.165;0.28;0.19;0.365;0.13;0.685;0.21839080459770113;0.3785310734463277;0.45977011494252873;0.4067796610169491;0.3218390804597701;0.21468926553672316;0.035;0.05;0.08;0.235;0.05;0.08;0.375;0.075;0.02;67;0.5522388059701493;0.185;467.0;0.014989293361884369;0.01284796573875803;0.0278372591006424;0.009420289855072464;0.03142703;0.2775533756491633;0.3410054512416717;1.05896634553297;0.23232323232323232;0.34065934065934067;1.6902598774561588;0.19645933212958927;0.2296538821328344;0.24087932647333957;0.3685687558465856;0.16089803554724041;0.39055191768007486;1.9116959975081764;2.005139386388413;3.068057934901106;1.3393552406167264;3.251051238124903;4276.0;0.3340471092077088;0.297644539614561;0.3384057971014493;0.5845824411134903;0.5860805860805861
Consumer Discretionary-07;2020;Spain;Consumer Discretionary;0.2049;8.991621;0.0038887479922225;0.002739250371342;1.403832405469052;1.2649231257999;-0.0546011148339074;-1.8371296258187804;0.139;-0.7522;200;1390;0.1825;0.17477291107177734;0.215;0.0325;0.17482517482517482;0.22627737226277372;0.02;0.04;0.19230769230769232;0.19708029197080293;0.19895287958115182;0.28286852589641437;53;0.3148148148148148;0.4936708860759494;90;0.2;0.13385826771653545;39;0.05263157894736842;0.21428571428571427;18;-0.06451612903225806;-0.75;65;0.31654676258992803;0.5;52;0.19090909090909092;0.1388888888888889;43;-0.01282051282051282;-0.125;40;0.1232876712328767;-0.04;0.265;0.4;0.325;0.45;0.425;0.26;0.195;0.17;0.215;0.09;0.765;0.2912087912087912;0.4020100502512563;0.4945054945054944;0.4271356783919598;0.21428571428571425;0.17085427135678394;0.095;0.06;0.07;0.28;0.05;0.12;0.215;0.09;0.02;80;0.575;0.23;565.0;0.01592920353982301;0.02654867256637168;0.04247787610619469;0.017266187050359712;0.049243245;0.2074546346248161;0.2710376871450697;1.2641128282665544;0.19572953736654805;0.27514231499051234;1.5224672669537604;0.22173460136190898;0.28335324571883713;0.330147351652728;0.21425726802070888;0.172242134607726;0.4555953803265631;2.5478049129843154;2.968559765093461;1.9265200888061305;1.5487359449974931;4.096540857981808;5022.0;0.3221238938053097;0.2725663716814159;0.4064748201438849;0.6035398230088496;0.624633431085044
Consumer Discretionary-07;2022;Spain;Consumer Discretionary;0.1165;8.027441;0.0042531758912082;0.004178398323498;0.8725285927089355;0.7515738607787357;0.0894484056347507;-0.791424652799265;0.1212;-0.3192;200;2152;0.1111111111111111;0.11752119518461682;0.11904761904761904;0.007936507936507936;0.2301255230125523;0.33031674208144796;0.03;0.045;0.11232876712328767;0.33640552995391704;0.11235955056179775;0.40298507462686567;36;0.09333333333333334;0.7272727272727273;66;0.20279720279720279;0.40186915887850466;61;0.04081632653061224;-0.17857142857142858;37;0.03225806451612903;-0.3125;38;0.13414634146341464;0.7857142857142857;38;0.15;0.11475409836065574;73;0.01639344262295082;-0.0196078431372549;51;0.18085106382978725;0.07042253521126761;0.18;0.305;0.19;0.33;0.32;0.19;0.305;0.25;0.365;0.185;0.66;0.22085889570552147;0.3485714285714286;0.40490797546012275;0.3657142857142857;0.37423312883435583;0.2857142857142857;0.085;0.055;0.045;0.16;0.015;0.085;0.46;0.085;0.01;61;0.6721311475409836;0.205;592.0;0.02364864864864865;0.028716216216216218;0.05236486486486487;0.014405204460966544;0.058923684;0.14992150706436422;0.21124431583298883;0.9773393640475486;-0.060291060291060294;0.03908045977011494;1.951550634253956;0.1515215798202646;0.23436783366457728;0.2207613514753096;0.43326708454364776;0.11160373031646537;0.3459715639810427;1.8813740289385517;1.7721487917725172;3.4780260913319343;0.8958923947326437;2.7772664236711955;6541.0;0.2111486486486486;0.3530405405405405;0.275092936802974;0.5777027027027027;0.4824561403508772
Consumer Discretionary-07;2023;Spain;Consumer Discretionary;0.086;8.140555;0.0041718371447142;0.0045610243071456;0.6892167568584429;0.8117980811147772;0.057297169517581;-0.5134032768126299;-0.1227;-0.408;200;2190;0.14213197969543148;0.1421390088076519;0.15228426395939088;0.01015228426395939;0.08571428571428572;0.10948905109489052;0.01;0.03;0.1432225063938619;0.09420289855072464;0.14058355437665782;0.14615384615384616;36;0.14606741573033707;0.16666666666666666;59;0.2833333333333333;0.36936936936936937;60;0.04854368932038835;-0.22807017543859648;45;0.04878048780487805;-0.1875;49;0.2222222222222222;0.3170731707317073;34;0.2054794520547945;0.2903225806451613;72;0.034782608695652174;-0.36363636363636365;45;0.12359550561797752;0.25;0.18;0.3;0.245;0.295;0.255;0.17;0.3;0.225;0.36;0.225;0.595;0.23225806451612904;0.38461538461538464;0.3806451612903226;0.326923076923077;0.38709677419354843;0.2884615384615385;0.09;0.05;0.03;0.165;0.03;0.08;0.45;0.08;0.025;60;0.6166666666666667;0.185;655.0;0.03816793893129771;0.02748091603053435;0.06564885496183206;0.019634703196347032;0.06670082;0.11640014875418371;0.1717408274785324;0.9607892088997829;-0.02425876010781671;0.060029282576866766;1.8673249778452967;0.1929185060355723;0.2665910380034033;0.21284741917186614;0.4059841179807147;0.11457742484401588;0.3811684628474192;2.170199011866833;1.7326961259638916;3.3049360483908203;0.9327238306321284;3.1029228424989617;7052.0;0.1893129770992366;0.3419847328244275;0.2990867579908676;0.5374045801526718;0.4772727272727273
Consumer Discretionary-07;2024;Spain;Consumer Discretionary;-0.007;8.658328;0.0033096379392899;0.0046995196894609;0.1302659131175962;1.0874710768186937;-0.2835092902389275;-0.4127706005054739;-0.9575;-1.0221;200;2543;0.10101010101010101;0.09415447350704309;0.13131313131313133;0.030303030303030304;0.012048192771084338;0.0815450643776824;0.045;0.06;0.10317460317460317;0.05309734513274336;0.11748633879781421;0.19387755102040816;51;0.13274336283185842;0.3469387755102041;44;0.18556701030927836;0.044444444444444446;64;0.05982905982905983;-0.11428571428571428;41;0.0;-0.25;54;0.06722689075630252;-0.04477611940298507;23;0.21428571428571427;0.21739130434782608;68;0.024390243902439025;-0.2894736842105263;55;0.17346938775510204;0.3;0.255;0.365;0.27;0.22;0.265;0.115;0.32;0.25;0.34;0.205;0.69;0.3207547169811321;0.41477272727272724;0.2767295597484277;0.30113636363636365;0.4025157232704403;0.2840909090909091;0.095;0.045;0.095;0.125;0.025;0.065;0.455;0.05;0.045;73;0.5205479452054794;0.19;798.0;0.045112781954887216;0.018796992481203006;0.06390977443609022;0.02005505308690523;0.064117834;0.018582243633860976;0.12547528517110265;1.9008395374623792;-0.09948979591836735;0.04747774480712166;2.8777731268313103;0.2083926225173506;0.28617671741997364;0.20692962474523438;0.38508572113655437;0.12180793669823763;0.4079846541182112;2.477811802563969;1.791664504074324;3.334198370270411;1.0546530336845383;3.5324648362485074;8341.0;0.0776942355889724;0.225563909774436;0.3138025953598112;0.4448621553884712;0.6253521126760564
Consumer Discretionary-07;2021;Spain;Consumer Discretionary;0.1686;8.90844;0.0033557697903128;0.0039170828705766;1.1856612696863345;1.2206358503806574;-0.265274487040063;-0.9813001053108404;-0.0347;-0.3927;200;2092;0.1586021505376344;0.15614153749199325;0.17473118279569894;0.016129032258064516;0.12;0.1943127962085308;0.025;0.04;0.16164383561643836;0.16981132075471697;0.16338028169014085;0.2736842105263158;26;0.19642857142857142;0.2413793103448276;63;0.23255813953488372;0.2815533980582524;70;0.1415929203539823;0.05660377358490566;41;0.02702702702702703;-0.3;44;0.2872340425531915;0.5362318840579711;36;0.16883116883116883;-0.058823529411764705;97;0.07407407407407407;-0.15294117647058825;23;0.1794871794871795;0.3;0.13;0.285;0.22;0.315;0.3;0.18;0.35;0.21;0.485;0.205;0.62;0.16352201257861637;0.3584905660377358;0.39622641509433965;0.37735849056603776;0.44025157232704404;0.2641509433962264;0.06;0.04;0.03;0.19;0.03;0.035;0.52;0.09;0.005;57;0.5614035087719298;0.16;655.0;0.021374045801526718;0.03969465648854962;0.06106870229007634;0.019120458891013385;0.062348746;0.1861544955677501;0.241714538223597;0.9304121901551857;0.11375661375661375;0.17270194986072424;1.042838716759516;0.2423337567418383;0.211913923329058;0.2106313239276044;0.44263930454610234;0.1348154481972353;0.3467293715262933;1.8878224659760308;1.876396506195409;3.943225675401178;1.200995328052001;3.0888177940280315;7017.0;0.3114503816793893;0.2748091603053435;0.3130975143403441;0.5816793893129771;0.6141732283464567
Telecommunications-02;2018;Finland;Telecommunications;0.0159;5.351783;0.0026114905584572;0.0040010002500625;0.2679000456086219;-0.6730014962583292;-0.5594700377703532;-0.9203245670281588;0.9407;0.7603;200;299;0.06927175843694494;0.07032153873206455;0.11367673179396093;0.04440497335701599;-0.02857142857142857;0.036585365853658534;0.035;0.07;0.07518796992481203;-0.0030581039755351682;0.0775347912524851;0.08679245283018867;13;0.20512820512820512;0.16666666666666666;35;0.25510204081632654;0.30120481927710846;65;0.041666666666666664;0.1276595744680851;87;-0.008547008547008548;-0.38686131386861317;20;0.2545454545454545;0.43478260869565216;16;0.1111111111111111;0.09090909090909091;104;0.010101010101010102;-0.20987654320987653;60;0.10191082802547771;0.0;0.065;0.15;0.1;0.175;0.155;0.08;0.325;0.28;0.52;0.435;0.475;0.11504424778761063;0.25641025641025644;0.30973451327433627;0.26495726495726496;0.5752212389380532;0.4786324786324787;0.05;0.015;0.005;0.11;0.03;0.035;0.58;0.06;0.115;30;0.7666666666666667;0.115;37.0;0.05405405405405406;0.02702702702702703;0.08108108108108109;0.010033444816053512;0.08287582;0.009708737864077669;0.08108108108108109;1.584859926350627;0.09433962264150944;0.09433962264150944;0.0;0.10590147536884222;0.11901504787961696;0.11901504787961696;0.6908344733242134;0.07113543091655267;0.19015047879616964;0.6369426751592357;0.6369426751592357;3.6971959879932648;0.3807013690606926;1.0176440442199284;731.0;0.1351351351351351;0.2702702702702703;0.1237458193979933;0.6756756756756757;0.6
Telecommunications-02;2019;Finland;Telecommunications;-0.0154;5.469626;0.0021718641150678;0.0046274676289535;0.0797800304571327;-0.6102594590475502;-0.7332437212118142;-0.4651246325395528;0.6898;0.8239;200;293;0.07325383304940375;0.07501443606219056;0.09880749574105621;0.02555366269165247;-0.0670926517571885;0.02097902097902098;0.035;0.06;0.0763765541740675;0.0035335689045936395;0.0847457627118644;0.08264462809917356;9;;;29;0.2857142857142857;0.6333333333333333;72;0.009478672985781991;-0.16883116883116883;90;0.04633204633204633;-0.30718954248366015;21;0.3148148148148148;0.6190476190476191;10;0.12;0.08333333333333333;106;0.01597444089456869;-0.20930232558139536;63;0.08823529411764706;-0.1864406779661017;0.045;0.125;0.105;0.145;0.105;0.05;0.36;0.26;0.53;0.45;0.405;0.0818181818181818;0.25510204081632654;0.2636363636363636;0.21428571428571427;0.6545454545454544;0.5306122448979592;0.03;0.005;0.01;0.085;0.045;0.01;0.645;0.045;0.125;25;0.4;0.05;33.0;0.06060606060606061;0.030303030303030304;0.09090909090909091;0.010238907849829351;0.08985352;-0.054474708171206226;0.023157894736842106;1.8646904135787712;0.2753623188405797;0.2753623188405797;0.0;0.11207811504988326;0.0860655737704918;0.12021857923497267;0.7363387978142076;0.05737704918032787;0.14344262295081966;0.4707464694014795;0.6575506239258762;4.027497571545991;0.3138309796009863;0.7845774490024658;732.0;0.0606060606060606;0.2121212121212121;0.1126279863481228;0.5454545454545454;0.6111111111111112
Telecommunications-02;2021;Finland;Telecommunications;0.0785;7.157593;0.0039585296889726;0.0047094221146613;0.6441400759116004;0.2884488929510177;-0.0270181005193423;-0.4055753602513554;0.3555;0.1662;200;379;0.13464991023339318;0.13151437975131844;0.16337522441651706;0.02872531418312388;0.05847953216374269;0.1492063492063492;0.045;0.06;0.13142857142857142;0.14381270903010032;0.14147286821705427;0.23595505617977527;22;0.27692307692307694;0.3898305084745763;35;0.24731182795698925;0.6271186440677966;58;0.08670520231213873;-0.011494252873563218;85;0.084070796460177;-0.2846715328467153;36;0.34285714285714286;0.5208333333333334;15;0.13333333333333333;0.23809523809523808;93;0.04182509505703422;-0.16393442622950818;56;0.1527777777777778;-0.14563106796116504;0.11;0.225;0.18;0.175;0.17;0.075;0.29;0.27;0.465;0.425;0.51;0.19130434782608696;0.3383458646616541;0.30434782608695654;0.2556390977443609;0.5043478260869565;0.40601503759398494;0.1;0.01;0.01;0.105;0.025;0.015;0.555;0.065;0.115;45;0.6222222222222222;0.14;76.0;0.09210526315789473;0.09210526315789473;0.18421052631578946;0.036939313984168866;0.1857575;0.056291390728476824;0.13321492007104796;1.5437909481135628;0.21649484536082475;0.26881720430107525;0.9952724558347849;0.13143866304738855;0.19615692554043235;0.12249799839871897;0.5260208166533227;0.15532425940752603;0.3514811849479584;1.4040114613180517;0.8767908309455588;3.765042979942693;1.111747851002865;2.5157593123209168;1249.0;0.131578947368421;0.3026315789473684;0.2005277044854881;0.5526315789473685;0.5238095238095238
Telecommunications-02;2022;Finland;Telecommunications;0.0907;7.53345;0.0050054291692046;0.0041734164355728;0.7174648102517974;0.4885628910665766;0.3867959036390339;-0.795044562045249;0.2289;-0.3621;200;456;0.12043795620437957;0.12851261222449534;0.15693430656934307;0.0364963503649635;0.017543859649122806;0.09433962264150944;0.04;0.055;0.1233140655105973;0.08387096774193549;0.134765625;0.17985611510791366;28;0.1927710843373494;0.5223880597014925;33;0.28865979381443296;0.4782608695652174;71;0.06417112299465241;0.02857142857142857;68;0.055248618784530384;-0.43548387096774194;45;0.25925925925925924;0.6470588235294118;17;0.23076923076923078;0.2857142857142857;90;0.027450980392156862;-0.32867132867132864;48;0.11320754716981132;-0.11627906976744186;0.14;0.28;0.225;0.165;0.2;0.085;0.355;0.305;0.45;0.34;0.59;0.21212121212121213;0.356687898089172;0.25;0.25477707006369427;0.5378787878787878;0.3885350318471337;0.135;0.0;0.0;0.11;0.05;0.01;0.545;0.05;0.1;56;0.5357142857142857;0.15;106.0;0.08490566037735849;0.05660377358490566;0.14150943396226415;0.03289473684210526;0.14570157;0.06149732620320856;0.12944523470839261;1.3902619871478001;0.3333333333333333;0.36363636363636365;0.4934616333580064;0.11128195271958485;0.22007722007722008;0.13320463320463322;0.46525096525096526;0.18146718146718147;0.4015444015444015;1.6579406631762654;1.0034904013961603;3.504944735311227;1.3670738801628854;3.025014543339151;1554.0;0.2641509433962264;0.3113207547169811;0.2324561403508772;0.6037735849056604;0.609375
Telecommunications-02;2023;Finland;Telecommunications;0.0417;7.759156;0.0064721192159753;0.0047375312462802;0.42296382806576;0.6087334082012057;0.9665429496294172;-0.3851508731949237;-0.186;-0.8618;200;537;0.1157167530224525;0.11873699181643999;0.15889464594127806;0.04317789291882556;0.015384615384615385;0.06796116504854369;0.02;0.04;0.11545293072824156;0.022082018927444796;0.132486388384755;0.17777777777777778;31;0.16129032258064516;0.7073170731707317;46;0.33035714285714285;0.3069306930693069;44;0.06766917293233082;0.14893617021276595;79;0.024896265560165973;-0.45588235294117646;49;0.17482517482517482;0.5365853658536586;20;0.3469387755102041;0.08695652173913043;78;0.02834008097165992;-0.19626168224299065;53;0.12857142857142856;-0.24444444444444444;0.155;0.27;0.245;0.23;0.18;0.1;0.22;0.22;0.39;0.395;0.56;0.256198347107438;0.40298507462686567;0.38016528925619836;0.26865671641791045;0.36363636363636365;0.3283582089552239;0.125;0.015;0.01;0.16;0.035;0.025;0.495;0.015;0.12;54;0.5925925925925926;0.16;138.0;0.10144927536231885;0.07246376811594203;0.17391304347826086;0.0446927374301676;0.17672083;0.007470651013874066;0.09259259259259259;2.0099118942731278;0.31092436974789917;0.3448275862068966;0.5277044854881267;0.13534103082966314;0.2288;0.12213333333333333;0.45493333333333336;0.19413333333333332;0.42293333333333333;1.775294847920546;0.9476515621767018;3.5298986136974966;1.506310780053797;3.2816056279743426;1875.0;0.217391304347826;0.3840579710144927;0.2569832402234637;0.6159420289855072;0.4470588235294118
Telecommunications-02;2024;Finland;Telecommunications;0.0021;9.399467;0.0072672714911972;0.0040846999503048;0.1849589526664317;1.4820687255238325;1.2808473820399646;-0.8595071975196822;-1.2971;-2.3672;200;1079;0.11173184357541899;0.11118898445001528;0.13966480446927373;0.027932960893854747;-0.007228915662650603;0.12568306010928962;0.07;0.105;0.11507936507936507;0.10404624277456648;0.11875;0.24567474048442905;48;0.14285714285714285;0.4791666666666667;63;0.15862068965517243;0.024;36;0.08490566037735849;-0.16;53;0.058823529411764705;-0.3829787234042553;77;0.14883720930232558;0.425;29;0.13513513513513514;-0.2727272727272727;46;0.047619047619047616;-0.3333333333333333;48;0.09836065573770492;-0.22105263157894736;0.24;0.42;0.385;0.315;0.315;0.145;0.18;0.19;0.23;0.265;0.705;0.326530612244898;0.454054054054054;0.42857142857142866;0.3405405405405405;0.2448979591836735;0.2054054054054054;0.175;0.005;0.075;0.22;0.035;0.055;0.285;0.055;0.095;84;0.40476190476190477;0.17;443.0;0.06772009029345373;0.03611738148984198;0.10383747178329572;0.042632066728452274;0.106621064;0.043072132848988066;0.1672473867595819;3.0546863358664877;-0.17410714285714285;-0.031413612565445025;4.287663223543169;0.18657503363514055;0.360669815371404;0.13847144697294977;0.28660369257191926;0.21425504508372692;0.5749248604551309;3.3901041246266845;1.3015578335620308;2.693922027605133;2.013883283557995;5.40398740818468;4658.0;0.0564334085778781;0.2212189616252821;0.4105653382761816;0.3340857787810384;0.5945945945945946
Telecommunications-02;2020;Finland;Telecommunications;-0.1078;5.720054;0.0037144938091769;0.0047037402321523;-0.4755646788079665;-0.4769264405855201;-0.1234795722111443;-0.409703895324403;0.0011;-0.142;200;301;0.06289308176100629;0.06505163660589254;0.10220125786163523;0.03930817610062893;-0.12365591397849462;-0.05232558139534884;0.055;0.075;0.05752961082910321;-0.10062893081761007;0.06097560975609756;-0.010676156583629894;12;0.29545454545454547;0.1891891891891892;32;0.19834710743801653;0.14563106796116504;64;0.029850746268656716;-0.08888888888888889;92;-0.011111111111111112;-0.4225352112676056;21;0.3382352941176471;0.39285714285714285;18;0.175;0.2413793103448276;97;0.010101010101010102;-0.37423312883435583;64;0.0;-0.22105263157894736;0.06;0.16;0.105;0.16;0.165;0.09;0.32;0.28;0.485;0.46;0.46;0.1111111111111111;0.2644628099173554;0.2962962962962963;0.27272727272727276;0.5925925925925926;0.46280991735537197;0.03;0.005;0.005;0.1;0.025;0.025;0.61;0.06;0.14;32;0.6875;0.11;38.0;0.10526315789473684;0.0;0.10526315789473684;0.013289036544850499;0.09156249;-0.1408199643493761;-0.06769825918762089;1.8727388806128962;0.2549019607843137;0.2549019607843137;0.0;0.10875502617403839;0.11058823529411765;0.12470588235294118;0.68;0.08470588235294117;0.1952941176470588;0.6325706594885598;0.7133243606998655;3.889636608344549;0.484522207267833;1.1170928667563929;850.0;0.1052631578947368;0.2631578947368421;0.1262458471760797;0.5;0.5789473684210527
Financials-06;2018;Finland;Financials;-0.2095;4.412567;0.0021447392609841;0.0057570163636932;-1.0868044724471502;-1.173059414174193;-0.7439655189512647;0.3556212313000393;0.0864;0.6362;200;429;0.06583629893238434;0.06932230097543303;0.099644128113879;0.033807829181494664;-0.21585903083700442;-0.1872146118721461;0.025;0.035;0.07116788321167883;-0.1926605504587156;0.07393715341959335;-0.14563106796116504;5;;;34;0.3010752688172043;0.6296296296296297;74;0.03349282296650718;-0.423728813559322;87;0.012711864406779662;-0.5229357798165137;19;0.13043478260869565;0.30434782608695654;15;0.20408163265306123;0.05263157894736842;92;0.00392156862745098;-0.5094339622641509;74;0.08994708994708994;-0.0379746835443038;0.025;0.12;0.095;0.17;0.13;0.075;0.37;0.3;0.46;0.435;0.42;0.044247787610619475;0.21818181818181814;0.3008849557522124;0.23636363636363636;0.6548672566371682;0.5454545454545454;0.02;0.0;0.0;0.165;0.02;0.04;0.525;0.055;0.175;24;0.5416666666666666;0.065;38.0;0.02631578947368421;0.0;0.02631578947368421;0.002331002331002331;0.028914606;-0.21499013806706113;-0.17255717255717257;0.8910212474297464;-0.14285714285714285;-0.1;0.719165767709457;0.08701229623603766;0.06056860321384425;0.1273176761433869;0.7033374536464772;0.10877626699629171;0.16934487021013597;0.2672630086178684;0.5617977528089888;3.103523508236064;0.4799825460892331;0.7472455547071015;809.0;0.1052631578947368;0.1842105263157894;0.0885780885780885;0.5526315789473685;0.7142857142857143
Financials-06;2019;Finland;Financials;-0.3034;4.135165;0.0028421800573699;0.006297093649085;-1.651164517901618;-1.3207539450868868;-0.4682840671352313;0.7480489190183189;-0.3306;0.2776;200;477;0.041379310344827586;0.04320276194605334;0.08620689655172414;0.04482758620689655;-0.47183098591549294;-0.4;0.055;0.08;0.04267161410018553;-0.42016806722689076;0.04770992366412214;-0.33004926108374383;5;;;29;0.21428571428571427;0.14754098360655737;81;0.05286343612334802;-0.44329896907216493;85;-0.0425531914893617;-0.8666666666666667;16;0.09090909090909091;0.6470588235294118;13;0.20833333333333334;-0.2;97;0.0364963503649635;-0.5570469798657718;74;-0.0049261083743842365;-0.6626506024096386;0.025;0.085;0.08;0.145;0.1;0.065;0.405;0.255;0.485;0.425;0.37;0.04347826086956522;0.1931818181818182;0.25217391304347825;0.2272727272727273;0.7043478260869567;0.5795454545454546;0.035;0.0;0.0;0.125;0.015;0.015;0.645;0.05;0.115;17;0.5882352941176471;0.05;45.0;0.022222222222222223;0.022222222222222223;0.044444444444444446;0.0041928721174004195;0.046922103;-0.33962264150943394;-0.2917369308600337;1.2551079976649153;0.3939393939393939;0.3939393939393939;0.0;0.07804090419806244;0.056856187290969896;0.12040133779264214;0.7090301003344481;0.11371237458193979;0.1705685618729097;0.2351097178683385;0.4978794025447169;2.931956481652222;0.4702194357366771;0.7053291536050157;897.0;-0.0222222222222222;0.2222222222222222;0.0943396226415094;0.4666666666666667;0.7142857142857143
Financials-06;2020;Finland;Financials;-0.2261;4.84932;0.0031953704868536;0.0070502556686121;-1.1865741929428282;-0.9405231330381104;-0.3286764461411897;1.2953069463316684;-0.2462;0.5658;200;501;0.06440071556350627;0.06627702115899975;0.09838998211091235;0.03398926654740608;-0.3003533568904594;-0.26394052044609667;0.015;0.035;0.06545454545454546;-0.27137546468401486;0.07129455909943715;-0.2;10;0.16;0.0;28;0.296875;-0.06451612903225806;74;0.059907834101382486;-0.28695652173913044;88;0.0;-0.4897959183673469;22;0.23214285714285715;0.09090909090909091;16;0.16216216216216217;-0.14285714285714285;95;0.053003533568904596;-0.35664335664335667;67;0.01092896174863388;-0.35555555555555557;0.05;0.135;0.11;0.14;0.135;0.08;0.37;0.225;0.475;0.44;0.37;0.08928571428571429;0.27272727272727276;0.25;0.27272727272727276;0.6607142857142857;0.4545454545454546;0.055;0.0;0.0;0.135;0.005;0.015;0.595;0.07;0.125;27;0.48148148148148145;0.065;60.0;0.03333333333333333;0.08333333333333333;0.11666666666666667;0.013972055888223553;0.12322493;-0.25340599455040874;-0.21151079136690648;1.1057869517139698;0.0967741935483871;0.1724137931034483;1.1584129742253113;0.08917411290739115;0.10265811182401467;0.1228230980751604;0.6443629697525206;0.1301558203483043;0.23281393217231897;0.4978220286247666;0.595608498533203;3.124722197528669;0.6311672148635434;1.12898924348831;1091.0;-0.1;0.25;0.1197604790419161;0.4833333333333333;0.6551724137931034
Financials-06;2021;Finland;Financials;-0.0814;6.480564;0.0042932024294866;0.0055857145350765;-0.316894761875081;-0.0720152730221549;0.1052699266024712;0.2311509335773669;-0.2448;-0.1818;200;759;0.11262135922330097;0.11077387541243174;0.1378640776699029;0.02524271844660194;0.06909090909090909;0.10112359550561797;0.02;0.03;0.11067193675889328;0.06870229007633588;0.1144578313253012;0.16182572614107885;32;0.07920792079207921;0.15151515151515152;48;0.3523809523809524;0.6086956521739131;46;0.06837606837606838;-0.17391304347826086;74;0.026041666666666668;-0.3269230769230769;68;0.1595744680851064;0.28888888888888886;15;0.37142857142857144;0.7058823529411765;48;0.06666666666666667;-0.36231884057971014;69;0.03821656050955414;-0.07317073170731707;0.16;0.36;0.34;0.24;0.19;0.075;0.23;0.21;0.24;0.37;0.55;0.25396825396825395;0.47368421052631576;0.38095238095238093;0.25;0.3650793650793651;0.2763157894736842;0.185;0.0;0.01;0.15;0.045;0.04;0.345;0.055;0.17;72;0.5833333333333334;0.21;255.0;0.07058823529411765;0.050980392156862744;0.12156862745098039;0.04084321475625823;0.1215175;-0.0913978494623656;-0.03977272727272727;1.1705946620883407;0.008;0.13513513513513514;2.320570197248467;0.10530817434411492;0.2806855025474757;0.12783696155627605;0.3677628531727652;0.2237146827234831;0.5044001852709588;1.819000450247636;0.8284556506078342;2.3833108209515235;1.44979738856371;3.268797838811346;2159.0;0.0588235294117647;0.2745098039215686;0.3359683794466403;0.4941176470588235;0.6190476190476191
Financials-06;2022;Finland;Financials;-0.0639;6.510992;0.0042620501779515;0.0054868208714362;-0.2117158396657819;-0.0558147799232898;0.0929561962112613;0.159293418362311;-0.1562;-0.123;200;851;0.07930367504835589;0.08514483247089201;0.1218568665377176;0.0425531914893617;-0.08936170212765958;-0.0228310502283105;0.025;0.04;0.07952286282306163;-0.04186046511627907;0.0872210953346856;0.04040404040404041;37;0.08035714285714286;0.23529411764705882;37;0.32967032967032966;0.30303030303030304;52;0.024793388429752067;-0.21311475409836064;74;-0.0051813471502590676;-0.4864864864864865;61;0.11931818181818182;0.40298507462686567;15;0.21621621621621623;-0.26666666666666666;61;0.013793103448275862;-0.4025974025974026;63;0.06289308176100629;-0.14754098360655737;0.185;0.33;0.305;0.185;0.16;0.075;0.26;0.26;0.305;0.37;0.585;0.29365079365079366;0.44;0.29365079365079366;0.21333333333333335;0.41269841269841273;0.3466666666666667;0.2;0.005;0.005;0.145;0.015;0.03;0.4;0.065;0.135;66;0.5;0.165;298.0;0.08053691275167785;0.06375838926174497;0.14429530201342283;0.05052878965922445;0.1551966;-0.08320493066255778;-0.02857142857142857;1.2558059521761569;0.08139534883720931;0.19230769230769232;2.3071377072819037;0.10658572197033736;0.33723747980613894;0.1074313408723748;0.3481421647819063;0.20718901453957997;0.5444264943457189;2.1957504996318504;0.6994845903018828;2.266750815188808;1.349005995582203;3.5447564952140533;2476.0;0.0369127516778523;0.2818791946308724;0.3501762632197415;0.5067114093959731;0.5629139072847682
Financials-06;2023;Finland;Financials;-0.061;7.030222;0.0041981045270518;0.0054154008717474;-0.1942861896996694;0.2206339525508738;0.067680029447431;0.1073986505340657;-0.4151;-0.3952;200;1096;0.058161350844277676;0.06269059887970142;0.11069418386491557;0.0525328330206379;-0.19488817891373802;-0.12195121951219512;0.025;0.055;0.061895551257253385;-0.13194444444444445;0.07630522088353414;-0.012048192771084338;29;0.05263157894736842;0.23076923076923078;47;0.1774193548387097;0.0;45;0.008620689655172414;-0.37142857142857144;79;0.018433179723502304;-0.38596491228070173;77;0.11538461538461539;0.15315315315315314;14;0.10526315789473684;-0.4634146341463415;54;-0.02666666666666667;-0.5740740740740741;55;0.051094890510948905;0.05660377358490566;0.145;0.42;0.385;0.235;0.19;0.07;0.225;0.205;0.27;0.395;0.56;0.23966942148760328;0.5153374233128835;0.3884297520661157;0.23312883435582823;0.37190082644628103;0.25153374233128833;0.215;0.015;0.01;0.11;0.02;0.04;0.38;0.065;0.145;84;0.5;0.21;447.0;0.08053691275167785;0.05592841163310962;0.13646532438478748;0.055656934306569344;0.13927671;-0.08275058275058275;-0.0050568900126422255;1.7854763491005996;0.18421052631578946;0.25;0.9719353662981411;0.09883406779457499;0.3420673769075727;0.11229484595450619;0.2723869853152894;0.27325079182263173;0.6153181687302044;2.404809619238477;0.7894577032853586;1.9149409930973056;1.9210137446610396;4.3258233638995165;3473.0;0.0089485458612975;0.2684563758389262;0.4078467153284671;0.4742729306487696;0.5801886792452831
Financials-06;2024;Finland;Financials;-0.0768;9.121926;0.0056096236209675;0.005816744838793;-0.2892477308943509;1.3343001881519323;0.6256193342503853;0.3990207743068483;-1.6235;-1.7368;200;1330;0.0657439446366782;0.06443222996272843;0.12629757785467127;0.06055363321799308;-0.046357615894039736;0.006993006993006993;0.04;0.055;0.059674502712477394;-0.01845018450184502;0.06505576208178439;0.06882591093117409;60;-0.011049723756906077;-0.07042253521126761;47;0.27419354838709675;0.1875;38;0.08490566037735849;0.11864406779661017;55;-0.017964071856287425;-0.4473684210526316;108;0.022364217252396165;0.06569343065693431;23;0.25396825396825395;0.36;42;0.09243697478991597;-0.4457831325301205;27;0.04819277108433735;-0.125;0.3;0.545;0.54;0.235;0.19;0.115;0.19;0.165;0.21;0.275;0.705;0.4137931034482759;0.6055555555555555;0.3241379310344828;0.21111111111111108;0.2620689655172414;0.18333333333333332;0.365;0.025;0.0;0.11;0.025;0.04;0.29;0.045;0.1;109;0.3486238532110092;0.19;638.0;0.13009404388714735;0.07210031347962383;0.20219435736677116;0.09699248120300752;0.20958334;-0.09270588235294118;-0.017329255861365953;1.7508243912394332;0.061224489795918366;0.22641509433962265;2.1697679005851795;0.14042360675111717;0.4369747899159664;0.10397100016477179;0.19525457241720218;0.26379963750205965;0.700774427418026;3.9860518246858656;0.94841579991583;1.781097817591535;2.406360848914808;6.392412673600674;6069.0;-0.073667711598746;0.2695924764890282;0.4796992481203007;0.3981191222570533;0.5354330708661418
Basic Materials-02;2019;France;Basic Materials;0.2255;6.251245;0.0049983120147042;0.0072218852009128;1.5276430224697128;-0.1941094256755894;0.3839826648728835;1.420015358121417;1.7219;2.24;200;1390;0.08775981524249422;0.09073713800373033;0.12702078521939955;0.03926096997690531;0.2849740932642487;0.30526315789473685;0.015;0.015;0.08788598574821853;0.30851063829787234;0.08788598574821853;0.30851063829787234;31;0.09523809523809523;0.3793103448275862;35;0.17777777777777778;0.375;41;-0.023809523809523808;-0.3333333333333333;93;0.09142857142857143;0.30303030303030304;42;0.15126050420168066;0.1;11;0.15789473684210525;1.0;83;0.03296703296703297;0.12;64;0.09734513274336283;0.4805194805194805;0.155;0.275;0.21;0.175;0.125;0.055;0.205;0.155;0.415;0.465;0.455;0.28971962616822433;0.4954954954954955;0.3271028037383178;0.2252252252252252;0.383177570093458;0.27927927927927926;0.145;0.005;0.005;0.11;0.025;0.045;0.53;0.03;0.105;55;0.36363636363636365;0.1;429.0;0.04195804195804196;0.004662004662004662;0.046620046620046623;0.014388489208633094;0.049164183;0.23189465983906365;0.2709433962264151;0.497429945282706;0.19424460431654678;0.24344569288389514;0.56651387959005;0.18696979326149965;0.3855735805330243;0.08922363847045191;0.4721900347624565;0.05301274623406721;0.43858632676709153;2.4103149164267217;0.5577588236359357;2.95177559261875;0.3313956646927799;2.7417105811195017;3452.0;0.3403263403263403;0.4475524475524475;0.3086330935251798;0.4358974358974359;0.3262032085561497
Basic Materials-02;2020;France;Basic Materials;0.0878;7.047001;0.0053681886366317;0.0064179285701895;0.700035160285685;0.2295674372920942;0.5301859335290973;0.8358492579092257;0.4703;0.6231;200;1474;0.1278825995807128;0.13005102705405694;0.14255765199161424;0.014675052410901468;0.14;0.18134715025906736;0.03;0.035;0.13232104121475055;0.18324607329842932;0.1331877729257642;0.2;51;0.125;0.17073170731707318;44;0.1981981981981982;0.4098360655737705;37;0.060240963855421686;0.03225806451612903;68;0.11612903225806452;-0.07462686567164178;60;0.15584415584415584;0.15789473684210525;21;0.16393442622950818;0.35135135135135137;69;0.04516129032258064;-0.04477611940298507;50;0.18691588785046728;0.23076923076923078;0.255;0.34;0.3;0.22;0.175;0.105;0.185;0.13;0.345;0.34;0.55;0.3863636363636364;0.5271317829457365;0.33333333333333337;0.2713178294573643;0.28030303030303033;0.20155038759689922;0.21;0.01;0.015;0.165;0.03;0.03;0.44;0.03;0.07;68;0.5588235294117647;0.19;485.0;0.04536082474226804;0.008247422680412371;0.05360824742268041;0.017639077340569877;0.055908244;0.10174029451137885;0.14464534075104313;0.6167129201356768;0.0380952380952381;0.09547738693467336;0.8980324924483631;0.21246812717906022;0.43436862389480846;0.1439582861029245;0.36613012922239857;0.05554296077986851;0.48991158467467694;3.0609962616225195;1.0144742307569417;2.5801195002715915;0.3914113173786625;3.452407579001182;4411.0;0.2391752577319587;0.3670103092783505;0.3290366350067842;0.3876288659793814;0.4468085106382978
Basic Materials-02;2021;France;Basic Materials;0.0786;7.06445;0.0051026870532887;0.0047879616963064;0.644741098324225;0.2388576438151027;0.4252395892160426;-0.3485074048808896;0.4058;0.0189;200;2107;0.10884353741496598;0.1126288243161848;0.1292517006802721;0.02040816326530612;0.12849162011173185;0.16091954022988506;0.025;0.025;0.11583924349881797;0.17365269461077845;0.11583924349881797;0.17365269461077845;46;0.15454545454545454;0.02127659574468085;39;0.14736842105263157;0.30158730158730157;26;0.034482758620689655;0.6666666666666666;89;0.08426966292134831;-0.08771929824561403;64;0.1875;0.2857142857142857;13;0.17073170731707318;0.058823529411764705;67;0.014705882352941176;0.14893617021276595;56;0.08653846153846154;-0.1111111111111111;0.23;0.355;0.32;0.195;0.115;0.065;0.13;0.09;0.335;0.445;0.52;0.4144144144144144;0.6339285714285715;0.3513513513513513;0.20535714285714288;0.23423423423423423;0.16071428571428573;0.175;0.045;0.02;0.095;0.015;0.035;0.51;0.02;0.085;71;0.5633802816901409;0.2;716.0;0.07960893854748603;0.02653631284916201;0.10614525139664804;0.036070242050308496;0.10817222;0.09315589353612168;0.13524185587364265;0.5859727147064127;0.0024813895781637717;0.07161803713527852;0.9906271431837234;0.16469835213795353;0.4574659891821013;0.12899524668087198;0.3492870021307982;0.0642517620062285;0.5217177511883297;3.231745443597879;0.9112804242606702;2.4675204372293367;0.4539033371158611;3.68564878071374;6101.0;0.2067039106145251;0.4092178770949721;0.3398196487897484;0.4189944134078212;0.4366666666666666
Basic Materials-02;2022;France;Basic Materials;0.0701;7.430325;0.0050489755853052;0.0050209978893313;0.5936541932511368;0.4336570198025929;0.4040087470433675;-0.1791800570049408;0.1597;-0.1319;200;2409;0.1019522776572668;0.10624716338780335;0.13232104121475055;0.03036876355748373;0.004149377593360996;0.047619047619047616;0.025;0.035;0.10491071428571429;0.017699115044247787;0.10633484162895927;0.037037037037037035;51;0.14173228346456693;0.16216216216216217;46;0.11206896551724138;-0.02564102564102564;32;0.014285714285714285;0.0;71;0.10135135135135136;-0.15254237288135594;70;0.14534883720930233;0.09803921568627451;15;0.15555555555555556;0.10344827586206896;65;0.030534351145038167;-0.14285714285714285;50;0.09734513274336283;-0.08196721311475409;0.255;0.34;0.35;0.23;0.165;0.075;0.16;0.095;0.325;0.355;0.55;0.3953488372093023;0.5666666666666668;0.35658914728682173;0.275;0.24806201550387597;0.15833333333333335;0.25;0.025;0.02;0.165;0.02;0.04;0.385;0.035;0.06;68;0.5441176470588235;0.185;897.0;0.06911928651059086;0.032329988851727984;0.10144927536231885;0.03777501037775011;0.104988396;0.08725341426403642;0.13685045616818722;0.7544199166858006;-0.006779661016949152;0.059674502712477394;1.1786066957602015;0.17077376678199185;0.48535564853556484;0.12795249021460386;0.3154271831556215;0.07126467809420975;0.5566203266297746;3.6063502251461697;0.9507285910563316;2.343726495040767;0.5295197216009948;4.135869946747165;7409.0;0.1984392419175027;0.4091415830546265;0.3723536737235367;0.4526198439241917;0.4482758620689655
Basic Materials-02;2023;France;Basic Materials;0.065;8.004234;0.0051380897255313;0.0045918729168144;0.563002050207284;0.7392179766146316;0.4392334079496124;-0.4909882467991543;-0.176;-0.6411;200;2223;0.15271966527196654;0.15056442516119412;0.17782426778242677;0.02510460251046025;0.24663677130044842;0.2694063926940639;0.02;0.02;0.15319148936170213;0.26605504587155965;0.15319148936170213;0.26605504587155965;55;0.18604651162790697;0.24528301886792453;47;0.17829457364341086;0.2839506172839506;34;0.09722222222222222;0.3939393939393939;64;0.12837837837837837;0.10714285714285714;65;0.19875776397515527;0.30158730158730157;22;0.20588235294117646;0.3793103448275862;55;0.1092436974789916;0.288135593220339;58;0.1076923076923077;0.1111111111111111;0.275;0.38;0.325;0.235;0.14;0.11;0.17;0.135;0.275;0.32;0.59;0.40441176470588236;0.5801526717557252;0.3455882352941176;0.2137404580152672;0.25;0.20610687022900764;0.245;0.025;0.01;0.175;0.015;0.025;0.375;0.045;0.085;76;0.5263157894736842;0.2;906.0;0.0706401766004415;0.03532008830022075;0.10596026490066225;0.043184885290148446;0.10852382;0.061677631578947366;0.10767910767910768;0.7300166964214726;0.08118811881188119;0.1543340380549683;1.0369746265271071;0.18236886272841168;0.5183535762483131;0.12753036437246965;0.2813765182186235;0.07273954116059379;0.5910931174089069;4.1490235050120985;1.0207829243000346;2.2522035948842034;0.5822243346007605;4.731247839612859;7410.0;0.2030905077262693;0.4194260485651214;0.407557354925776;0.434878587196468;0.4010152284263959
Basic Materials-02;2024;France;Basic Materials;-0.0652;8.532112;0.0048525971267359;0.0052037084184576;-0.2195291310299012;1.020271082176707;0.3263850994960471;-0.0464200383812967;-1.24;-1.4264;200;2088;0.09523809523809523;0.0974620723940618;0.1111111111111111;0.015873015873015872;0.1341991341991342;0.2780487804878049;0.05;0.06;0.10071942446043165;0.3263157894736842;0.10194174757281553;0.39664804469273746;43;0.12149532710280374;0.5217391304347826;37;0.24691358024691357;0.058823529411764705;39;0.0;-0.12195121951219512;81;0.05232558139534884;0.14285714285714285;58;0.14666666666666667;0.34146341463414637;11;-0.041666666666666664;-0.5294117647058824;71;0.014084507042253521;-0.24528301886792453;60;0.152;0.5483870967741935;0.215;0.355;0.29;0.185;0.135;0.055;0.195;0.125;0.355;0.405;0.525;0.36134453781512604;0.5772357723577236;0.31092436974789917;0.21951219512195125;0.3277310924369748;0.2032520325203252;0.165;0.025;0.015;0.155;0.015;0.025;0.52;0.03;0.05;71;0.38028169014084506;0.135;832.0;0.07451923076923077;0.030048076923076924;0.1045673076923077;0.041666666666666664;0.10699039;-0.05508284818629646;0.03330068560235064;1.4497703897681127;-0.1059245960502693;0.08733624454148471;3.3795316447054007;0.18190624631300492;0.4404539385847797;0.12643524699599465;0.3012016021361816;0.13190921228304406;0.5723631508678237;3.758002414963662;1.0787597111156677;2.569885858792974;1.125464197024583;4.883466611988245;7490.0;0.0985576923076923;0.3257211538461538;0.3984674329501915;0.2980769230769231;0.4516129032258064
Basic Materials-02;2018;France;Basic Materials;0.1785;5.649771;0.0056327266315315;0.0073099859267583;1.2451624885361663;-0.5143465554950623;0.6347513946727268;1.4840305742118154;1.7596;2.1843;200;1323;0.10681818181818181;0.11384774988347834;0.1431818181818182;0.03636363636363636;0.2184873949579832;0.2446351931330472;0.02;0.025;0.11421911421911422;0.22608695652173913;0.11475409836065574;0.2422907488986784;35;0.1276595744680851;0.47619047619047616;37;0.17894736842105263;0.13924050632911392;41;0.0641025641025641;0.46153846153846156;87;0.07514450867052024;0.0989010989010989;37;0.1836734693877551;0.4583333333333333;13;0.11764705882352941;-0.6551724137931034;78;0.024096385542168676;0.05;72;0.14788732394366197;0.5555555555555556;0.175;0.285;0.185;0.185;0.14;0.065;0.205;0.125;0.39;0.435;0.45;0.30973451327433627;0.5181818181818181;0.3274336283185841;0.2545454545454546;0.36283185840707965;0.22727272727272727;0.125;0.01;0.015;0.1;0.05;0.045;0.545;0.03;0.08;57;0.45614035087719296;0.13;377.0;0.034482758620689655;0.007957559681697613;0.042440318302387266;0.012093726379440665;0.049718775;0.19741100323624594;0.25;0.6444177314017324;0.08661417322834646;0.11740890688259109;0.3872538172161982;0.1830128886593972;0.37403035413153457;0.0866779089376054;0.4897133220910624;0.04957841483979764;0.4236087689713322;2.113185975609756;0.4897103658536585;2.7667682926829267;0.2801067073170731;2.3932926829268295;2965.0;0.3660477453580902;0.4244031830238727;0.2849584278155707;0.3713527851458886;0.3714285714285714
Industrials-07;2019;France;Industrials;-0.0691;5.430363;0.0032279181056861;0.0054544621166979;-0.2429690051222593;-0.6311638878808863;-0.3158111608590965;0.135781095880224;0.388;0.6138;200;540;0.14555765595463138;0.14521619367689625;0.18714555765595464;0.04158790170132325;0.03488372093023256;0.10559006211180125;0.03;0.07;0.15860735009671179;0.07692307692307693;0.17515274949083504;0.26666666666666666;22;0.16981132075471697;0.4482758620689655;69;0.31351351351351353;0.371900826446281;48;0.06722689075630252;0.07936507936507936;61;0.011627906976744186;-0.3893129770992366;26;0.25882352941176473;0.5714285714285714;31;0.3125;0.2682926829268293;60;0.034482758620689655;-0.18181818181818182;83;0.09852216748768473;-0.13636363636363635;0.11;0.21;0.13;0.345;0.235;0.155;0.24;0.135;0.3;0.305;0.49;0.15827338129496404;0.3620689655172414;0.49640287769784175;0.4051724137931035;0.34532374100719426;0.2327586206896552;0.105;0.02;0.01;0.2;0.06;0.045;0.405;0.085;0.07;42;0.6904761904761905;0.145;141.0;0.05673758865248227;0.028368794326241134;0.0851063829787234;0.022222222222222223;0.08150416;-0.06792058516196448;0.01478953356086462;1.953271730147998;-0.08571428571428572;-0.04477611940298507;0.8105917319643339;0.08481917770545905;0.24258970358814352;0.28471138845553823;0.40639625585023403;0.06630265210608424;0.3088923556942278;1.3173500508302272;1.5460860725177905;2.2068790240596408;0.3600474415452389;1.677397492375466;1282.0;0.1205673758865248;0.2056737588652482;0.2611111111111111;0.5035460992907801;0.6197183098591549
Industrials-07;2024;France;Industrials;-0.1688;7.37296;0.0022756964052425;0.0072702497585207;-0.8421883505089519;0.4031147138141479;-0.6922013321673487;1.4551577201924784;-1.2452;-0.1715;200;1304;0.07105719237435008;0.07089589084248402;0.14211438474870017;0.07105719237435008;-0.22549019607843138;-0.10734463276836158;0.09;0.17;0.08097928436911488;-0.17086834733893558;0.11864406779661017;0.11290322580645161;56;0.10982658959537572;-0.03529411764705882;52;0.14685314685314685;-0.05454545454545454;31;0.0898876404494382;-0.19480519480519481;61;-0.040697674418604654;-0.5;62;0.11;0.1262135922330097;27;0.0;-0.4411764705882353;55;0.09615384615384616;-0.37404580152671757;56;0.02666666666666667;-0.24528301886792453;0.28;0.41;0.31;0.26;0.165;0.135;0.155;0.165;0.275;0.305;0.61;0.4028776978417266;0.5540540540540541;0.37410071942446044;0.222972972972973;0.22302158273381292;0.222972972972973;0.195;0.03;0.055;0.19;0.07;0.03;0.27;0.05;0.11;82;0.4024390243902439;0.165;522.0;0.05747126436781609;0.032567049808429116;0.09003831417624521;0.036042944785276074;0.088881865;-0.15847395451210564;-0.04177109440267335;3.2164309242394884;-0.2522255192878338;-0.10320284697508897;4.398366321080742;0.1098040568511108;0.4000407581006725;0.17811289993886284;0.2675769309150194;0.15426941104544528;0.5543101691461177;2.949484629023049;1.3132193406857589;1.9728340896114436;1.13742224359167;4.086906872614719;4907.0;-0.0114942528735632;0.2471264367816092;0.4003067484662577;0.3659003831417624;0.5445026178010471
Industrials-07;2021;France;Industrials;-0.0302;6.979838;0.0051793344555224;0.0055480957931858;-0.0091712866113031;0.1938084745604297;0.4555364505915612;0.2038166310722809;-0.2027;-0.3286;200;839;0.15296367112810708;0.14747883667225592;0.23709369024856597;0.0841300191204589;0.11695906432748537;0.22044728434504793;0.05;0.095;0.1646586345381526;0.1588785046728972;0.1875;0.3612167300380228;44;0.1896551724137931;0.2987012987012987;73;0.233502538071066;0.232;21;0.06521739130434782;-0.16666666666666666;62;0.054878048780487805;-0.057692307692307696;50;0.18382352941176472;0.3142857142857143;36;0.17346938775510204;0.17647058823529413;48;0.031496062992125984;-0.2786885245901639;66;0.20987654320987653;0.12;0.22;0.355;0.25;0.365;0.25;0.18;0.105;0.135;0.24;0.31;0.585;0.31884057971014496;0.4797297297297297;0.5289855072463768;0.33783783783783783;0.15217391304347827;0.18243243243243246;0.185;0.025;0.015;0.245;0.07;0.06;0.215;0.075;0.11;71;0.5633802816901409;0.2;288.0;0.06944444444444445;0.04861111111111111;0.11805555555555555;0.04052443384982122;0.12034692;-0.04479578392621871;0.03719599427753934;1.998900604667433;0.09826589595375723;0.1656441717791411;1.2923235978288963;0.11417863097785189;0.28400597907324365;0.2365470852017937;0.34566517189835577;0.13378176382660686;0.41778774289985054;1.9823156576853855;1.651060278045854;2.4126868202091862;0.9337750071728528;2.9160906648582383;2676.0;0.1284722222222222;0.34375;0.3432657926102503;0.5243055555555556;0.5033112582781457
Industrials-07;2020;France;Industrials;-0.0307;6.577664;0.004159870989023;0.0053538782972055;-0.0121763986744259;-0.0203172356914126;0.0525672380442462;0.0626954898513362;0.0084;0.0135;200;708;0.10721247563352826;0.10673506589893245;0.17543859649122806;0.0682261208576998;-0.14285714285714285;-0.053691275167785234;0.065;0.115;0.10655737704918032;-0.10457516339869281;0.12938596491228072;0.11403508771929824;36;0.11458333333333333;0.13636363636363635;60;0.19607843137254902;0.13636363636363635;47;0.1926605504587156;-0.022727272727272728;57;-0.04516129032258064;-0.5779816513761468;45;0.18110236220472442;0.06493506493506493;30;0.13924050632911392;-0.05660377358490566;60;0.08588957055214724;-0.3228346456692913;65;0.04861111111111111;-0.1111111111111111;0.18;0.35;0.225;0.3;0.26;0.15;0.235;0.135;0.3;0.285;0.58;0.2517482517482518;0.4697986577181208;0.4195804195804196;0.348993288590604;0.32867132867132864;0.18120805369127518;0.175;0.015;0.005;0.215;0.045;0.035;0.33;0.12;0.06;70;0.5428571428571428;0.19;233.0;0.060085836909871244;0.055793991416309016;0.11587982832618027;0.038135593220338986;0.11799995;-0.049679487179487176;0.02683982683982684;1.932226631484906;0.16393442622950818;0.24561403508771928;1.4611872146118723;0.10213408946759692;0.2740286298568507;0.23210633946830267;0.3834355828220859;0.11042944785276074;0.38445807770961143;1.802468305478024;1.5267175572519085;2.5221105020681303;0.7263678245956217;2.5288361300736457;1956.0;0.167381974248927;0.3047210300429184;0.3290960451977401;0.4892703862660944;0.5350877192982456
Industrials-07;2023;France;Industrials;0.0294;7.631962;0.0046492602089174;0.005436226523063;0.3490380713129383;0.5410127062419221;0.2460109415710953;0.1225308592235906;-0.1918;-0.2536;200;1158;0.15104166666666666;0.1486122210820516;0.19618055555555555;0.04513888888888889;0.10465116279069768;0.20253164556962025;0.06;0.095;0.15955473098330242;0.17105263157894737;0.16634429400386846;0.27611940298507465;55;0.1746987951807229;0.2903225806451613;58;0.2611111111111111;0.08695652173913043;27;0.10294117647058823;0.18518518518518517;60;0.024691358024691357;-0.09302325581395349;57;0.20812182741116753;0.375;25;0.26666666666666666;-0.10810810810810811;53;0.014925373134328358;-0.011494252873563218;65;0.1411764705882353;0.10344827586206896;0.275;0.43;0.285;0.29;0.26;0.125;0.135;0.1;0.265;0.3;0.605;0.3928571428571429;0.5443037974683544;0.41428571428571426;0.32911392405063294;0.1928571428571429;0.12658227848101267;0.185;0.025;0.035;0.215;0.05;0.1;0.27;0.065;0.055;86;0.5348837209302325;0.23;490.0;0.08163265306122448;0.0326530612244898;0.11428571428571428;0.04835924006908463;0.11814883;0.026794258373205742;0.10789881259679918;1.7708538293267284;0.050980392156862744;0.15517241379310345;2.006455552647649;0.11713433201855675;0.4004651162790698;0.1930232558139535;0.27069767441860465;0.13581395348837208;0.5362790697674419;3.056334528415747;1.4731461431969046;2.065954350218309;1.036526924851798;4.092861453267545;4300.0;0.1775510204081632;0.3265306122448979;0.4231433506044905;0.5285714285714286;0.5366795366795367
Industrials-07;2022;France;Industrials;0.008;7.52851;0.0048720436501726;0.0053822695414905;0.2204192750112811;0.4859327334516035;0.3340718391327112;0.083324963905467;-0.2655;-0.3909;200;1085;0.09305993690851735;0.09101086685710148;0.17034700315457413;0.07728706624605679;-0.08010335917312661;0.0;0.05;0.105;0.10130718954248366;-0.05785123966942149;0.14311270125223613;0.2209737827715356;61;0.09292035398230089;0.15492957746478872;53;0.18518518518518517;0.10588235294117647;36;0.06306306306306306;-0.3333333333333333;50;0.007407407407407408;-0.41509433962264153;74;0.12177121771217712;0.14285714285714285;25;0.12658227848101267;-0.23684210526315788;51;0.05405405405405406;-0.2876712328767123;50;0.058823529411764705;-0.32142857142857145;0.305;0.46;0.37;0.265;0.25;0.125;0.18;0.145;0.255;0.25;0.635;0.4066666666666667;0.5380116959064328;0.35333333333333333;0.29239766081871343;0.24;0.1695906432748538;0.215;0.025;0.025;0.225;0.025;0.08;0.27;0.065;0.07;92;0.5217391304347826;0.24;438.0;0.0776255707762557;0.0410958904109589;0.1187214611872146;0.047926267281105994;0.11876911;-0.00597609561752988;0.06170212765957447;1.5440475759659344;0.12757201646090535;0.19130434782608696;1.2315270935960592;0.11295275801187737;0.3824186739508319;0.20238390861683636;0.26868636702259746;0.1465110504097343;0.5289297243605662;2.879042811740512;1.5236492802392971;2.0228080014956067;1.1030099083940923;3.982052720134604;4027.0;0.2214611872146118;0.4018264840182648;0.4036866359447004;0.589041095890411;0.437984496124031
Industrials-07;2018;France;Industrials;-0.073;5.535805;0.0039863879436071;0.0050354207291486;-0.2664088792146174;-0.5750243981566008;-0.0160064073082401;-0.1687002204464701;0.3086;0.2323;200;537;0.08118811881188119;0.0803566583312384;0.12673267326732673;0.04554455445544554;-0.09407665505226481;-0.022556390977443608;0.06;0.08;0.08577405857740586;-0.0546875;0.11038961038961038;0.07623318385650224;16;0.2;0.3333333333333333;49;0.2;0.28421052631578947;42;0.09375;0.14893617021276595;93;-0.022321428571428572;-0.5275590551181102;19;0.21052631578947367;0.14285714285714285;27;0.16216216216216217;0.23404255319148937;85;0.025;-0.24705882352941178;69;0.06896551724137931;-0.16535433070866143;0.08;0.17;0.095;0.245;0.19;0.135;0.21;0.12;0.425;0.465;0.395;0.14953271028037382;0.3541666666666667;0.4579439252336448;0.39583333333333337;0.3925233644859813;0.25;0.065;0.01;0.01;0.15;0.05;0.025;0.52;0.1;0.07;34;0.5882352941176471;0.1;106.0;0.0660377358490566;0.018867924528301886;0.08490566037735849;0.01675977653631285;0.08627748;-0.09884467265725289;-0.02092050209205021;1.7255775118285555;0.16666666666666666;0.1951219512195122;0.4363953742090334;0.11312418236121739;0.16597164303586323;0.23269391159299416;0.5596330275229358;0.041701417848206836;0.20767306088407006;0.918786647582991;1.2881481139480124;3.0980192991366176;0.2308509164781384;1.1496375640611294;1199.0;0.0849056603773584;0.1981132075471698;0.1973929236499069;0.5;0.6792452830188679
Financials-11;2018;France;Financials;-0.3159;5.298246;0.0036731886497007;0.0058781511354504;-1.726292319479689;-0.7015056963054555;-0.1398065011647062;0.4436394458570144;-1.0246;-0.7328;200;850;0.022357723577235773;0.02762299243027602;0.08536585365853659;0.06300813008130081;-0.3201320132013201;-0.2847222222222222;0.035;0.065;0.029166666666666667;-0.2896551724137931;0.041666666666666664;-0.2;23;-0.03225806451612903;0.23529411764705882;44;0.13013698630136986;0.030303030303030304;55;0.008333333333333333;-0.373134328358209;78;-0.042682926829268296;-0.6029411764705882;28;0.0;0.0;23;0.17391304347826086;0.21951219512195122;78;0.0;-0.5384615384615384;71;-0.006097560975609756;-0.43434343434343436;0.115;0.22;0.14;0.22;0.18;0.115;0.275;0.185;0.39;0.39;0.42;0.1885245901639344;0.3760683760683761;0.360655737704918;0.3076923076923077;0.4508196721311475;0.3162393162393163;0.085;0.01;0.005;0.11;0.04;0.04;0.495;0.07;0.145;44;0.5227272727272727;0.115;154.0;0.045454545454545456;0.006493506493506494;0.05194805194805195;0.009411764705882352;0.04977608;-0.3293818797629128;-0.28195829555757024;1.3685891249802606;-0.2129032258064516;-0.1527777777777778;1.077902988731014;0.15186463882853657;0.22109016811003565;0.1619969434538971;0.5425369332654101;0.07437595517065716;0.2954661232806928;1.1713900134952766;0.8582995951417004;2.874493927125506;0.3940620782726046;1.5654520917678811;1963.0;-0.1233766233766233;0.1688311688311688;0.1811764705882353;0.3961038961038961;0.7540983606557377
Financials-11;2019;France;Financials;-0.3163;5.78011;0.0038643851040464;0.0058268629697201;-1.7286964091301873;-0.4449513908436557;-0.0642311743566682;0.4063727493502888;-1.2834;-1.0481;200;899;0.042222222222222223;0.04589535607231988;0.1;0.057777777777777775;-0.36200716845878134;-0.32575757575757575;0.04;0.065;0.046189376443418015;-0.33858267716535434;0.057007125890736345;-0.2645739910313901;13;0.0;-0.5714285714285714;53;0.13513513513513514;0.0;64;0.075;-0.3076923076923077;70;-0.06896551724137931;-0.5968992248062015;24;0.028985507246376812;-0.3333333333333333;22;0.10204081632653061;-0.21739130434782608;79;0.006060606060606061;-0.49514563106796117;75;0.0658682634730539;-0.2833333333333333;0.065;0.165;0.12;0.265;0.185;0.11;0.32;0.22;0.395;0.35;0.475;0.1;0.2894736842105263;0.4076923076923077;0.32456140350877194;0.4923076923076923;0.3859649122807018;0.055;0.015;0.005;0.135;0.03;0.075;0.525;0.04;0.12;33;0.48484848484848486;0.08;184.0;0.08695652173913043;0.04891304347826087;0.1358695652173913;0.027808676307007785;0.13368666;-0.34560669456066945;-0.2992831541218638;1.3167763980331693;-0.1111111111111111;-0.06172839506172839;0.8401792382374906;0.15149843721272294;0.2896368467670505;0.15943312666076173;0.48272807794508416;0.06820194862710363;0.35783879539415414;1.674132855497248;0.921541021374632;2.7902214258287468;0.3942147702547037;2.0683476257519517;2258.0;-0.0163043478260869;0.2608695652173913;0.2046718576195773;0.4619565217391304;0.6235294117647059
Financials-11;2020;France;Financials;-0.2181;5.754145;0.0051151873867898;0.0057642820380854;-1.1384923999328629;-0.458775690939358;0.4301806682375559;0.3609005716436537;-0.6795;-0.7141;200;1003;0.02237136465324385;0.026069882198734837;0.09843400447427293;0.07606263982102908;-0.3023255813953488;-0.25;0.05;0.07;0.035629453681710214;-0.26618705035971224;0.04116222760290557;-0.2125984251968504;31;-0.030927835051546393;0.08571428571428572;40;0.17708333333333334;0.09859154929577464;52;0.0761904761904762;-0.30158730158730157;77;-0.08053691275167785;-0.6212121212121212;35;-0.010101010101010102;0.0;25;0.22807017543859648;0.23076923076923078;74;0.0;-0.5939849624060151;66;-0.014598540145985401;-0.2413793103448276;0.155;0.255;0.175;0.2;0.16;0.125;0.26;0.165;0.37;0.385;0.46;0.25203252032520324;0.43965517241379304;0.3252032520325204;0.27586206896551724;0.42276422764227645;0.2844827586206896;0.12;0.02;0.015;0.12;0.03;0.065;0.48;0.02;0.13;51;0.5490196078431373;0.14;226.0;0.11061946902654868;0.030973451327433628;0.1415929203539823;0.031904287138584245;0.13995968;-0.2525389302640487;-0.2023121387283237;1.4083440599681987;0.02912621359223301;0.09278350515463918;1.0269576379974326;0.15034740092640247;0.2730612244897959;0.16979591836734695;0.46408163265306124;0.09306122448979592;0.36612244897959184;1.5712339705951432;0.9770303912818826;2.670393160787261;0.5354878106064165;2.1067217812015597;2450.0;-0.0353982300884955;0.252212389380531;0.2253240279162512;0.3982300884955752;0.6444444444444445
Financials-11;2021;France;Financials;-0.2405;6.444991;0.0050977329336767;0.0058137054104796;-1.2731214203607657;-0.090955069952809;0.4232813457433582;0.396812283305094;-1.182;-1.1953;200;1193;0.04415011037527594;0.046917887976101164;0.12141280353200883;0.0772626931567329;-0.12121212121212122;-0.072;0.035;0.065;0.04794520547945205;-0.09448818897637795;0.07582938388625593;0.05504587155963303;26;0.04878048780487805;0.018867924528301886;43;0.19444444444444445;0.2558139534883721;49;0.01834862385321101;-0.14285714285714285;82;-0.045454545454545456;-0.5555555555555556;48;0.05185185185185185;0.03529411764705882;10;0.34782608695652173;0.15789473684210525;78;-0.044585987261146494;-0.43661971830985913;64;0.08695652173913043;-0.07865168539325842;0.13;0.27;0.24;0.215;0.14;0.05;0.245;0.13;0.39;0.41;0.425;0.22033898305084748;0.5;0.364406779661017;0.25925925925925924;0.4152542372881356;0.24074074074074073;0.145;0.01;0.005;0.075;0.025;0.06;0.515;0.035;0.13;54;0.5555555555555556;0.15;376.0;0.08244680851063829;0.04521276595744681;0.1276595744680851;0.0402347024308466;0.13340144;-0.2554315913094539;-0.20201384518565135;1.4200298953662183;-0.12149532710280374;-0.0784313725490196;0.7427213309566251;0.1436251920122888;0.35216346153846156;0.1349158653846154;0.3680889423076923;0.14483173076923078;0.4969951923076923;2.269690338323296;0.8695315374634468;2.3723299184693145;0.9334392005732324;3.203129538896528;3328.0;-0.0851063829787234;0.2925531914893617;0.3151718357082984;0.4042553191489361;0.5263157894736842
Financials-11;2022;France;Financials;-0.2906;7.128921;0.005414797753263;0.0056596654508866;-1.574233649085674;0.2731833303727782;0.5486093882615279;0.2848847003566344;-1.8472;-1.9791;200;1219;0.04772727272727273;0.04735241803255948;0.10909090909090909;0.06136363636363636;-0.2901023890784983;-0.21804511278195488;0.06;0.085;0.05995203836930456;-0.25757575757575757;0.08629441624365482;-0.1415525114155251;38;0.024691358024691357;-0.3;35;0.13043478260869565;0.24528301886792453;49;0.05405405405405406;-0.4;78;0.00641025641025641;-0.4666666666666667;58;0.04310344827586207;-0.24675324675324675;17;0.17777777777777778;0.125;65;0.03067484662576687;-0.52;60;0.02586206896551724;-0.28440366972477066;0.19;0.365;0.29;0.175;0.165;0.085;0.245;0.18;0.325;0.39;0.53;0.3114754098360656;0.5140845070422535;0.28688524590163933;0.23239436619718312;0.4016393442622951;0.2535211267605634;0.175;0.02;0.02;0.065;0.02;0.085;0.46;0.035;0.12;73;0.4931506849315068;0.18;436.0;0.11009174311926606;0.03211009174311927;0.14220183486238533;0.05086136177194422;0.13982525;-0.30585683297180044;-0.2540792540792541;1.556912448001557;-0.17551020408163265;-0.12173913043478261;1.136535838763449;0.13832641596444892;0.36736842105263157;0.135;0.34578947368421054;0.1518421052631579;0.5192105263157895;2.618940417229476;0.9624043223773076;2.4651058081945068;1.0824703586972837;3.70141077592676;3800.0;-0.1055045871559633;0.2821100917431192;0.3576702214930271;0.4082568807339449;0.5449438202247191
Financials-11;2023;France;Financials;-0.3374;7.285073;0.0048941914133937;0.00547261038202;-1.8555121381939703;0.3563218671932729;0.3428263134205617;0.1489678785668572;-2.2119;-2.3088;200;1471;0.05115089514066496;0.044528995328547094;0.10997442455242967;0.058823529411764705;-0.3092105263157895;-0.2808219178082192;0.03;0.05;0.05026455026455026;-0.3037542662116041;0.07065217391304347;-0.18699186991869918;44;0.08080808080808081;-0.4;45;0.1935483870967742;0.2558139534883721;43;0.0;-0.2413793103448276;68;-0.048;-0.680672268907563;71;0.05263157894736842;-0.2549019607843137;20;0.20512820512820512;-0.1794871794871795;56;-0.02127659574468085;-0.5774647887323944;53;0.05660377358490566;-0.21739130434782608;0.22;0.4;0.355;0.225;0.165;0.1;0.215;0.145;0.28;0.34;0.575;0.3333333333333333;0.5633802816901409;0.3409090909090909;0.2323943661971831;0.32575757575757575;0.20422535211267603;0.215;0.025;0.01;0.115;0.03;0.075;0.38;0.045;0.105;80;0.45;0.18;571.0;0.09632224168126094;0.028021015761821366;0.1243432574430823;0.04826648538409246;0.12346784;-0.3364973896535358;-0.29358261748357756;1.336214545948034;-0.3430232558139535;-0.2870662460567823;1.5759061460339696;0.15171882471707135;0.4155052264808362;0.12630662020905922;0.28288327526132406;0.17530487804878048;0.5908101045296167;3.026985864547142;0.9201529357638064;2.0608252819951454;1.277108816017007;4.304094680564149;4592.0;-0.1436077057793345;0.2539404553415061;0.3881713120326309;0.3345008756567426;0.5706806282722513
Financials-11;2024;France;Financials;-0.3609;7.888266;0.0042207639661085;0.0069352892766685;-1.996752405160744;0.6774742279722883;0.076636756798139;1.211770762574128;-2.6742;-2.1066;200;1605;0.04728132387706856;0.04120140436411467;0.1016548463356974;0.054373522458628844;-0.304635761589404;-0.21933085501858737;0.05;0.1;0.05303030303030303;-0.26717557251908397;0.08174386920980926;-0.08163265306122448;47;0.057692307692307696;-0.20833333333333334;39;0.22727272727272727;-0.23076923076923078;48;0.0;-0.375;66;-0.05;-0.37373737373737376;76;0.01910828025477707;-0.21568627450980393;21;0.10416666666666667;-0.5217391304347826;52;0.02564102564102564;-0.41025641025641024;51;0.0891089108910891;-0.18421052631578946;0.235;0.44;0.38;0.195;0.195;0.105;0.24;0.21;0.26;0.33;0.675;0.35074626865671643;0.5207100591715976;0.29104477611940305;0.23076923076923078;0.35820895522388063;0.2485207100591716;0.24;0.035;0.015;0.115;0.04;0.04;0.415;0.04;0.06;88;0.26136363636363635;0.115;724.0;0.08425414364640885;0.03038674033149171;0.11464088397790057;0.05171339563862929;0.11843608;-0.3697646589549262;-0.30610452349582784;2.2640469346773244;-0.3203252032520325;-0.13636363636363635;5.558148415291273;0.18831547576244237;0.43258426966292135;0.15168539325842698;0.23214932946719827;0.18358100761145343;0.6161652772743748;3.41233989021043;1.1965347666971635;1.8312557182067704;1.4481358645928637;4.860475754803294;5518.0;-0.1477900552486188;0.223756906077348;0.4510903426791277;0.3232044198895027;0.5769230769230769
Financials-07;2019;France;Financials;-0.1422;6.588865;0.0028801211843377;0.005915713805708;-0.6823163887508172;-0.0143535928887181;-0.4532868587410281;0.4709330059314732;-0.6682;-0.2061;200;1320;0.06218905472636816;0.06504082561132327;0.09203980099502487;0.029850746268656716;-0.11;-0.0481283422459893;0.025;0.04;0.06976744186046512;-0.0918918918918919;0.06951871657754011;0.0457516339869281;26;0.0;-0.2903225806451613;55;0.15702479338842976;-0.012048192771084338;68;0.04065040650406504;-0.06666666666666667;51;0.01020408163265306;-0.21951219512195122;37;0.08641975308641975;0.0;31;0.10666666666666667;-0.23636363636363636;69;0.0;-0.38461538461538464;63;0.08064516129032258;0.23404255319148937;0.13;0.245;0.185;0.275;0.285;0.155;0.34;0.185;0.345;0.255;0.54;0.17449664429530198;0.3426573426573426;0.36912751677852346;0.39860139860139854;0.45637583892617445;0.2587412587412587;0.095;0.01;0.015;0.16;0.02;0.11;0.5;0.04;0.05;49;0.6938775510204082;0.17;332.0;0.024096385542168676;0.0391566265060241;0.06325301204819278;0.01590909090909091;0.06779356;-0.15033557046979865;-0.08986340762041696;1.3047260075384168;-0.10795454545454546;-0.07917888563049853;0.4925005596597269;0.22741388614541863;0.2216860630144763;0.18393414703377803;0.47090547828555207;0.12347431166619359;0.3451603746806699;1.4606594475303447;1.21191718565898;3.102732424395444;0.8135555181507041;2.2742149656810486;3523.0;0.2831325301204819;0.3674698795180723;0.2515151515151515;0.641566265060241;0.4647887323943662
Financials-07;2018;France;Financials;-0.1303;5.959024;0.0027923172948468;0.0056376141616867;-0.6107947216484938;-0.3496938970126316;-0.4879936092715208;0.2688619260871168;-0.2608;0.1176;200;1183;0.07103825136612021;0.07173797732493917;0.10109289617486339;0.030054644808743168;-0.16853932584269662;-0.11904761904761904;0.015;0.03;0.06442577030812324;-0.1656441717791411;0.06609195402298851;-0.12751677852348994;23;0.10526315789473684;0.2;49;0.1440677966101695;0.06896551724137931;72;0.05504587155963303;-0.16981132075471697;56;-0.009900990099009901;-0.5384615384615384;28;0.16363636363636364;0.25;19;0.10638297872340426;0.0;81;0.04316546762589928;-0.28205128205128205;72;0.048;-0.17647058823529413;0.115;0.215;0.14;0.245;0.215;0.095;0.36;0.21;0.405;0.28;0.465;0.15972222222222224;0.3359375;0.3402777777777778;0.3359375;0.5;0.328125;0.08;0.01;0.01;0.15;0.02;0.055;0.535;0.075;0.065;43;0.5116279069767442;0.11;243.0;0.024691358024691357;0.024691358024691357;0.04938271604938271;0.01014370245139476;0.048585277;-0.15962036238136323;-0.0914179104477612;1.2750241814930974;-0.029585798816568046;0.009230769230769232;0.6355103637074697;0.2306460705829293;0.17260656883298392;0.1806429070580014;0.517120894479385;0.12962962962962962;0.30223619846261357;1.028566669442825;1.0764554010160738;3.0815357708003663;0.7724660614641459;1.801032730906971;2862.0;0.1934156378600823;0.3251028806584362;0.2054099746407438;0.551440329218107;0.5
Financials-07;2020;France;Financials;-0.1212;6.536398;0.002834318804179;0.0058258135205195;-0.5561016820996584;-0.0422881029261234;-0.4713914300884368;0.4056102049250581;-0.514;-0.0755;200;1492;0.08860759493670886;0.0908519793160354;0.11139240506329114;0.02278481012658228;-0.18446601941747573;-0.0967741935483871;0.025;0.065;0.07894736842105263;-0.18085106382978725;0.08055555555555556;-0.027777777777777776;27;0.17857142857142858;0.03225806451612903;54;0.16964285714285715;-0.2631578947368421;61;0.017857142857142856;0.1891891891891892;58;0.034782608695652174;-0.4883720930232558;44;0.13333333333333333;0.022222222222222223;22;0.1509433962264151;-0.44;72;0.030303030303030304;-0.12;62;0.09166666666666666;-0.18032786885245902;0.135;0.28;0.22;0.27;0.22;0.11;0.305;0.155;0.36;0.29;0.51;0.19014084507042256;0.4274809160305344;0.3802816901408451;0.33587786259541985;0.42957746478873243;0.23664122137404578;0.095;0.025;0.005;0.125;0.025;0.105;0.445;0.1;0.075;56;0.48214285714285715;0.135;419.0;0.03341288782816229;0.026252983293556086;0.05966587112171838;0.01675603217158177;0.06414076;-0.14806629834254142;-0.09771796372147455;1.1462813950585058;-0.013333333333333334;0.020689655172413793;0.6211694550273315;0.2151097016720263;0.24573293172690763;0.1892570281124498;0.43323293172690763;0.13177710843373494;0.37751004016064255;1.6062082656560186;1.2370592771242477;2.8317829075815;0.8613476399074665;2.467555905563485;3984.0;0.2482100238663484;0.3484486873508353;0.2808310991957105;0.6181384248210023;0.4787644787644787
Financials-07;2021;France;Financials;-0.1075;6.057833;0.0031903246775462;0.0057147850401957;-0.4737616115700928;-0.2970859529280459;-0.3306709323293576;0.324935362670348;-0.1769;0.1509;200;1511;0.09456264775413711;0.09925290371509309;0.1536643026004728;0.0591016548463357;-0.05555555555555555;-0.014492753623188406;0.025;0.04;0.09732360097323602;-0.0072992700729927005;0.10199004975124377;0.035856573705179286;17;0.041666666666666664;0.3;59;0.18699186991869918;0.15217391304347827;61;0.05357142857142857;0.0;63;0.06428571428571428;-0.3333333333333333;43;0.19811320754716982;0.48148148148148145;23;0.06976744186046512;0.043478260869565216;70;0.0;-0.3898305084745763;64;0.11594202898550725;0.03225806451612903;0.085;0.22;0.215;0.295;0.25;0.115;0.305;0.2;0.35;0.315;0.52;0.12408759124087591;0.32835820895522394;0.43065693430656926;0.373134328358209;0.4452554744525547;0.2985074626865672;0.08;0.025;0.005;0.15;0.02;0.1;0.425;0.09;0.105;44;0.5454545454545454;0.12;404.0;0.0297029702970297;0.06188118811881188;0.09158415841584158;0.024487094639311716;0.089767106;-0.12337324310255075;-0.0787746170678337;1.0282605811330767;-0.03619909502262444;0.011876484560570071;0.8751458576429405;0.20968192939531632;0.22952557646435198;0.20249138616485554;0.39941690962099125;0.16856612774980123;0.3980917042141532;1.390427564503958;1.2266589599088034;2.419600854165663;1.0211454168874332;2.4115729813913913;3773.0;0.2648514851485148;0.2896039603960396;0.2673726009265387;0.5915841584158416;0.5481171548117155
Financials-07;2022;France;Financials;-0.1081;6.781648;0.0029275578790141;0.0060194085873844;-0.4773677460458401;0.0882880418253131;-0.4345362824547957;0.5462790804700617;-0.5658;-0.0753;200;1777;0.03940886699507389;0.04494050218553966;0.10837438423645321;0.06896551724137931;-0.1232876712328767;-0.07581227436823104;0.03;0.055;0.042821158690176324;-0.1;0.049738219895287955;-0.032;29;0.017543859649122806;-0.022222222222222223;53;0.12280701754385964;0.25301204819277107;55;0.042105263157894736;-0.19298245614035087;63;-0.02142857142857143;-0.4205607476635514;52;0.058823529411764705;0.323943661971831;31;0.1935483870967742;0.14893617021276595;47;-0.023529411764705882;-0.5714285714285714;70;0.0;-0.25;0.145;0.33;0.26;0.265;0.315;0.155;0.275;0.185;0.235;0.315;0.595;0.21167883211678828;0.39759036144578314;0.3868613138686131;0.37951807228915657;0.40145985401459855;0.2228915662650602;0.135;0.01;0.0;0.16;0.03;0.09;0.4;0.04;0.135;66;0.5757575757575758;0.19;604.0;0.0347682119205298;0.06622516556291391;0.10099337748344371;0.03432751828925155;0.10461603;-0.11255210745715609;-0.06032368808239333;1.1340868710543228;-0.08636363636363636;-0.028985507246376812;1.0291323622545914;0.19274314138362478;0.27283950617283953;0.19032921810699588;0.32983539094650205;0.20699588477366254;0.47983539094650207;1.8503014065639647;1.290745702165662;2.2368274168341147;1.403773163652601;3.2540745702165657;4860.0;0.0612582781456953;0.2615894039735099;0.3398987056837366;0.4817880794701987;0.5463917525773195
Financials-07;2023;France;Financials;-0.1081;7.387946;0.0051679410623216;0.00602936954223;-0.4773677460458401;0.4110935684736589;0.4510329182559471;0.553516849180738;-0.8884;-0.8371;200;1914;0.07751937984496124;0.07529187264060481;0.11369509043927649;0.03617571059431524;-0.15789473684210525;-0.14146341463414633;0.01;0.02;0.08072916666666667;-0.1497584541062802;0.08398950131233596;-0.116751269035533;38;0.10526315789473684;-0.2413793103448276;54;0.19607843137254902;-0.06329113924050633;48;0.0449438202247191;0.0;60;-0.016666666666666666;-0.3230769230769231;54;0.10833333333333334;0.15789473684210525;21;0.13953488372093023;-0.3939393939393939;57;-0.010309278350515464;-0.3333333333333333;68;0.09448818897637795;-0.10344827586206896;0.19;0.345;0.27;0.27;0.245;0.105;0.24;0.205;0.285;0.3;0.575;0.27142857142857146;0.4339622641509434;0.3857142857142858;0.30817610062893086;0.34285714285714286;0.2578616352201258;0.16;0.01;0.005;0.17;0.045;0.09;0.365;0.08;0.075;69;0.5507246376811594;0.19;692.0;0.05635838150289017;0.05057803468208093;0.1069364161849711;0.038662486938349006;0.10735827;-0.11632100991884581;-0.0648854961832061;1.082817811465443;-0.07171314741035857;-0.004273504273504274;1.1283685118810567;0.21100692572180868;0.28893058161350843;0.17039058502473137;0.29353573256012283;0.2471431008016374;0.5360736824151459;2.1346035106289145;1.2588364268702985;2.168626116760544;1.82587986239746;3.960483373026374;5863.0;0.0910404624277456;0.3005780346820809;0.361546499477534;0.4783236994219653;0.486404833836858
Financials-07;2024;France;Financials;-0.2742;8.08237;0.0033306371032973;0.0059471942770441;-1.4756659734152446;0.7808191902590684;-0.275208829396274;0.4938071554446907;-2.2564;-1.8719;200;2147;0.015873015873015872;0.016948577588197414;0.07142857142857142;0.05555555555555555;-0.2604166666666667;-0.20670391061452514;0.025;0.045;0.021917808219178082;-0.24444444444444444;0.033707865168539325;-0.16981132075471697;42;0.02564102564102564;0.23076923076923078;36;0.07228915662650602;-0.3953488372093023;43;0.0273972602739726;-0.2903225806451613;79;-0.027777777777777776;-0.4177215189873418;65;0.031746031746031744;0.030303030303030304;26;0.0784313725490196;-0.2727272727272727;50;-0.03529411764705882;-0.5769230769230769;59;0.008620689655172414;-0.3076923076923077;0.21;0.39;0.325;0.18;0.22;0.13;0.215;0.2;0.25;0.395;0.58;0.34710743801652894;0.48148148148148145;0.2975206611570248;0.2716049382716049;0.35537190082644626;0.24691358024691357;0.18;0.02;0.005;0.11;0.015;0.045;0.435;0.085;0.105;78;0.44871794871794873;0.175;855.0;0.05146198830409357;0.025730994152046785;0.07719298245614035;0.030740568234746156;0.08365765;-0.27856324035154756;-0.20404721753794267;1.9882813134018276;-0.2587601078167116;-0.12140575079872204;2.836948812639096;0.24915453564965176;0.3275013668671405;0.15527610716238383;0.297156916347731;0.22006560962274466;0.5475669764898852;2.646987339534678;1.2549990057226188;2.401732252148744;1.778651759870965;4.425639099405643;7316.0;-0.0561403508771929;0.2152046783625731;0.3982300884955752;0.2970760233918129;0.5748031496062992
Industrials-08;2018;France;Industrials;-0.0479;5.969785;0.0055028806159092;0.0047799243178649;-0.1155522536458513;-0.3439645192606635;0.5834264101224008;-0.3543474761492297;0.2286;-0.2403;200;940;0.11013215859030837;0.11671473801398592;0.14757709251101322;0.037444933920704845;0.02880658436213992;0.09649122807017543;0.04;0.06;0.11316397228637413;0.07017543859649122;0.12;0.1902439024390244;32;0.17721518987341772;0.3333333333333333;51;0.18333333333333332;0.5466666666666666;41;0.07954545454545454;-0.05263157894736842;76;0.041916167664670656;-0.4945054945054945;44;0.21929824561403508;0.43859649122807015;23;0.10344827586206896;-0.03225806451612903;63;0.0;-0.43661971830985913;70;0.1386861313868613;0.16666666666666666;0.16;0.23;0.22;0.255;0.17;0.115;0.205;0.1;0.315;0.38;0.41;0.25806451612903225;0.46;0.4112903225806452;0.34;0.33064516129032256;0.2;0.095;0.01;0.06;0.165;0.065;0.04;0.455;0.04;0.07;46;0.41304347826086957;0.095;276.0;0.010869565217391304;0.014492753623188406;0.025362318840579712;0.007446808510638298;0.025936186;-0.019672131147540985;0.03103448275862069;0.9870369151806279;-0.15337423312883436;-0.0738255033557047;1.927445446410133;0.19288322379340106;0.34423548650858543;0.1856091578086672;0.3887980376124285;0.08135731807031889;0.42559280457890436;2.0550118370634323;1.1080467625021355;2.3210406853293635;0.4856856954579845;2.540697532521417;2446.0;0.2826086956521739;0.2717391304347826;0.2936170212765957;0.5217391304347826;0.5833333333333334
Industrials-08;2019;France;Industrials;-0.0062;6.978166;0.0041647567284395;0.0049872637082718;0.1350740924185927;0.1929182673676696;0.0544984524820921;-0.2036917834342882;-0.058;-0.1871;200;913;0.1419491525423729;0.1431101297928115;0.1864406779661017;0.04449152542372881;0.07042253521126761;0.1259259259259259;0.04;0.065;0.1415929203539823;0.09363295880149813;0.15454545454545454;0.1794871794871795;39;0.2391304347826087;0.35384615384615387;60;0.21084337349397592;0.3617021276595745;44;0.056818181818181816;-0.375;57;0.03968253968253968;-0.26881720430107525;51;0.27941176470588236;0.37254901960784315;25;0.26229508196721313;0.1724137931034483;73;-0.00684931506849315;-0.4666666666666667;51;0.10852713178294573;0.15384615384615385;0.195;0.3;0.255;0.3;0.205;0.125;0.22;0.115;0.365;0.285;0.525;0.27272727272727276;0.48387096774193544;0.4195804195804196;0.33064516129032256;0.3076923076923077;0.18548387096774194;0.11;0.02;0.06;0.21;0.02;0.06;0.43;0.04;0.05;60;0.5;0.15;334.0;0.017964071856287425;0.029940119760479042;0.04790419161676647;0.017524644030668127;0.049286835;0.014018691588785047;0.06285714285714286;0.9946222963974443;-0.0875;0.0;1.8335406980551372;0.20473253787370962;0.38016818500350386;0.17974772249474422;0.35949544498948843;0.0805886475122635;0.4607568325157673;2.65287659844984;1.2543093963177585;2.508618792635517;0.5623609379202426;3.2152375363700827;2854.0;0.2844311377245509;0.3053892215568862;0.3658269441401972;0.5119760479041916;0.5614035087719298
Industrials-08;2020;France;Industrials;-0.0174;7.48124;0.0054552172306622;0.0056099722867369;0.0677595822046413;0.460765213115618;0.5645862285450378;0.2487769542429362;-0.393;-0.5509;200;1121;0.13646532438478748;0.13722363841080293;0.1789709172259508;0.042505592841163314;0.013605442176870748;0.08363636363636363;0.04;0.075;0.14549653579676675;0.08823529411764706;0.15827338129496402;0.2052401746724891;49;0.22033898305084745;0.40298507462686567;53;0.2246376811594203;0.1926605504587156;43;0.06172839506172839;-0.3333333333333333;55;-0.00909090909090909;-0.39473684210526316;69;0.21839080459770116;0.4897959183673469;25;0.14545454545454545;-0.25;61;0.035398230088495575;-0.3125;45;0.10476190476190476;-0.15217391304347827;0.245;0.325;0.345;0.265;0.17;0.125;0.215;0.125;0.305;0.275;0.535;0.33793103448275863;0.5241935483870968;0.36551724137931035;0.2741935483870968;0.296551724137931;0.20161290322580647;0.14;0.04;0.075;0.18;0.035;0.045;0.4;0.045;0.04;65;0.5538461538461539;0.18;391.0;0.02557544757033248;0.04859335038363171;0.0741687979539642;0.025869759143621766;0.077926494;-0.02737110120942075;0.022073578595317726;1.0589677850852748;0.02349869451697128;0.10112359550561797;1.5553891353188547;0.1947670178509318;0.3856626840789108;0.18838566268407891;0.34259516532370105;0.08335648791330925;0.46901917199222004;2.885234996985885;1.4093583054441143;2.5630365643253583;0.6236098696655372;3.5088448666514225;3599.0;0.2531969309462916;0.2557544757033248;0.3487957181088314;0.4731457800511509;0.6054054054054054
Industrials-08;2021;France;Industrials;0.0927;7.706774;0.0056225974870431;0.0048955259235863;0.7294852585042888;0.5808441539122363;0.6307475892276291;-0.270349737201812;0.1484;-0.3021;200;1235;0.18736842105263157;0.1907923005756579;0.22526315789473683;0.037894736842105266;0.2791519434628975;0.34572490706319703;0.025;0.05;0.18831168831168832;0.3231939163498099;0.2052980132450331;0.40585774058577406;59;0.26744186046511625;0.4563106796116505;38;0.1717171717171717;0.2631578947368421;53;0.08737864077669903;0.15151515151515152;50;0.16831683168316833;0.09859154929577464;71;0.3058252427184466;0.5813953488372093;24;0.18181818181818182;0.35294117647058826;67;0.06923076923076923;0.058823529411764705;38;0.0684931506849315;-0.15942028985507245;0.295;0.385;0.355;0.19;0.135;0.12;0.265;0.175;0.335;0.25;0.61;0.3933333333333333;0.5539568345323741;0.25333333333333335;0.19424460431654675;0.35333333333333333;0.2517985611510791;0.18;0.03;0.085;0.125;0.035;0.035;0.375;0.075;0.06;77;0.5974025974025974;0.23;495.0;0.046464646464646465;0.06868686868686869;0.11515151515151514;0.04615384615384615;0.1178811;0.12836767036450078;0.19063545150501673;1.1794138670478913;-0.08333333333333333;-0.014005602240896359;1.5537779823905162;0.17151119752854901;0.41767353707652216;0.18147358445865908;0.29400615967780147;0.10684671878701729;0.5245202558635395;3.2189154646704403;1.3985758626985576;2.2658389629359137;0.8234434909622055;4.042358955632646;4221.0;0.3151515151515151;0.3212121212121212;0.4008097165991903;0.5595959595959596;0.5270758122743683
Industrials-08;2022;France;Industrials;0.1035;8.038939;0.0073463553211316;0.0044436111371519;0.7943956790677418;0.7576956324906703;1.3121073042648592;-0.59871732362512;0.0366;-0.9188;200;1272;0.10887096774193548;0.11429655167364305;0.1532258064516129;0.04435483870967742;0.029787234042553193;0.07555555555555556;0.035;0.045;0.11974789915966387;0.08597285067873303;0.12050739957716702;0.1267605633802817;78;0.14601769911504425;0.1836734693877551;36;0.06862745098039216;0.0;41;0.03896103896103896;-0.25;45;0.12087912087912088;-0.11864406779661017;88;0.1328125;0.21666666666666667;17;0.11363636363636363;0.3333333333333333;56;0.009345794392523364;-0.3333333333333333;39;0.15730337078651685;-0.2571428571428571;0.39;0.51;0.44;0.18;0.185;0.085;0.205;0.12;0.28;0.225;0.67;0.5032258064516129;0.6257668711656441;0.23225806451612901;0.22699386503067484;0.264516129032258;0.14723926380368096;0.26;0.025;0.07;0.125;0.035;0.05;0.31;0.05;0.075;102;0.5294117647058824;0.27;608.0;0.06907894736842106;0.054276315789473686;0.12335526315789475;0.0589622641509434;0.126008;0.11470281543274244;0.1818684355997789;1.2280859885528865;0.04712041884816754;0.1267605633802817;1.5072010717874287;0.16793850192181495;0.47026101839965767;0.1681643132220796;0.259734702610184;0.10183996576807873;0.5721009841677364;3.7803997110522514;1.3518626810223249;2.0879914691617074;0.8186852877437997;4.599084998796051;4674.0;0.3404605263157895;0.3881578947368421;0.4779874213836478;0.5986842105263158;0.4532967032967033
Industrials-08;2023;France;Industrials;0.0438;8.346278;0.0063488583858891;0.0048999412708291;0.4355852987308758;0.9213292380024416;0.9178209294001946;-0.2671414843168664;-0.4859;-1.0784;200;1461;0.09832635983263599;0.09611923026240521;0.12552301255230125;0.027196652719665274;0.10526315789473684;0.18309859154929578;0.05;0.055;0.11777777777777777;0.16831683168316833;0.12026726057906459;0.20408163265306123;60;0.1130952380952381;0.2631578947368421;41;0.16071428571428573;0.22666666666666666;36;0.05;0.15789473684210525;63;0.050724637681159424;-0.27586206896551724;70;0.125;0.2631578947368421;14;0.09090909090909091;-0.1111111111111111;66;0.023809523809523808;0.02702702702702703;50;0.13513513513513514;-0.0847457627118644;0.3;0.425;0.35;0.205;0.17;0.07;0.18;0.11;0.33;0.315;0.57;0.437956204379562;0.6028368794326241;0.2992700729927007;0.2411347517730497;0.2627737226277372;0.15602836879432624;0.175;0.03;0.065;0.17;0.01;0.045;0.435;0.025;0.045;85;0.5647058823529412;0.24;652.0;0.06288343558282208;0.04447852760736196;0.10736196319018404;0.04791238877481177;0.108013526;0.04186046511627907;0.10043668122270742;1.1080034423407918;0.05263157894736842;0.12531969309462915;1.2782275244993608;0.18515466809252912;0.4664598681659558;0.1609150833656456;0.27995347033734;0.09267157813105854;0.5591314462970144;3.8932038834951457;1.343042071197411;2.336569579288026;0.7734627831715211;4.666666666666667;5158.0;0.3358895705521472;0.3450920245398773;0.4462696783025325;0.5644171779141104;0.4809782608695652
Industrials-08;2024;France;Industrials;0.0245;9.308054;0.0062968581991722;0.0046933308912749;0.3195879730943346;1.4333985639737283;0.8972665152576207;-0.4172674675790837;-1.114;-1.7713;200;1641;0.12134831460674157;0.11489147229141064;0.15280898876404495;0.03146067415730337;0.1532258064516129;0.211864406779661;0.045;0.06;0.12351543942992874;0.1965065502183406;0.125;0.2534562211981567;79;0.15625;0.2743362831858407;37;0.19101123595505617;0.6153846153846154;34;0.0;-0.12;50;0.06306306306306306;-0.3793103448275862;101;0.14583333333333334;0.19148936170212766;19;0.13636363636363635;0.5238095238095238;49;-0.010869565217391304;-0.44;31;0.2028985507246377;0.6111111111111112;0.395;0.53;0.505;0.185;0.135;0.095;0.17;0.135;0.245;0.25;0.67;0.5266666666666666;0.6625;0.24666666666666662;0.16875;0.22666666666666666;0.16875;0.25;0.03;0.105;0.11;0.03;0.035;0.345;0.045;0.05;106;0.4716981132075472;0.25;833.0;0.06482593037214886;0.03601440576230492;0.10084033613445378;0.051188299817184646;0.10381234;0.034482758620689655;0.09639830508474577;1.1208871871683215;-0.006097560975609756;0.14185639229422067;2.812334568554791;0.23065241115104895;0.4741302408563782;0.16086827237585488;0.21617603330359797;0.1488254534641689;0.6229556943205471;4.413230002767783;1.4973706061444785;2.0121782452255745;1.3852753944090783;5.798505397176861;6726.0;0.234093637454982;0.3433373349339736;0.5076173065204144;0.4849939975990396;0.4752475247524752
Consumer Staples-01;2018;France;Consumer Staples;-0.0194;5.930899;0.00475555297802;0.004837176135013;0.05573913395215;-0.3646682255391726;0.2880258983324717;-0.3127475073506853;0.4202;0.1198;200;1072;0.07925407925407925;0.08029959974311171;0.12121212121212122;0.04195804195804196;-0.1452991452991453;-0.06976744186046512;0.035;0.065;0.08173076923076923;-0.10047846889952153;0.09852216748768473;0.06285714285714286;32;0.07246376811594203;-0.0967741935483871;58;0.14285714285714285;0.30303030303030304;45;0.07228915662650602;-0.36;65;0.033112582781456956;-0.3793103448275862;45;0.16346153846153846;0.2608695652173913;28;0.08620689655172414;0.10344827586206896;59;0.00847457627118644;-0.5142857142857142;68;0.0738255033557047;-0.14606741573033707;0.16;0.25;0.225;0.29;0.22;0.14;0.225;0.14;0.295;0.325;0.48;0.23703703703703707;0.4098360655737705;0.42962962962962964;0.36065573770491804;0.33333333333333337;0.2295081967213115;0.085;0.05;0.035;0.105;0.05;0.125;0.4;0.065;0.085;50;0.6;0.15;326.0;0.05521472392638037;0.015337423312883436;0.0705521472392638;0.021455223880597014;0.071523175;-0.007692307692307693;0.053061224489795916;1.0606853441570379;-0.08196721311475409;-0.02608695652173913;1.0423646787283152;0.15962681245543142;0.3651766402307138;0.23972602739726026;0.33525594808940157;0.059841384282624366;0.42501802451333814;2.16582570768836;1.4217908150175318;1.9883691097237663;0.3549131959291884;2.520738903617548;2774.0;0.1595092024539877;0.3680981595092024;0.3041044776119403;0.5521472392638037;0.5222222222222223
Consumer Staples-01;2021;France;Consumer Staples;0.0677;6.591986;0.0057710619715871;0.0039110969932201;0.5792296553481472;-0.0126919082902706;0.6894320035238661;-0.9856495272797589;0.5917;-0.2459;200;1249;0.06801007556675064;0.0713843098215252;0.0982367758186398;0.030226700251889168;0.03968253968253968;0.09166666666666666;0.02;0.04;0.07216494845360824;0.06938775510204082;0.08533333333333333;0.17972350230414746;39;0.12048192771084337;0.5333333333333333;43;0.14942528735632185;0.2923076923076923;54;0.03125;0.030303030303030304;64;0.007633587786259542;-0.2967032967032967;48;0.10679611650485436;0.4857142857142857;25;0.05660377358490566;0.14285714285714285;69;0.023255813953488372;-0.30337078651685395;58;0.08928571428571429;0.16455696202531644;0.195;0.265;0.24;0.215;0.165;0.125;0.27;0.18;0.345;0.32;0.51;0.2867647058823529;0.43442622950819665;0.3161764705882353;0.2704918032786885;0.39705882352941174;0.2950819672131147;0.085;0.055;0.035;0.14;0.045;0.045;0.46;0.04;0.095;53;0.5849056603773585;0.155;412.0;0.05825242718446602;0.03155339805825243;0.08980582524271845;0.029623698959167333;0.1004326;0.09067357512953368;0.14948805460750852;0.8900205042698452;-0.1044776119402985;-0.021739130434782608;1.4193871587208817;0.11889139260862228;0.3812636165577342;0.20152505446623092;0.33169934640522875;0.0855119825708061;0.46677559912854033;2.513284503805831;1.328450380583082;2.186557518311073;0.5636938101393077;3.0769783139451388;3672.0;0.1529126213592233;0.4077669902912621;0.3298638911128903;0.5485436893203883;0.4292035398230088
Consumer Staples-01;2022;France;Consumer Staples;0.1305;7.292391;0.0065246375989333;0.0038064857036616;0.9566717304763748;0.360218120923308;0.9873021941931636;-1.0616615492274428;0.5966;-0.4279;200;1242;0.07954545454545454;0.08769161050969904;0.10454545454545454;0.025;0.1781818181818182;0.23193916349809887;0.04;0.05;0.085995085995086;0.20634920634920634;0.08436724565756824;0.23770491803278687;46;0.11926605504587157;0.40625;53;0.1893939393939394;0.4157303370786517;40;-0.0375;-0.21568627450980393;61;0.0;-0.04225352112676056;60;0.17692307692307693;0.5268817204301075;25;0.07246376811594203;-0.1111111111111111;56;-0.015873015873015872;-0.19444444444444445;59;0.0782608695652174;0.35714285714285715;0.23;0.34;0.3;0.265;0.19;0.125;0.2;0.13;0.28;0.305;0.56;0.33093525179856115;0.5151515151515151;0.38129496402877694;0.28787878787878785;0.28776978417266186;0.19696969696969696;0.09;0.055;0.07;0.155;0.055;0.08;0.395;0.015;0.085;68;0.6470588235294118;0.22;465.0;0.09032258064516129;0.02795698924731183;0.11827956989247311;0.044283413848631235;0.12609597;0.140625;0.21510883482714468;1.1387487161166436;0.051643192488262914;0.10344827586206896;0.7922674694977024;0.12351018650801417;0.4012875536480687;0.2010014306151645;0.2882689556509299;0.10944206008583691;0.5107296137339056;2.926345806092641;1.4657810543886494;2.102169981916817;0.7980943107525386;3.7244401168451797;4194.0;0.1182795698924731;0.3956989247311828;0.3743961352657005;0.5526881720430108;0.4552529182879377
Consumer Staples-01;2020;France;Consumer Staples;0.0314;6.517527;0.0058517764321311;0.0040538152255556;0.3610585195654296;-0.0523354114994337;0.7213364745279129;-0.8819484692542726;0.4136;-0.388;200;1127;0.07158836689038031;0.06959007997107453;0.11409395973154363;0.042505592841163314;0.05714285714285714;0.12547528517110265;0.045;0.065;0.06807511737089202;0.08461538461538462;0.08232445520581114;0.20346320346320346;34;0.08955223880597014;0.2972972972972973;63;0.15333333333333332;0.25925925925925924;48;0.04716981132075472;0.023255813953488372;55;-0.016129032258064516;-0.2608695652173913;40;0.09090909090909091;0.2830188679245283;38;0.07920792079207921;-0.07692307692307693;64;0.0472972972972973;-0.10843373493975904;58;0.08264462809917356;0.189873417721519;0.17;0.295;0.2;0.315;0.21;0.19;0.24;0.21;0.32;0.275;0.595;0.23448275862068968;0.4125874125874126;0.4344827586206897;0.2937062937062937;0.3310344827586207;0.2937062937062937;0.065;0.04;0.06;0.165;0.03;0.08;0.46;0.02;0.08;59;0.6101694915254238;0.18;387.0;0.06718346253229975;0.020671834625323;0.08785529715762275;0.030168589174800354;0.095895335;0.043478260869565216;0.10607168983174835;1.0445061523959953;-0.05365853658536585;0.010416666666666666;1.0809911857641776;0.13283700790880573;0.3867606497088569;0.22310756972111553;0.31596690162427216;0.07416487894575544;0.46092552865461234;2.520723060021972;1.4541096574453212;2.059322880255668;0.4833716168980325;3.0040946769200048;3263.0;0.2015503875968992;0.4134366925064599;0.3433895297249335;0.5943152454780362;0.4652173913043478
Consumer Staples-01;2024;France;Consumer Staples;0.0701;9.596419;0.005407811943488;0.0040525492725491;0.5936541932511368;1.5869300215934958;0.545848066883642;-0.8828683283642927;-0.9932;-1.7076;200;2067;0.09817351598173515;0.10183964036915401;0.136986301369863;0.03881278538812785;0.12280701754385964;0.2260536398467433;0.06;0.07;0.1073170731707317;0.22580645161290322;0.12128712871287128;0.296137339055794;53;0.19327731092436976;0.5454545454545454;72;0.11173184357541899;0.18796992481203006;32;0.016129032258064516;-0.2631578947368421;43;-0.01282051282051282;-0.3333333333333333;81;0.12234042553191489;0.308411214953271;37;0.08888888888888889;-0.012658227848101266;39;0.01282051282051282;-0.25;43;0.13414634146341464;0.29411764705882354;0.265;0.47;0.405;0.36;0.2;0.185;0.16;0.12;0.195;0.215;0.675;0.3375796178343949;0.5949367088607596;0.45859872611464964;0.25316455696202533;0.2038216560509554;0.1518987341772152;0.155;0.1;0.065;0.125;0.045;0.08;0.31;0.03;0.09;94;0.6808510638297872;0.32;1099.0;0.08280254777070063;0.025477707006369428;0.10828025477707007;0.05757135945815191;0.11278334;0.10354609929078014;0.2127825409197194;2.034099190364456;-0.02261553588987217;0.16257309941520467;4.104383075753737;0.24017135103230478;0.506671077296284;0.2054250744293748;0.1606571838129893;0.12724666446135185;0.6339177417576359;4.862228053838991;1.97134512824854;1.5417336832303394;1.2211123338694658;6.083340387708457;9069.0;0.1164695177434031;0.2893539581437671;0.5316884373488147;0.5532302092811647;0.5625
Consumer Staples-01;2023;France;Consumer Staples;0.0717;8.97494;0.0065174816194176;0.0030648998744299;0.6032705518531298;1.2560418182745228;0.9844736088389736;-1.600508155225546;-0.6529;-1.9454;200;1540;0.1076555023923445;0.11606930089339115;0.1291866028708134;0.0215311004784689;0.2871287128712871;0.3829787234042553;0.025;0.045;0.10972568578553615;0.34408602150537637;0.11479591836734694;0.43352601156069365;63;0.14285714285714285;0.3333333333333333;62;0.16;0.4230769230769231;38;0.0136986301369863;0.04;37;0.028985507246376812;-0.18181818181818182;79;0.14634146341463414;0.43661971830985913;33;0.125;0.16;43;-0.011627906976744186;-0.07142857142857142;45;0.1375;0.39622641509433965;0.315;0.46;0.395;0.31;0.245;0.165;0.19;0.14;0.215;0.185;0.67;0.3865030674846626;0.5443786982248521;0.3803680981595092;0.28994082840236685;0.23312883435582823;0.16568047337278105;0.165;0.065;0.08;0.125;0.04;0.1;0.32;0.04;0.065;92;0.5978260869565217;0.275;721.0;0.10402219140083217;0.030513176144244106;0.13453536754507628;0.06298701298701298;0.13525683;0.10378912685337727;0.18584070796460178;1.4149036517989488;-0.00819672131147541;0.06921944035346098;1.6564570571321415;0.2643248959090609;0.49723217193096714;0.19488765874308042;0.20970367958319766;0.09817648974275481;0.5954086616737219;4.462628771827282;1.749104990136626;1.882077884123621;0.8811280777379995;5.343756849565281;6142.0;0.1830790568654646;0.3938973647711511;0.4681818181818182;0.5977808599167822;0.482598607888631
Consumer Staples-01;2019;France;Consumer Staples;0.1168;6.464313;0.0053684549586628;0.0041120850980005;0.8743316599468092;-0.0806676397025042;0.5302912041765412;-0.8396087672787729;0.9548;0.2699;200;1025;0.08235294117647059;0.08361069922353707;0.1;0.01764705882352941;0.19469026548672566;0.2796208530805687;0.045;0.06;0.08811475409836066;0.25961538461538464;0.0912863070539419;0.33678756476683935;34;0.14285714285714285;0.36;67;0.13471502590673576;0.21367521367521367;42;0.008130081300813009;-0.3076923076923077;57;0.04580152671755725;0.3103448275862069;42;0.0989010989010989;0.45454545454545453;36;0.1320754716981132;0.23529411764705882;56;0.012578616352201259;-0.2682926829268293;66;0.11038961038961038;0.2602739726027397;0.17;0.285;0.21;0.335;0.2;0.18;0.21;0.145;0.28;0.285;0.505;0.2377622377622378;0.45238095238095233;0.4685314685314686;0.3174603174603175;0.2937062937062937;0.23015873015873015;0.08;0.07;0.03;0.195;0.035;0.07;0.405;0.03;0.085;57;0.45614035087719296;0.13;344.0;0.07848837209302326;0.02616279069767442;0.10465116279069768;0.0351219512195122;0.10259351;0.12721145745577084;0.1830238726790451;0.8073584960064589;0.061946902654867256;0.12149532710280374;1.0116337885685383;0.14604057913917068;0.3838040149710786;0.2184416468186458;0.3276624702279687;0.0700918679823069;0.4538958829533855;2.4810293632464533;1.4120752226987794;2.1181128340481687;0.4530957879687672;2.9341251512152207;2939.0;0.1627906976744186;0.3837209302325581;0.335609756097561;0.5465116279069767;0.4787234042553192
Health Care-02;2018;France;Health Care;-0.0941;6.238166;0.0041267599417398;0.0050814273265354;-0.3932246082784009;-0.2010729543084297;0.0394792431441948;-0.1352711851572182;-0.192;-0.2794;200;1124;0.09048723897911833;0.09105336306543195;0.13225058004640372;0.04176334106728538;-0.07301587301587302;-0.010169491525423728;0.045;0.08;0.10218978102189781;-0.04794520547945205;0.1218274111675127;0.0954356846473029;43;0.13;0.3333333333333333;63;0.11409395973154363;0.21100917431192662;27;0.08333333333333333;-0.375;67;0.03731343283582089;-0.3805309734513274;47;0.13333333333333333;0.3488372093023256;37;0.125;0.037037037037037035;55;0.008695652173913044;-0.4639175257731959;61;0.10569105691056911;0.0425531914893617;0.215;0.35;0.235;0.315;0.265;0.185;0.135;0.14;0.275;0.335;0.585;0.3233082706766917;0.46357615894039733;0.47368421052631576;0.3509933774834437;0.20300751879699247;0.18543046357615894;0.14;0.035;0.025;0.255;0.025;0.065;0.325;0.065;0.065;70;0.5714285714285714;0.2;321.0;0.028037383177570093;0.006230529595015576;0.03426791277258567;0.0097864768683274;0.0367612;-0.08352941176470588;-0.026858213616489695;1.3217094108380172;-0.15210355987055016;-0.06761565836298933;2.0805468866101946;0.15230701327508742;0.3216015498869874;0.24572166612851146;0.3138521149499516;0.11882466903454957;0.440426218921537;2.006203923780365;1.5328525963823871;1.9578616605567416;0.7412480360955566;2.7474519598759213;3097.0;0.0124610591900311;0.2834890965732087;0.2855871886120996;0.367601246105919;0.5932203389830508
Health Care-02;2019;France;Health Care;-0.0801;5.298983;0.0031571300849351;0.0058857224688529;-0.3090814705109616;-0.7011133023454889;-0.3437919506736951;0.4491408823003551;0.3921;0.7886;200;555;0.07711757269279393;0.07580870231695935;0.1276864728192162;0.05056890012642225;-0.05858585858585859;-0.004273504273504274;0.03;0.075;0.07470511140235911;-0.0367170626349892;0.10689170182841069;0.10649350649350649;19;0.0958904109589041;0.022222222222222223;41;0.19704433497536947;0.3142857142857143;45;0.09090909090909091;-0.20408163265306123;95;-0.002857142857142857;-0.25471698113207547;33;0.08609271523178808;0.07692307692307693;18;0.2716049382716049;0.3235294117647059;106;0.017721518987341773;-0.30158730158730157;43;0.11585365853658537;0.1958762886597938;0.095;0.2;0.165;0.205;0.15;0.09;0.225;0.195;0.53;0.475;0.44;0.18095238095238095;0.36697247706422026;0.3904761904761904;0.27522935779816515;0.42857142857142855;0.35779816513761475;0.055;0.02;0.03;0.15;0.02;0.035;0.6;0.055;0.035;40;0.5;0.1;114.0;0.043859649122807015;0.0;0.043859649122807015;0.009009009009009009;0.04547168;-0.06686701728024042;-0.0166270783847981;1.0234644270856852;-0.3;-0.2911392405063291;0.29507229271171437;0.048532149505943006;0.20455647115850703;0.17886572952011634;0.5055744062045565;0.11100339311682017;0.3155598642753272;1.0839412308640706;0.947806431727114;2.679030103770677;0.5882050755162848;1.6721463063803554;2063.0;-0.0263157894736842;0.3157894736842105;0.2054054054054054;0.5;0.5789473684210527
Health Care-02;2020;France;Health Care;-0.099;4.954083;0.0033740377847542;0.0060554722467061;-0.4226747064970046;-0.8847451568807411;-0.2580535913662431;0.5724834382926814;0.462;0.8773;200;700;0.08082026537997587;0.08734573529914147;0.11942098914354644;0.038600723763570564;-0.18067226890756302;-0.1540130151843818;0.025;0.045;0.07692307692307693;-0.1824175824175824;0.08280254777070063;-0.13043478260869565;12;0.17857142857142858;0.45;46;0.248868778280543;0.22972972972972974;55;0.009174311926605505;-0.415929203539823;87;0.0;-0.52;23;0.19444444444444445;0.4;26;0.24031007751937986;0.01818181818181818;90;0.0026246719160104987;-0.5353535353535354;61;0.06635071090047394;-0.10204081632653061;0.06;0.185;0.115;0.23;0.18;0.13;0.275;0.225;0.45;0.435;0.445;0.10619469026548671;0.3135593220338983;0.4070796460176991;0.3050847457627119;0.48672566371681414;0.38135593220338987;0.035;0.0;0.01;0.19;0.005;0.05;0.615;0.06;0.035;37;0.6756756756756757;0.125;128.0;0.0390625;0.0;0.0390625;0.007142857142857143;0.04499541;-0.09548916227299356;-0.054500918554807105;0.8945516966260895;-0.14285714285714285;-0.12727272727272726;0.4314063848144953;0.053068373035405625;0.22527015793848712;0.19950124688279303;0.46425602660016624;0.11097256857855362;0.33624272651704074;1.1160070831445867;0.988345756290409;2.299962937034139;0.54976732693654;1.6657744100811267;2406.0;0.0390625;0.3203125;0.1828571428571428;0.5;0.546875
Health Care-02;2021;France;Health Care;0.016;5.930811;0.0023681562737735;0.006069574377367;0.2685010680212465;-0.3647150785493178;-0.655654185909988;0.5827302431053273;0.633;1.2522;200;716;0.12430167597765363;0.1288202168555233;0.16620111731843576;0.04189944134078212;0.03529411764705882;0.08374384236453201;0.03;0.065;0.12336719883889695;0.03209876543209877;0.1465648854961832;0.15692307692307692;26;0.10476190476190476;0.29577464788732394;45;0.3096446700507614;0.20930232558139536;42;0.08888888888888889;0.0;87;0.017921146953405017;-0.28378378378378377;37;0.12804878048780488;0.2283464566929134;28;0.19801980198019803;-0.011235955056179775;74;0.02145922746781116;-0.30275229357798167;61;0.19724770642201836;0.2;0.13;0.24;0.185;0.225;0.205;0.14;0.21;0.175;0.37;0.435;0.49;0.23008849557522126;0.38709677419354843;0.3982300884955753;0.3306451612903226;0.37168141592920356;0.28225806451612906;0.06;0.0;0.045;0.16;0.03;0.055;0.525;0.035;0.09;48;0.6458333333333334;0.155;197.0;0.005076142131979695;0.09644670050761421;0.10152284263959391;0.027932960893854747;0.10441228;0.029239766081871343;0.07462686567164178;0.8932129557103791;-0.1111111111111111;-0.087248322147651;0.5738057667479558;0.08741942765418474;0.3070011231748409;0.19131411456383376;0.36540621490078623;0.13627854736053913;0.44327967053538003;1.820765609734435;1.134647837285727;2.1671551647570837;0.8082422950528465;2.629007904787281;2671.0;0.1624365482233502;0.3350253807106599;0.2751396648044693;0.5786802030456852;0.4824561403508772
Health Care-02;2022;France;Health Care;-0.0125;6.636723;0.0024404980511556;0.0060998487140695;0.0972096804232451;0.0111269907423286;-0.6270592337377099;0.6047279983724846;0.0862;0.7021;200;739;0.12628865979381443;0.12784035672846528;0.18170103092783504;0.055412371134020616;-0.0684931506849315;-0.012448132780082987;0.05;0.085;0.1307901907356948;-0.02553191489361702;0.14777618364418937;0.05134474327628362;40;0.10119047619047619;0.1568627450980392;48;0.29707112970711297;0.20855614973262032;37;0.13178294573643412;-0.14754098360655737;75;-0.029166666666666667;-0.5031055900621118;65;0.11870503597122302;0.07853403141361257;27;0.18181818181818182;-0.11711711711711711;63;0.06808510638297872;-0.3584905660377358;45;0.19014084507042253;0.009708737864077669;0.2;0.36;0.325;0.24;0.185;0.135;0.185;0.15;0.315;0.375;0.55;0.32;0.5179856115107914;0.384;0.26618705035971224;0.296;0.21582733812949642;0.15;0.015;0.035;0.14;0.035;0.06;0.47;0.045;0.05;72;0.5277777777777778;0.19;245.0;0.02040816326530612;0.07346938775510205;0.09387755102040816;0.03112313937753721;0.094565086;0.0005763688760806917;0.05660377358490566;1.2350153705717317;-0.13368983957219252;-0.09497206703910614;0.9837678307919331;0.09842057488653555;0.3490170802449243;0.17692555591363196;0.323880116016758;0.15017724782468578;0.49919432806961006;2.3163298042990057;1.1742059672762273;2.149502726981072;0.9966848465404768;3.3130146508394827;3103.0;0.1469387755102041;0.3346938775510204;0.3315290933694181;0.5183673469387755;0.4803149606299212
Health Care-02;2023;France;Health Care;0.0582;6.660681;0.0030582295108885;0.0055096995852013;0.5221325261488134;0.0238827227543774;-0.3828849517999701;0.1759174108604972;0.4982;0.7776;200;829;0.1337748344370861;0.13074523723678083;0.19072847682119207;0.05695364238410596;-0.036893203883495145;0.03765690376569038;0.04;0.09;0.13535911602209943;-0.03505154639175258;0.167427701674277;0.21142857142857144;38;0.21678321678321677;0.46875;50;0.28936170212765955;0.19457013574660634;41;0.036231884057971016;-0.5061728395061729;71;-0.012552301255230125;-0.3422818791946309;57;0.15765765765765766;0.11450381679389313;23;0.23809523809523808;-0.10679611650485436;73;0.0038022813688212928;-0.3522727272727273;47;0.24242424242424243;0.37142857142857144;0.19;0.29;0.285;0.25;0.19;0.115;0.205;0.155;0.365;0.355;0.535;0.2945736434108527;0.45669291338582674;0.38759689922480617;0.2992125984251969;0.31782945736434104;0.24409448818897636;0.135;0.005;0.03;0.13;0.06;0.085;0.42;0.09;0.045;58;0.5517241379310345;0.16;287.0;0.05226480836236934;0.07665505226480836;0.1289198606271777;0.04463208685162847;0.12857015;0.06888128969223253;0.11975435005117707;1.0682288077188147;-0.07058823529411765;-0.024691358024691357;0.9514747859181732;0.08807139565089873;0.37303988995873455;0.17716643741403026;0.29463548830811553;0.15515818431911968;0.5281980742778541;2.4846996738373583;1.180049107633672;1.9624729724777368;1.0334591563748303;3.5181588302121884;3635.0;0.1289198606271777;0.3623693379790941;0.3462002412545235;0.5818815331010453;0.5149700598802395
Health Care-02;2024;France;Health Care;-0.0815;8.115828;0.0024904080377919;0.0046973400316871;-0.3174957842877056;0.7986329176845272;-0.6073310250534681;-0.4143543702423948;-1.1161;-1.0196;200;1661;0.20675105485232068;0.20759004681422238;0.24261603375527427;0.035864978902953586;0.13924050632911392;0.2;0.04;0.05;0.2108695652173913;0.20408163265306123;0.22149122807017543;0.2616487455197133;45;0.23333333333333334;0.24675324675324675;75;0.30256410256410254;0.32894736842105265;38;0.031746031746031744;-0.07692307692307693;42;0.09375;-0.3770491803278688;76;0.22429906542056074;0.38461538461538464;32;0.3076923076923077;0.0847457627118644;46;0.04878048780487805;-0.631578947368421;46;0.22;0.10526315789473684;0.225;0.405;0.38;0.375;0.295;0.16;0.19;0.155;0.23;0.21;0.665;0.2848101265822785;0.4736842105263158;0.47468354430379744;0.34502923976608185;0.24050632911392406;0.18128654970760233;0.15;0.03;0.055;0.265;0.05;0.065;0.295;0.07;0.02;81;0.5061728395061729;0.205;592.0;0.06925675675675676;0.028716216216216218;0.09797297297297297;0.034918723660445516;0.09804615;-0.03968253968253968;0.03781676413255361;2.010977801525234;-0.266347687400319;-0.127134724857685;4.411505205576143;0.1804733963360748;0.3323278029160382;0.23227752639517346;0.2584213172448467;0.1769733534439417;0.5093011563599799;2.697115188444432;1.885124382846184;2.097302884811556;1.4362852440732832;4.133400432517716;5967.0;0.1097972972972973;0.3057432432432432;0.3564118001204094;0.4560810810810811;0.5222222222222223
Consumer Discretionary-03;2018;France;Consumer Discretionary;0.0547;5.296228;0.0022650184244036;0.003718884564902;0.5010967417069536;-0.7025801210153774;-0.6964220793266693;-1.1253137583737636;1.2035;0.9891;200;1161;0.11158798283261803;0.11341663082270152;0.14163090128755365;0.030042918454935622;0.19230769230769232;0.2653061224489796;0.03;0.045;0.1145374449339207;0.2708333333333333;0.11312217194570136;0.36416184971098264;34;0.19101123595505617;0.2777777777777778;64;0.17159763313609466;0.391304347826087;70;0.03289473684210526;0.07407407407407407;32;0.017857142857142856;-0.38461538461538464;47;0.1623931623931624;0.45454545454545453;38;0.11224489795918367;0.06666666666666667;62;0.0234375;0.043478260869565216;53;0.15447154471544716;0.19148936170212766;0.17;0.26;0.235;0.32;0.255;0.19;0.35;0.215;0.31;0.16;0.595;0.2023809523809524;0.35616438356164387;0.380952380952381;0.3493150684931507;0.41666666666666663;0.2945205479452055;0.05;0.065;0.07;0.23;0.03;0.055;0.385;0.09;0.025;52;0.6153846153846154;0.16;355.0;0.005633802816901409;0.0;0.005633802816901409;0.0017226528854435831;0.009078097;0.11029411764705882;0.1833855799373041;1.2201321809862735;-0.16374269005847952;-0.01718213058419244;2.83191737464601;0.2073479632486702;0.28386844166014097;0.22866092404072044;0.3519968676585748;0.13547376664056382;0.4193422083007048;1.5034319722953775;1.2110403749248284;1.8642556456462684;0.7174999481575182;2.2209319204528954;2554.0;0.2901408450704225;0.3746478873239436;0.305770887166236;0.5098591549295775;0.4475138121546961
Consumer Discretionary-03;2019;France;Consumer Discretionary;0.0321;5.332447;0.0035706069111489;0.0040169393574791;0.3652656764538016;-0.6832963803966117;-0.1803545774463317;-0.9087429892854884;1.0486;0.6844;200;1404;0.07246376811594203;0.07632101939578481;0.10766045548654245;0.035196687370600416;-0.11016949152542373;-0.045454545454545456;0.05;0.065;0.08114035087719298;-0.03773584905660377;0.08425720620842572;0.005076142131979695;50;0.04487179487179487;0.03571428571428571;67;0.1340782122905028;-0.06930693069306931;54;0.010869565217391304;-0.16981132075471697;29;0.05357142857142857;-0.46153846153846156;56;0.01818181818181818;0.06451612903225806;29;0.12941176470588237;-0.12727272727272726;33;0.034482758620689655;-0.17647058823529413;82;0.10857142857142857;-0.2;0.25;0.345;0.28;0.335;0.245;0.145;0.27;0.14;0.165;0.145;0.59;0.29239766081871343;0.4726027397260274;0.39181286549707606;0.3356164383561644;0.31578947368421056;0.19178082191780824;0.095;0.05;0.09;0.25;0.02;0.07;0.3;0.095;0.03;69;0.6086956521739131;0.21;475.0;0.016842105263157894;0.010526315789473684;0.027368421052631577;0.009259259259259259;0.028810434;0.08314087759815242;0.1516267648864334;1.2043684665933911;-0.21008403361344538;-0.09032258064516129;2.346363137137437;0.1897719629001544;0.3421810041573393;0.24784138151582988;0.26798848736808445;0.1419891269587464;0.4841701311160857;1.8246619259562424;1.3216009276785865;1.429034293412459;0.7571494346958613;2.581811360652104;3127.0;0.2842105263157894;0.3831578947368421;0.3383190883190883;0.5094736842105263;0.4504132231404958
Consumer Discretionary-03;2020;France;Consumer Discretionary;0.0608;5.695813;0.0038877620013522;0.0042833483890394;0.5377591088770521;-0.4898328476188313;-0.0549908531400023;-0.7151664714976315;1.0274;0.6973;200;1739;0.11085972850678733;0.10835701955389652;0.14027149321266968;0.029411764705882353;-0.003952569169960474;0.05439330543933055;0.05;0.06;0.11694510739856802;0.03896103896103896;0.12224938875305623;0.08256880733944955;54;0.0851063829787234;0.0684931506849315;83;0.19337016574585636;0.018867924528301886;44;0.07058823529411765;0.125;19;-0.11428571428571428;-0.5384615384615384;53;0.13953488372093023;0.2982456140350877;37;0.034482758620689655;-0.28888888888888886;34;0.014705882352941176;-0.375;76;0.17088607594936708;0.1262135922330097;0.27;0.34;0.265;0.415;0.31;0.185;0.22;0.125;0.17;0.095;0.625;0.2983425414364641;0.43870967741935485;0.45856353591160215;0.39999999999999997;0.2430939226519337;0.16129032258064516;0.09;0.09;0.03;0.3;0.05;0.085;0.275;0.055;0.025;68;0.5441176470588235;0.185;634.0;0.04258675078864353;0.011041009463722398;0.05362776025236593;0.019551466359977;0.055024486;0.09586551567469333;0.17830972154372252;1.4185442419999632;-0.1053763440860215;-0.03255813953488372;1.4416344015157756;0.1827612165010539;0.3882889368850492;0.2550995920326374;0.21358291336693064;0.14302855771538278;0.531317494600432;2.2116212632758785;1.4529996309408275;1.216528383384136;0.8146639511201629;3.0262852143960415;4167.0;0.2555205047318612;0.3548895899053628;0.3645773433007475;0.5536277602523659;0.4814814814814814
Consumer Discretionary-03;2021;France;Consumer Discretionary;0.068;6.014471;0.0047780211029265;0.0034333986529879;0.581032722586021;-0.3201727736771252;0.29690700383404;-1.3327518034811532;0.9013;0.0864;200;1595;0.1463963963963964;0.14462818111385312;0.16441441441441443;0.018018018018018018;0.13924050632911392;0.23853211009174313;0.035;0.06;0.1570048309178744;0.23671497584541062;0.16666666666666666;0.3695652173913043;54;0.23893805309734514;0.47368421052631576;65;0.20245398773006135;0.216;54;0.035398230088495575;-0.45454545454545453;27;0.01818181818181818;-0.09090909090909091;70;0.24074074074074073;0.45652173913043476;26;0.15873015873015872;0.07692307692307693;37;0.022222222222222223;-0.4782608695652174;67;0.10852713178294573;0.19148936170212766;0.27;0.405;0.35;0.325;0.31;0.13;0.27;0.115;0.185;0.135;0.655;0.31213872832369943;0.4879518072289157;0.3757225433526012;0.37349397590361444;0.31213872832369943;0.13855421686746988;0.155;0.11;0.035;0.2;0.025;0.06;0.34;0.06;0.015;81;0.6049382716049383;0.245;585.0;0.0547008547008547;0.022222222222222223;0.07692307692307693;0.02821316614420063;0.07797788;0.09261186264308012;0.17581187010078386;1.4272670983449998;-0.03253796095444685;0.027649769585253458;1.0318339893759314;0.21544782386747247;0.40019641541861034;0.2150748833783452;0.22636876994844096;0.1583599312546035;0.5585563466732139;2.4069698759598346;1.2935617247489664;1.361488481984643;0.9524512699350266;3.3594211458948613;4073.0;0.2324786324786324;0.3247863247863248;0.3667711598746082;0.505982905982906;0.543918918918919
Consumer Discretionary-03;2022;France;Consumer Discretionary;0.1475;6.471014;0.0044556630152078;0.0037526139390987;1.058845540622551;-0.0770998894640559;0.1694866606487015;-1.1008055246778676;1.1361;0.501;200;1749;0.14345114345114346;0.1466710334508186;0.16632016632016633;0.02286902286902287;0.2908366533864542;0.37872340425531914;0.055;0.065;0.13852813852813853;0.3963963963963964;0.13973799126637554;0.47368421052631576;46;0.18110236220472442;0.4603174603174603;86;0.19069767441860466;0.5118110236220472;47;0.04;-0.4666666666666667;21;0.02564102564102564;0.0;76;0.15865384615384615;0.44761904761904764;30;0.07462686567164178;0.034482758620689655;32;0.05555555555555555;-0.40425531914893614;62;0.20149253731343283;0.6285714285714286;0.23;0.405;0.38;0.43;0.245;0.15;0.235;0.17;0.16;0.105;0.655;0.2569832402234637;0.49390243902439024;0.48044692737430167;0.29878048780487804;0.26256983240223464;0.2073170731707317;0.125;0.07;0.05;0.245;0.005;0.115;0.28;0.085;0.025;81;0.6049382716049383;0.245;725.0;0.041379310344827586;0.02620689655172414;0.06758620689655173;0.028016009148084622;0.07116858;0.17794253938832252;0.2540700542673902;1.1688184227196887;0.00847457627118644;0.07692307692307693;1.088652610951845;0.1973488212208886;0.4256660565385398;0.21964612568639413;0.20012202562538134;0.15456579214968477;0.5802318486882245;2.754491017964072;1.421333157860104;1.2949924327169835;1.000197407383036;3.7546884253471076;4917.0;0.2744827586206896;0.3641379310344828;0.4145225843339051;0.5365517241379311;0.4858611825192802
Consumer Discretionary-03;2023;France;Consumer Discretionary;0.1603;6.700168;0.0049487296592195;0.0038589393392774;1.1357764094384954;0.0449064137953556;0.3643839608462516;-1.0235480060478206;1.0909;0.397;200;1975;0.1083844580777096;0.11115766497964996;0.12678936605316973;0.018404907975460124;0.23577235772357724;0.30472103004291845;0.035;0.06;0.11397849462365592;0.2554112554112554;0.11333333333333333;0.4129353233830846;60;0.11728395061728394;0.6533333333333333;87;0.13761467889908258;0.24369747899159663;32;0.029411764705882353;-0.42857142857142855;21;0.04878048780487805;-0.29411764705882354;77;0.1319796954314721;0.5151515151515151;32;0.1643835616438356;0.3333333333333333;22;0.04;-0.5652173913043478;69;0.07692307692307693;0.07317073170731707;0.3;0.465;0.385;0.435;0.335;0.16;0.16;0.08;0.11;0.105;0.695;0.33519553072625696;0.5284090909090909;0.4860335195530726;0.3806818181818182;0.1787709497206704;0.09090909090909091;0.13;0.105;0.045;0.265;0.025;0.09;0.235;0.085;0.02;93;0.5698924731182796;0.265;885.0;0.05310734463276836;0.023728813559322035;0.07683615819209039;0.03443037974683544;0.07963524;0.18319928507596067;0.26516961299569997;1.1609845148686087;0.05172413793103448;0.10407239819004525;0.7253544345532477;0.19539504200381386;0.4709507042253521;0.17975352112676057;0.18609154929577465;0.16320422535211268;0.6341549295774648;3.155448604524972;1.2043787010168212;1.2468445513954751;1.093495647250336;4.248944251775308;5680.0;0.2508474576271186;0.3604519774011299;0.4481012658227848;0.5344632768361582;0.4947145877378435
Consumer Discretionary-03;2024;France;Consumer Discretionary;-0.065;7.318417;0.0023731431040711;0.0045903211045823;-0.2183270862046521;0.3740748986737703;-0.6536830126956821;-0.4921158152092304;-0.5922;-0.5114;200;1748;0.08045977011494253;0.07824669322748294;0.09655172413793103;0.016091954022988506;-0.046413502109704644;0.0761904761904762;0.075;0.105;0.08312342569269521;0.06532663316582915;0.09283819628647215;0.16091954022988506;47;0.10526315789473684;0.13636363636363635;81;0.11299435028248588;0.14285714285714285;53;0.036036036036036036;-0.07936507936507936;19;-0.030303030303030304;-0.6410256410256411;64;0.09859154929577464;0.2982456140350877;38;0.10989010989010989;0.08695652173913043;35;0.03333333333333333;-0.2537313432835821;63;0.07142857142857142;-0.22388059701492538;0.235;0.39;0.32;0.405;0.25;0.19;0.265;0.205;0.175;0.095;0.645;0.2596685082872928;0.46153846153846156;0.44751381215469616;0.2958579881656805;0.2928176795580111;0.24260355029585798;0.12;0.07;0.04;0.225;0.055;0.055;0.315;0.09;0.03;78;0.5;0.195;663.0;0.03619909502262444;0.01809954751131222;0.05429864253393665;0.020594965675057208;0.0560621;-0.022760290556900726;0.08669897684437264;1.9816129185919116;-0.20521172638436483;-0.06513409961685823;2.8120797163467417;0.23762174882518286;0.3897849462365591;0.2129032258064516;0.21702508960573477;0.18028673835125447;0.5700716845878137;2.8526086614379773;1.5581145240406054;1.5882800409201794;1.3194134774283242;4.172022138866302;5580.0;-0.0090497737556561;0.1764705882352941;0.3792906178489702;0.392156862745098;0.6884615384615385
Consumer Discretionary-06;2018;France;Consumer Discretionary;0.1302;7.008601;0.0046783756322506;0.0037556738324001;0.9548686632385012;0.2091224874105236;0.2575195631148042;-1.0985821635304862;0.746;0.068;200;1144;0.10655737704918032;0.1076257658786461;0.13114754098360656;0.02459016393442623;0.1;0.1532258064516129;0.04;0.055;0.1108695652173913;0.1322314049586777;0.11699779249448124;0.21428571428571427;54;0.1069182389937107;0.1267605633802817;67;0.1836734693877551;0.06451612903225806;45;0.021052631578947368;0.0967741935483871;34;0.06896551724137931;0.17647058823529413;63;0.18181818181818182;0.39805825242718446;28;0.109375;-0.43859649122807015;59;0.028368794326241134;0.09090909090909091;50;0.08411214953271028;0.1111111111111111;0.27;0.415;0.315;0.335;0.27;0.14;0.225;0.145;0.295;0.17;0.635;0.32530120481927716;0.49999999999999994;0.4036144578313253;0.3253012048192771;0.27108433734939763;0.17469879518072287;0.12;0.09;0.065;0.155;0.025;0.085;0.36;0.065;0.035;83;0.6144578313253012;0.255;461.0;0.052060737527114966;0.010845986984815618;0.06290672451193058;0.025349650349650348;0.06268926;0.15302935665209244;0.22984676882078614;1.34947303078148;0.0;0.07692307692307693;1.5749271596188676;0.1462984723854289;0.3573780305297815;0.19365459443280456;0.3160730320263394;0.13289434301107453;0.490272373540856;2.5047199496538703;1.3572477449129432;2.215229704216489;0.9314033983637507;3.436123348017621;3341.0;0.2928416485900217;0.4056399132321041;0.4029720279720279;0.631236442516269;0.4845360824742268
Consumer Discretionary-06;2019;France;Consumer Discretionary;0.1503;7.31227;0.004071690842331;0.0035123358932249;1.075674168176039;0.3708021094310093;0.0177117621567102;-1.2753949038318615;0.7046;0.058;200;1345;0.1079913606911447;0.10274521269499612;0.12526997840172785;0.017278617710583154;0.0847457627118644;0.17972350230414746;0.06;0.065;0.1011764705882353;0.16831683168316833;0.10141509433962265;0.18592964824120603;58;0.17088607594936708;0.20930232558139536;68;0.11764705882352941;0.09090909090909091;49;0.061224489795918366;0.02702702702702703;25;-0.018518518518518517;-0.28;61;0.16071428571428573;0.23255813953488372;38;0.09876543209876543;0.23404255319148937;57;0.04838709677419355;-0.1836734693877551;44;0.1;-0.037037037037037035;0.29;0.385;0.305;0.34;0.33;0.19;0.245;0.145;0.285;0.125;0.695;0.3314285714285714;0.4476744186046511;0.3885714285714286;0.3837209302325581;0.27999999999999997;0.16860465116279066;0.11;0.085;0.08;0.19;0.03;0.08;0.335;0.06;0.03;77;0.6883116883116883;0.265;575.0;0.05391304347826087;0.02782608695652174;0.0817391304347826;0.03494423791821561;0.08645939;0.16816976127320954;0.24829931972789115;1.3211049241183535;0.02877697841726619;0.08333333333333333;1.0179597178797355;0.13055447443114399;0.3589505456234038;0.21871372184815416;0.2951009983747388;0.12723473415370326;0.486185279777107;2.624743213188231;1.5992937301573826;2.1578581008811395;0.930374696524677;3.555117909712908;4307.0;0.3356521739130435;0.4226086956521739;0.4275092936802974;0.6591304347826087;0.4643799472295514
Consumer Discretionary-06;2020;France;Consumer Discretionary;0.0651;7.540454;0.0038309897868904;0.0036010466096057;0.5636030726199085;0.492291964737684;-0.0774315342512131;-1.2109364601113868;0.071;-0.4957;200;1331;0.13394495412844037;0.13330204115001434;0.163302752293578;0.029357798165137616;0.16838487972508592;0.24087591240875914;0.055;0.07;0.13346228239845262;0.22007722007722008;0.12974051896207583;0.2911392405063291;55;0.1340782122905028;0.2815533980582524;80;0.17410714285714285;0.12396694214876033;41;0.03296703296703297;-0.06976744186046512;24;0.13725490196078433;0.3333333333333333;68;0.16299559471365638;0.3770491803278688;42;0.16964285714285715;-0.0958904109589041;54;0.04310344827586207;0.1836734693877551;36;0.13333333333333333;0.02127659574468085;0.275;0.44;0.34;0.4;0.295;0.21;0.205;0.115;0.27;0.12;0.67;0.3125;0.5176470588235295;0.4545454545454546;0.34705882352941175;0.23295454545454544;0.13529411764705884;0.09;0.1;0.08;0.21;0.045;0.095;0.3;0.06;0.02;88;0.7386363636363636;0.325;554.0;0.052346570397111915;0.04512635379061372;0.09747292418772563;0.0405709992486852;0.09854212;0.07855822550831792;0.14636542239685657;1.2815121843775656;-0.05982905982905983;0.0;1.0883930653813263;0.11408931659940574;0.3424828446662508;0.2297775005198586;0.3092118943647328;0.11852776044915783;0.4610106051154086;2.5824761665830405;1.7326266934269947;2.331598093326644;0.8937531359759157;3.476229302558956;4809.0;0.3537906137184115;0.4259927797833935;0.416228399699474;0.6642599277978339;0.4483695652173913
Consumer Discretionary-06;2021;France;Consumer Discretionary;0.0894;7.118678;0.0042454532194047;0.0036661942053543;0.7096515188876781;0.2677297464759832;0.0863958205469175;-1.1635993084637346;0.4422;-0.1828;200;1539;0.09416195856873823;0.0969379374760917;0.14124293785310735;0.047080979284369114;0.17261904761904762;0.21604938271604937;0.02;0.045;0.08897485493230174;0.18042813455657492;0.094;0.27759197324414714;59;0.01694915254237288;0.16666666666666666;73;0.16346153846153846;0.25316455696202533;45;0.06930693069306931;-0.1;23;0.13333333333333333;0.13333333333333333;70;0.06;0.27388535031847133;35;0.15625;-0.09333333333333334;42;0.0707070707070707;0.09090909090909091;53;0.11764705882352941;0.2676056338028169;0.295;0.435;0.35;0.365;0.295;0.175;0.225;0.145;0.21;0.115;0.665;0.33333333333333337;0.49714285714285716;0.4124293785310735;0.33714285714285713;0.25423728813559326;0.1657142857142857;0.1;0.07;0.09;0.19;0.03;0.105;0.295;0.075;0.045;87;0.5977011494252874;0.26;616.0;0.05032467532467533;0.032467532467532464;0.08279220779220779;0.03313840155945419;0.08471945;0.08884026258205689;0.1502542764678687;1.1003282946715252;0.09365558912386707;0.16025641025641027;1.2327256212288327;0.1220454671428232;0.3501089756290866;0.2060630077273628;0.31682187438082027;0.12700614226273033;0.47711511789181693;2.4923129002228555;1.4668961042624615;2.2553527603035346;0.9041157719540748;3.3964286721769303;5047.0;0.2808441558441558;0.4042207792207792;0.4002599090318388;0.637987012987013;0.4529262086513995
Consumer Discretionary-06;2022;France;Consumer Discretionary;0.0638;7.61173;0.0050466685218751;0.003804588847653;0.5557897812557892;0.5302407732730696;0.4030968207563916;-1.0630398312576737;0.0257;-0.7073;200;1599;0.10363636363636364;0.10488621798428623;0.12181818181818181;0.01818181818181818;0.10679611650485436;0.15151515151515152;0.03;0.045;0.10727969348659004;0.1527777777777778;0.10934393638170974;0.19245283018867926;44;0.05384615384615385;0.17857142857142858;67;0.14705882352941177;0.1375;49;0.075;-0.09090909090909091;40;0.11458333333333333;0.15789473684210525;62;0.08994708994708994;0.35555555555555557;35;0.12844036697247707;-0.13725490196078433;59;0.09929078014184398;0.18181818181818182;44;0.10810810810810811;0.058823529411764705;0.22;0.38;0.31;0.335;0.245;0.175;0.245;0.205;0.295;0.2;0.665;0.27499999999999997;0.45783132530120485;0.41875;0.29518072289156627;0.30624999999999997;0.2469879518072289;0.13;0.04;0.06;0.185;0.025;0.07;0.395;0.06;0.035;76;0.6710526315789473;0.255;688.0;0.05813953488372093;0.024709302325581394;0.08284883720930232;0.035647279549718566;0.08532777;0.05720430107526882;0.12340036563071298;1.2319146831641323;0.11400651465798045;0.1875;1.0969976905311778;0.13475558045266048;0.3754538852578068;0.19408133623819898;0.3021060275962237;0.12835875090777052;0.5038126361655774;2.85785356955308;1.4772947126945082;2.299549487299964;0.9770321439429536;3.8348857134960332;5508.0;0.2718023255813953;0.4200581395348837;0.4302689180737961;0.6468023255813954;0.4651685393258427
Consumer Discretionary-06;2023;France;Consumer Discretionary;0.0495;7.574658;0.006193138222076;0.0045572863873369;0.4698435762504762;0.5105028779082371;0.8562685208524153;-0.5161193014762839;-0.0409;-0.7271;200;1535;0.05263157894736842;0.050313903252605485;0.10121457489878542;0.048582995951417005;-0.09965635738831616;-0.02962962962962963;0.04;0.065;0.057692307692307696;-0.072992700729927;0.08390022675736962;0.07964601769911504;57;0.031446540880503145;0.06172839506172839;51;0.06382978723404255;-0.18584070796460178;58;0.06611570247933884;-0.21428571428571427;34;0.0547945205479452;-0.024390243902439025;66;0.04864864864864865;0.125;23;-0.08536585365853659;-0.42857142857142855;56;0.07207207207207207;0.0;55;0.13793103448275862;-0.13253012048192772;0.285;0.43;0.33;0.255;0.205;0.115;0.29;0.21;0.28;0.17;0.665;0.34337349397590355;0.5088757396449705;0.3072289156626506;0.24260355029585798;0.34939759036144574;0.2485207100591716;0.16;0.07;0.06;0.14;0.025;0.04;0.405;0.06;0.04;86;0.5348837209302325;0.23;617.0;0.10048622366288493;0.02106969205834684;0.12155591572123177;0.048859934853420196;0.125331;0.03473161930536761;0.0965583173996176;1.152721806730051;0.17037037037037037;0.234375;0.9408602150537635;0.12066267160778145;0.35823754789272033;0.18620689655172415;0.3314176245210728;0.12413793103448276;0.48237547892720306;2.7135270046724904;1.410453608845808;2.510375250311983;0.9403024058972052;3.6538294105696956;5220.0;0.1750405186385737;0.4392220421393841;0.4019543973941368;0.6045380875202593;0.4021447721179624
Consumer Discretionary-06;2024;France;Consumer Discretionary;-0.0102;8.113942;0.0050385321373631;0.0047184287248734;0.1110331959136101;0.7976287724898226;0.3998807050567875;-0.3990310316611703;-0.6864;-1.0859;200;1570;0.061567164179104475;0.06036235325372041;0.10634328358208955;0.04477611940298507;0.05822784810126582;0.1358695652173913;0.04;0.08;0.06321839080459771;0.0948509485094851;0.061601642710472276;0.27702702702702703;39;-0.008547008547008548;0.06666666666666667;72;0.13592233009708737;0.12574850299401197;47;0.0594059405940594;0.07142857142857142;42;0.0;-0.13432835820895522;57;0.03821656050955414;0.18518518518518517;33;0.10526315789473684;-0.0891089108910891;57;0.06622516556291391;-0.09333333333333334;53;0.05263157894736842;0.16666666666666666;0.195;0.385;0.285;0.36;0.28;0.165;0.235;0.205;0.285;0.21;0.655;0.24683544303797472;0.4425287356321839;0.4556962025316456;0.32183908045977017;0.2974683544303798;0.23563218390804597;0.095;0.055;0.035;0.225;0.02;0.055;0.385;0.08;0.05;77;0.5584415584415584;0.215;622.0;0.05144694533762058;0.03697749196141479;0.08842443729903537;0.03503184713375796;0.08831263;-0.007269789983844911;0.06962576153176675;1.5707730321214262;-0.026595744680851064;0.16560509554140126;3.6427732079905994;0.13058155593064294;0.35090082505472303;0.2106415221417747;0.294157265532918;0.14430038727058428;0.4952012123253073;2.847189015643145;1.7091331375093926;2.3867750529407745;1.1708450030739803;4.018034018717126;5939.0;0.1141479099678456;0.2877813504823151;0.3961783439490446;0.5305466237942122;0.5484848484848485
Consumer Staples-03;2018;France;Consumer Staples;0.0281;6.509576;0.0048993028659953;0.0048730520223165;0.341224779948819;-0.0565686874501726;0.3448467468127738;-0.2866795872952297;0.3978;0.0821;200;1323;0.065;0.06943790435791015;0.1025;0.0375;0.1926605504587156;0.25;0.04;0.05;0.07349081364829396;0.23232323232323232;0.08021390374331551;0.2620320855614973;43;0.18;0.32142857142857145;59;0.04716981132075472;0.2;51;0.04807692307692308;0.3617021276595745;47;-0.022222222222222223;-0.12;41;0.14953271028037382;0.34328358208955223;27;0.0;0.0;74;0.014388489208633094;0.22448979591836735;58;0.08421052631578947;0.12121212121212122;0.215;0.31;0.205;0.295;0.235;0.135;0.255;0.165;0.37;0.235;0.55;0.28104575163398693;0.4366197183098592;0.3856209150326797;0.33098591549295775;0.3333333333333333;0.23239436619718312;0.09;0.04;0.045;0.21;0.02;0.06;0.455;0.05;0.03;62;0.5967741935483871;0.185;377.0;0.07692307692307693;0.026525198938992044;0.10344827586206898;0.029478458049886625;0.10389113;0.03087586641461878;0.10615280594996619;1.3292307692307692;0.016216216216216217;0.16049382716049382;2.3830492669533236;0.19196841466689207;0.3267955004326507;0.21372944909143352;0.37957888664551487;0.07989616383040092;0.40669166426305164;2.1273000375516333;1.3912880210289147;2.470897484040556;0.5200901239203906;2.647390161472024;3467.0;0.1246684350132626;0.3448275862068966;0.2849584278155707;0.4986737400530504;0.4574468085106383
Consumer Staples-03;2019;France;Consumer Staples;0.0071;6.62932;0.0050504119587856;0.0046269081255333;0.2150100732976601;0.0071854812638581;0.4045765106850896;-0.4655311755277382;0.2076;-0.2275;200;1377;0.08311688311688312;0.08516123387720678;0.10909090909090909;0.025974025974025976;-0.020242914979757085;0.06607929515418502;0.045;0.08;0.08100558659217877;0.03111111111111111;0.08011869436201781;0.16756756756756758;36;0.1506849315068493;0.13043478260869565;64;0.15503875968992248;0.1;49;0.02247191011235955;0.0196078431372549;51;-0.010638297872340425;-0.44;30;0.125;0.07317073170731707;35;0.17105263157894737;0.1746031746031746;64;-0.008928571428571428;-0.16129032258064516;71;0.09022556390977443;-0.1111111111111111;0.18;0.295;0.15;0.32;0.295;0.175;0.245;0.135;0.32;0.255;0.54;0.24161073825503354;0.4068965517241379;0.42953020134228187;0.4068965517241379;0.32885906040268453;0.18620689655172415;0.06;0.04;0.045;0.245;0.035;0.065;0.415;0.08;0.015;59;0.4745762711864407;0.14;396.0;0.06060606060606061;0.027777777777777776;0.08838383838383838;0.025417574437182282;0.0935672;0.006489675516224189;0.08317460317460318;1.4172670367308373;0.009302325581395349;0.14814814814814814;2.5;0.19721247748174836;0.3326133909287257;0.20491360691144708;0.37904967602591794;0.08342332613390929;0.416036717062635;2.2050006264206323;1.358437885919854;2.5128416229663704;0.5530399298408891;2.7580405562615216;3704.0;0.0984848484848484;0.3535353535353535;0.2875816993464052;0.5151515151515151;0.5098039215686274
Consumer Staples-03;2020;France;Consumer Staples;-0.0252;6.98472;0.0050509195359421;0.0047471285661356;0.0208798340199252;0.1964077517823524;0.4047771436393338;-0.3781773267395945;-0.1752;-0.5667;200;1716;0.09009009009009009;0.08571301709424269;0.12837837837837837;0.038288288288288286;-0.04580152671755725;0.02459016393442623;0.045;0.065;0.09592326139088729;0.00819672131147541;0.10049019607843138;0.1031390134529148;38;0.14130434782608695;0.21428571428571427;55;0.18032786885245902;-0.0784313725490196;57;0.046511627906976744;-0.0847457627118644;50;-0.009900990099009901;-0.24444444444444444;34;0.14457831325301204;0.2608695652173913;31;0.15384615384615385;-0.027777777777777776;73;0.01935483870967742;-0.01639344262295082;62;0.1015625;-0.25301204819277107;0.19;0.28;0.17;0.275;0.29;0.155;0.285;0.17;0.365;0.25;0.57;0.25333333333333335;0.37837837837837834;0.3666666666666667;0.39189189189189183;0.37999999999999995;0.22972972972972971;0.065;0.055;0.04;0.24;0.03;0.025;0.45;0.065;0.03;56;0.6071428571428571;0.17;510.0;0.0803921568627451;0.03137254901960784;0.11176470588235295;0.033216783216783216;0.11321241;-0.04990757855822551;0.01330704780680138;1.2813819942100517;0.09130434782608696;0.21549636803874092;1.9423895524238541;0.18677442262566382;0.3343083994985374;0.20204763894692854;0.3786042624320936;0.08503969912244046;0.4193480986209778;2.3350505684388727;1.4112461873002438;2.6444447687570234;0.5939784883466382;2.929029056785511;4786.0;0.0980392156862745;0.3431372549019608;0.2972027972027972;0.5137254901960784;0.5343511450381679
Consumer Staples-03;2021;France;Consumer Staples;0.0318;7.293435;0.0053201893361499;0.0047304900976421;0.3634626092159279;0.3607739679982129;0.5112129727967039;-0.3902670699942418;0.0026;-0.4482;200;1988;0.09026128266033254;0.08629291017944626;0.12589073634204276;0.035629453681710214;-0.04878048780487805;-0.00847457627118644;0.02;0.045;0.09405940594059406;-0.025210084033613446;0.0979381443298969;0.06481481481481481;39;0.047058823529411764;0.125;53;0.25961538461538464;0.10344827586206896;48;0.07339449541284404;0.10638297872340426;60;-0.008130081300813009;-0.5;37;0.04597701149425287;0.15;21;0.28888888888888886;-0.13725490196078433;68;0.05343511450381679;-0.18181818181818182;74;0.08860759493670886;0.011235955056179775;0.195;0.295;0.185;0.265;0.2;0.105;0.24;0.125;0.34;0.3;0.515;0.2785714285714286;0.4758064516129032;0.3785714285714286;0.32258064516129037;0.34285714285714286;0.20161290322580647;0.11;0.035;0.03;0.19;0.015;0.04;0.53;0.03;0.02;59;0.5254237288135594;0.155;641.0;0.0842433697347894;0.0358814352574103;0.12012480499219969;0.03873239436619718;0.12296025;0.010371650821089023;0.07346189164370982;1.119157340355497;0.1274131274131274;0.23728813559322035;1.7113731909669259;0.18112655745658662;0.35730415146777833;0.19419836720514155;0.3524405072086156;0.09605697411846448;0.4533611255862428;2.6059746117009146;1.4163731725238806;2.5705019383282237;0.7005852991106494;3.306559910811564;5757.0;0.1170046801872074;0.3681747269890795;0.3224346076458752;0.53198127925117;0.4838709677419355
Consumer Staples-03;2022;France;Consumer Staples;0.0499;7.600928;0.0052434561947088;0.004369587669818;0.4722476659009744;0.5244895662777382;0.4808822207895242;-0.6525038073533859;-0.052;-0.6187;200;1772;0.09716599190283401;0.09946087980077334;0.12753036437246965;0.030364372469635626;0.05426356589147287;0.13807531380753138;0.04;0.07;0.10526315789473684;0.09243697478991597;0.10652173913043478;0.21951219512195122;59;0.08074534161490683;0.09090909090909091;55;0.2185430463576159;0.17647058823529413;40;-0.011627906976744186;-0.1;46;0.03125;-0.2727272727272727;62;0.09090909090909091;0.17647058823529413;28;0.10975609756097561;-0.17647058823529413;50;0.037383177570093455;-0.15;60;0.14285714285714285;0.24390243902439024;0.295;0.405;0.31;0.275;0.255;0.14;0.2;0.145;0.25;0.23;0.64;0.3831168831168831;0.5031055900621118;0.35714285714285715;0.3167701863354037;0.25974025974025977;0.18012422360248445;0.16;0.065;0.055;0.215;0.04;0.035;0.355;0.055;0.02;81;0.5185185185185185;0.21;652.0;0.0705521472392638;0.06748466257668712;0.1380368098159509;0.05079006772009029;0.13884939;0.047661469933184854;0.12374581939799331;1.3568278792423187;0.060240963855421686;0.17857142857142858;1.8917180583405848;0.19089681272886166;0.4011576916330468;0.184002806525171;0.2988949307139098;0.1159445711278723;0.5171022627609191;3.049170710895419;1.3985920750893286;2.2718788331289;0.8812863313956589;3.930457042291078;5701.0;0.1104294478527607;0.3726993865030675;0.3679458239277652;0.5245398773006135;0.4824561403508772
Consumer Staples-03;2023;France;Consumer Staples;0.0447;7.816036;0.0053088868201994;0.004379906571248;0.4409945004444969;0.6390174902132824;0.5067453620366872;-0.6450059496624383;-0.1978;-0.7736;200;1894;0.1022964509394572;0.10109871563682477;0.12317327766179541;0.020876826722338204;0.1111111111111111;0.1792452830188679;0.02;0.05;0.09871244635193133;0.14691943127962084;0.10491071428571429;0.2648648648648649;50;0.10569105691056911;0.3076923076923077;64;0.16759776536312848;0.2079207920792079;40;0.05952380952380952;-0.2;46;0.010752688172043012;-0.09090909090909091;60;0.07453416149068323;0.2413793103448276;24;0.18666666666666668;0.10204081632653061;55;0.03278688524590164;-0.09090909090909091;61;0.15702479338842976;0.1746031746031746;0.25;0.395;0.3;0.32;0.27;0.12;0.2;0.185;0.275;0.23;0.645;0.3246753246753247;0.46470588235294114;0.41558441558441556;0.3176470588235294;0.25974025974025977;0.2176470588235294;0.09;0.095;0.05;0.195;0.03;0.055;0.405;0.06;0.02;79;0.569620253164557;0.225;735.0;0.07482993197278912;0.034013605442176874;0.108843537414966;0.04223864836325238;0.11488406;0.04514480408858603;0.12259835315645014;1.380850501623778;0.042735042735042736;0.13225058004640372;1.3832809929714371;0.18566361484587032;0.4071650580729593;0.1876329134631114;0.27973171928676593;0.12547030917716342;0.5326353672501227;3.182416795591413;1.4665456265742671;2.1863932183452457;0.9806804669419902;4.1630972625334035;6113.0;0.1142857142857142;0.3482993197278911;0.3880675818373812;0.5374149659863946;0.5113924050632911
Consumer Staples-03;2024;France;Consumer Staples;-0.0243;8.513164;0.0046530642583714;0.0051267250480393;0.0262890357335463;1.010182777219519;0.2475145901699451;-0.1023572289708043;-0.9838;-1.1587;200;1675;0.08370044052863436;0.08353482889183818;0.10572687224669604;0.022026431718061675;0.03202846975088968;0.1553784860557769;0.06;0.095;0.09223300970873786;0.14163090128755365;0.09923664122137404;0.29411764705882354;26;0.13043478260869565;0.4634146341463415;65;0.08125;0.06542056074766354;48;0.09;-0.043478260869565216;61;0.056;-0.21875;45;0.09322033898305085;0.44;26;0.1232876712328767;-0.15625;72;0.0547945205479452;-0.17073170731707318;57;0.08547008547008547;0.0;0.13;0.29;0.225;0.325;0.235;0.13;0.24;0.185;0.36;0.305;0.505;0.18705035971223022;0.4084507042253521;0.4676258992805755;0.33098591549295775;0.3453237410071942;0.2605633802816901;0.06;0.045;0.04;0.19;0.025;0.02;0.485;0.095;0.04;58;0.5344827586206896;0.155;541.0;0.029574861367837338;0.018484288354898338;0.04805914972273567;0.015522388059701492;0.05245105;-0.03173164097914778;0.05899851264253842;1.8507094386181369;0.005042016806722689;0.21052631578947367;3.4190927555856465;0.22436067839863896;0.30434782608695654;0.2003281378178835;0.33814602132895816;0.1571780147662018;0.46152584085315834;2.5909630560793357;1.7054263565891472;2.878692646134507;1.3380822683148264;3.929045324394162;6095.0;0.066543438077634;0.1959334565619223;0.3229850746268656;0.4380776340110905;0.6877637130801688
Consumer Discretionary-02;2018;France;Consumer Discretionary;0.7316;4.695953;0.0030214991284137;0.0022683858643744;4.569417452762643;-1.0221788785716213;-0.3974035822255038;-2.1792663434625763;5.5916;4.7006;70;70;0.3649025069637883;0.35891387854445944;0.37047353760445684;0.005571030640668524;0.7302325581395349;0.7547169811320755;0.02857142857142857;0.04285714285714286;0.36182336182336183;0.7450980392156863;0.3558823529411765;0.7616580310880829;26;0.4453125;0.7078651685393258;34;0.3131868131868132;0.7358490566037735;6;;;4;;;29;0.4074074074074074;0.7362637362637363;20;0.25862068965517243;0.7049180327868853;7;;;14;0.5540540540540541;0.8148148148148148;0.37142857142857144;0.6285714285714286;0.4142857142857143;0.4857142857142857;0.35714285714285715;0.2857142857142857;0.08571428571428572;0.07142857142857142;0.1;0.05714285714285714;0.8142857142857143;0.3939393939393939;0.5945945945945945;0.5151515151515151;0.33783783783783783;0.0909090909090909;0.06756756756756756;0.15714285714285714;0.18571428571428572;0.04285714285714286;0.22857142857142856;0.02857142857142857;0.21428571428571427;0.04285714285714286;0.08571428571428572;0.014285714285714285;44;0.8181818181818182;0.5142857142857142;40.0;0.025;0.0;0.025;0.014285714285714285;0.050734024;0.7302325581395349;0.7547169811320755;0.38794775636880896;0.75;0.75;0.0;0.07676695319961796;0.39631336405529954;0.25806451612903225;0.18433179723502305;0.16129032258064516;0.5576036866359447;1.8610690326769097;1.211858904998918;0.8656135035706556;0.7574118156243237;2.6184808483012336;217.0;0.8;0.625;0.5714285714285714;0.95;0.3684210526315789
Consumer Discretionary-02;2019;France;Consumer Discretionary;-0.0225;4.804446;0.0027127003699136;0.0037887009886141;0.0371074391607885;-0.9644149736887764;-0.5194642510355696;-1.0745841712143231;1.0014;0.7238;200;643;0.11212814645308924;0.11374449566245352;0.13272311212814644;0.020594965675057208;-0.004048582995951417;0.0603448275862069;0.04;0.065;0.1163895486935867;0.0603448275862069;0.12254901960784313;0.22;24;0.2876712328767123;0.5;53;0.1935483870967742;0.3978494623655914;61;0.009259259259259259;-0.49019607843137253;62;0.022727272727272728;-0.5238095238095238;21;0.17647058823529413;0.5384615384615384;30;0.2647058823529412;0.34545454545454546;81;-0.01282051282051282;-0.6049382716049383;68;0.14482758620689656;0.17647058823529413;0.12;0.165;0.105;0.265;0.235;0.15;0.305;0.19;0.405;0.31;0.49;0.17391304347826086;0.2796610169491525;0.3840579710144928;0.39830508474576265;0.4420289855072464;0.3220338983050847;0.025;0.05;0.015;0.19;0.03;0.06;0.49;0.09;0.05;33;0.7272727272727273;0.12;149.0;0.06711409395973154;0.0;0.06711409395973154;0.015552099533437015;0.060861114;0.0037641154328732747;0.0989010989010989;1.5919892944488025;-0.25274725274725274;-0.20930232558139536;0.6816632583503749;0.1447402174556505;0.24011713030746706;0.2144948755490483;0.4780380673499268;0.06734992679355783;0.3074670571010249;1.1536297129994373;1.0305289814293752;2.2967079347214407;0.3235790658413056;1.4772087788407429;1366.0;0.1140939597315436;0.348993288590604;0.2317262830482115;0.5302013422818792;0.4683544303797468
Consumer Discretionary-02;2020;France;Consumer Discretionary;0.015;4.82333;0.0046528631725879;0.0041661021541796;0.2624908438950008;-0.9543607436480585;0.2474351058309085;-0.80035922091372;1.2166;0.6927;200;718;0.11936936936936937;0.10956158509125581;0.1463963963963964;0.02702702702702703;-0.09152542372881356;-0.032490974729241874;0.035;0.065;0.12037037037037036;-0.053763440860215055;0.12318840579710146;0.09871244635193133;31;0.1875;0.5686274509803921;44;0.256198347107438;-0.04672897196261682;48;0.023809523809523808;-0.23529411764705882;77;0.031446540880503145;-0.4174757281553398;23;0.15517241379310345;0.6153846153846154;26;0.2125;-0.03225806451612903;75;0.026143790849673203;-0.39325842696629215;76;0.1503267973856209;-0.05084745762711865;0.155;0.21;0.115;0.22;0.195;0.13;0.24;0.16;0.375;0.385;0.45;0.25203252032520324;0.3716814159292035;0.35772357723577236;0.34513274336283184;0.3902439024390244;0.2831858407079646;0.08;0.03;0.0;0.16;0.02;0.055;0.51;0.1;0.045;42;0.5714285714285714;0.12;166.0;0.060240963855421686;0.018072289156626505;0.0783132530120482;0.018105849582172703;0.08341012;0.023121387283236993;0.09597523219814241;1.3378834296350874;-0.0707070707070707;-0.05154639175257732;0.2675943270002676;0.12657498983877524;0.26103646833013433;0.23160588611644273;0.43186180422264875;0.07549584133077415;0.3365323096609085;1.2590649591112482;1.1171115568585095;2.08301188088258;0.3641413362135473;1.6232062953247954;1563.0;0.144578313253012;0.3674698795180723;0.2311977715877437;0.5120481927710844;0.5058823529411764
Consumer Discretionary-02;2021;France;Consumer Discretionary;0.0137;5.217322;0.004495990836197;0.003654329649769;0.2546775525308815;-0.7445912984985859;0.1854272713736417;-1.1722202600202922;0.9993;0.3204;200;829;0.12877263581488935;0.128762212557572;0.14285714285714285;0.014084507042253521;-0.0033222591362126247;0.07142857142857142;0.045;0.07;0.13118279569892474;0.058823529411764705;0.13495575221238937;0.20168067226890757;42;0.13761467889908258;0.22033898305084745;62;0.18592964824120603;0.18840579710144928;39;0.039473684210526314;-0.3157894736842105;57;0.07964601769911504;-0.42424242424242425;35;0.15306122448979592;0.22033898305084745;41;0.168;0.18518518518518517;64;0.04827586206896552;-0.3333333333333333;60;0.16279069767441862;-0.012987012987012988;0.21;0.265;0.175;0.31;0.23;0.205;0.195;0.16;0.32;0.285;0.525;0.29370629370629364;0.40458015267175573;0.43356643356643354;0.3511450381679389;0.2727272727272727;0.24427480916030533;0.095;0.04;0.035;0.2;0.05;0.065;0.37;0.105;0.04;53;0.6037735849056604;0.16;229.0;0.10480349344978165;0.039301310043668124;0.14410480349344978;0.039806996381182146;0.14549717;0.024778761061946902;0.1049618320610687;1.3637119574255778;-0.0990990990990991;-0.07407407407407407;0.3622313450857281;0.12106063263754897;0.32057172026544156;0.22307299642674835;0.36957631444614597;0.08677896886166411;0.40735068912710565;1.6725258335996591;1.163843613508043;1.9281985724938744;0.4527538084585065;2.1252796420581657;1959.0;0.148471615720524;0.4323144104803493;0.2762364294330519;0.6026200873362445;0.3985507246376811
Consumer Discretionary-02;2022;France;Consumer Discretionary;0.0576;5.47454;0.0044618607899433;0.0033596837944664;0.518526391673066;-0.6076431443673929;0.1719364908650768;-1.3863140477423808;1.1264;0.3473;200;905;0.12526096033402923;0.12624086766252937;0.13778705636743216;0.012526096033402923;0.28870292887029286;0.4063926940639269;0.055;0.07;0.1280353200883002;0.41904761904761906;0.1292517006802721;0.4791666666666667;37;0.1553398058252427;0.4925373134328358;56;0.2147239263803681;0.5952380952380952;40;0.07317073170731707;-0.2631578947368421;67;0.022900763358778626;-0.08;26;0.16883116883116883;0.8260869565217391;36;0.1415929203539823;0.2692307692307692;55;0.034782608695652174;-0.15555555555555556;83;0.15517241379310345;0.25;0.185;0.24;0.13;0.28;0.22;0.18;0.2;0.15;0.275;0.335;0.515;0.2781954887218045;0.39344262295081966;0.4210526315789474;0.36065573770491804;0.3007518796992481;0.2459016393442623;0.085;0.04;0.025;0.21;0.04;0.085;0.4;0.07;0.045;48;0.5625;0.135;254.0;0.10236220472440945;0.027559055118110236;0.12992125984251968;0.036464088397790057;0.13785414;0.07109004739336493;0.16595012897678418;1.5393352462936394;-0.08196721311475409;-0.058823529411764705;0.33377837116154874;0.11841897233201581;0.3393406593406593;0.20307692307692307;0.36923076923076925;0.08835164835164835;0.4276923076923077;1.8577341418808355;1.1117528154779093;2.0213687554143807;0.4836846664741553;2.341418808354991;2275.0;0.1535433070866141;0.4251968503937008;0.2806629834254143;0.6259842519685039;0.4025157232704403
Consumer Discretionary-02;2023;France;Consumer Discretionary;0.0859;5.736795;0.0045212414174572;0.0032705758418364;0.6886157344458183;-0.4680131878259532;0.1954082144688846;-1.45106112886157;1.1567;0.3334;200;970;0.1165644171779141;0.11525971270290133;0.12678936605316973;0.010224948875255624;0.13076923076923078;0.21991701244813278;0.04;0.055;0.12127659574468085;0.23076923076923078;0.12121212121212122;0.39215686274509803;42;0.19444444444444445;0.6578947368421053;48;0.16901408450704225;0.24050632911392406;49;0.04040404040404041;-0.2571428571428571;61;0.05714285714285714;-0.37142857142857144;43;0.16393442622950818;0.65;22;0.15873015873015872;0.16666666666666666;73;0.033783783783783786;-0.5;62;0.14102564102564102;0.10869565217391304;0.21;0.295;0.215;0.24;0.205;0.11;0.245;0.155;0.365;0.305;0.54;0.302158273381295;0.45038167938931295;0.34532374100719426;0.3129770992366412;0.3525179856115108;0.23664122137404578;0.1;0.075;0.025;0.135;0.045;0.07;0.46;0.06;0.03;59;0.6271186440677966;0.185;327.0;0.10091743119266056;0.024464831804281346;0.1253822629969419;0.04226804123711341;0.13122924;0.09777777777777778;0.18465227817745802;1.3829133374308542;-0.02857142857142857;0.014925373134328358;0.5970743357548015;0.12309369526072736;0.34622823984526113;0.19342359767891681;0.351257253384913;0.10909090909090909;0.4553191489361702;1.9862405681313804;1.109631602308034;2.0150909897913896;0.6258322237017311;2.6120727918331115;2585.0;0.1926605504587156;0.437308868501529;0.3371134020618557;0.6207951070336392;0.3990147783251231
Consumer Discretionary-02;2024;France;Consumer Discretionary;-0.0159;7.391618;0.0053645648741824;0.0038558713278398;0.0767749183940098;0.413048616806084;0.5287535480158748;-1.025777265946162;-0.3365;-1.1138;200;1456;0.09821428571428571;0.10340077536446708;0.12946428571428573;0.03125;-0.08305647840531562;0.033707865168539325;0.06;0.08;0.10401891252955082;0.020080321285140562;0.1070559610705596;0.11607142857142858;60;0.11564625850340136;0.18681318681318682;56;0.13709677419354838;-0.22916666666666666;43;0.024390243902439025;-0.5161290322580645;41;0.08421052631578947;0.23076923076923078;61;0.09655172413793103;0.1111111111111111;32;0.1282051282051282;-0.06451612903225806;53;0.02654867256637168;-0.45714285714285713;54;0.15178571428571427;0.012658227848101266;0.3;0.455;0.305;0.28;0.28;0.16;0.215;0.155;0.265;0.205;0.69;0.3773584905660377;0.5112359550561797;0.35220125786163525;0.3146067415730337;0.27044025157232704;0.1741573033707865;0.135;0.06;0.08;0.175;0.065;0.04;0.34;0.09;0.015;91;0.5164835164835165;0.235;643.0;0.07931570762052877;0.02177293934681182;0.10108864696734059;0.044642857142857144;0.10673274;0.0065032516258129065;0.12527964205816555;2.130172735808103;-0.11607142857142858;0.02857142857142857;2.855718235800734;0.1821507009924534;0.4228321400159109;0.18993635640413684;0.24105011933174225;0.14618138424821003;0.5690135242641209;3.125413463093365;1.4039369036943388;1.7817502903429725;1.0805168839951191;4.205930347088485;5028.0;0.0575427682737169;0.2737169517884914;0.4416208791208791;0.4727838258164852;0.569078947368421
Consumer Staples-04;2018;France;Consumer Staples;-0.1704;5.839632;0.0051205924542148;0.0046852578620701;-0.8518047091109449;-0.4132606536860816;0.4323171604568736;-0.4231334431892845;-0.4382;-0.866;200;751;0.006550218340611353;0.008314501250154586;0.04585152838427948;0.039301310043668124;0.031055900621118012;0.0641025641025641;0.015;0.02;0.008869179600886918;0.05263157894736842;0.008928571428571428;0.0738255033557047;29;0.0;0.23076923076923078;29;0.08974358974358974;0.45454545454545453;50;0.028846153846153848;0.2413793103448276;92;-0.03804347826086957;-0.3150684931506849;33;-0.04040404040404041;-0.2777777777777778;17;0.0851063829787234;0.25;86;0.0;0.0;64;0.01935483870967742;0.16981132075471697;0.145;0.2;0.165;0.145;0.105;0.085;0.25;0.235;0.43;0.46;0.465;0.2685185185185185;0.37037037037037035;0.2685185185185185;0.19444444444444442;0.4629629629629629;0.4351851851851851;0.035;0.055;0.045;0.11;0.015;0.015;0.625;0.05;0.05;40;0.45;0.09;159.0;0.06289308176100629;0.006289308176100629;0.06918238993710692;0.014647137150466045;0.06655182;-0.10404624277456648;-0.049079754601226995;0.8507380152282105;-0.3867924528301887;-0.31216931216931215;2.1251039453016722;0.187116405318027;0.3095104108047271;0.14687675858187957;0.4490714687675858;0.09454136184580754;0.4040517726505346;1.807426881367072;0.8577062109760105;2.622412093328952;0.5520867564903056;2.3595136378573773;1777.0;-0.0125786163522012;0.3647798742138364;0.2117177097203728;0.4088050314465409;0.4769230769230769
Consumer Staples-04;2019;France;Consumer Staples;-0.0582;5.801997;0.0044027272449322;0.0054126565692804;-0.1774575621461816;-0.4332983018317302;0.1485624329892531;0.1054046020882987;0.2561;0.2346;200;855;0.08717948717948718;0.09133785932491988;0.12307692307692308;0.035897435897435895;0.08196721311475409;0.13142857142857142;0.02;0.03;0.09090909090909091;0.125;0.08947368421052632;0.1927710843373494;25;0.05084745762711865;0.08571428571428572;43;0.2549019607843137;0.2112676056338028;49;0.0;0.23076923076923078;83;0.03731343283582089;-0.17647058823529413;28;0.046875;0.05555555555555555;20;0.1956521739130435;0.0;94;0.018292682926829267;0.05084745762711865;58;0.16379310344827586;0.18518518518518517;0.125;0.165;0.14;0.215;0.14;0.1;0.245;0.23;0.47;0.415;0.485;0.2136752136752137;0.308411214953271;0.36752136752136755;0.26168224299065423;0.4188034188034188;0.42990654205607476;0.04;0.045;0.055;0.11;0.03;0.035;0.63;0.03;0.025;33;0.42424242424242425;0.07;156.0;0.07692307692307693;0.01282051282051282;0.08974358974358974;0.016374269005847954;0.09162077;-0.06478209658421673;-0.012437810945273632;0.8609309533375423;-0.03;0.0;0.5067567567567568;0.18468545758005897;0.30949948927477017;0.12563840653728295;0.48723186925434114;0.07763023493360573;0.3871297242083759;1.7957151746821938;0.7289536847719797;2.826917948262068;0.4504104068509793;2.246125581533173;1958.0;0.0705128205128205;0.2756410256410256;0.1824561403508772;0.532051282051282;0.6506024096385542
Consumer Staples-04;2020;France;Consumer Staples;-0.1352;6.134057;0.0045567095398583;0.0062370790847612;-0.6402448198670975;-0.256502727413128;0.2094279040645816;0.7044414995914173;-0.3836;-0.1361;200;749;0.05605381165919283;0.05011666302189164;0.09641255605381166;0.04035874439461883;-0.27125506072874495;-0.20704845814977973;0.035;0.055;0.06791569086651054;-0.1981981981981982;0.07506053268765134;-0.12371134020618557;25;0.07142857142857142;-0.18181818181818182;52;0.14393939393939395;-0.06521739130434782;56;0.032520325203252036;-0.30303030303030304;67;-0.024793388429752067;-0.5522388059701493;26;0.07462686567164178;-0.04;24;0.11475409836065574;-0.1836734693877551;82;0.0189873417721519;-0.27710843373493976;68;0.0625;-0.37777777777777777;0.125;0.18;0.13;0.26;0.21;0.12;0.28;0.23;0.41;0.335;0.52;0.18796992481203006;0.29032258064516125;0.39097744360902253;0.3387096774193548;0.4210526315789474;0.3709677419354839;0.05;0.04;0.03;0.15;0.045;0.04;0.56;0.055;0.03;36;0.5277777777777778;0.095;149.0;0.0738255033557047;0.013422818791946308;0.087248322147651;0.017356475300400534;0.09073479;-0.1302475780409042;-0.07972665148063782;1.1137803013758463;-0.1595744680851064;-0.09195402298850575;1.2402551381998583;0.19776446266512493;0.3256059009483667;0.14541622760800843;0.4452054794520548;0.08377239199157008;0.40937829293993677;1.9972852433585415;0.8919914679076983;2.7309159071811777;0.5138646499903045;2.511149893348846;1898.0;0.0604026845637583;0.2348993288590604;0.198931909212283;0.5369127516778524;0.7
Consumer Staples-04;2021;France;Consumer Staples;-0.0927;5.991586;0.0039055391463807;0.0056076905470359;-0.384810294501657;-0.3323572184177438;-0.0479639783486406;0.2471190103540786;-0.0524;0.0952;200;930;0.11212814645308924;0.10807173530351652;0.14874141876430205;0.036613272311212815;0.12;0.1506849315068493;0.01;0.015;0.11502347417840375;0.14285714285714285;0.11529411764705882;0.1588785046728972;31;0.12121212121212122;0.14285714285714285;44;0.3333333333333333;0.28205128205128205;51;0.010101010101010102;0.2;74;-0.04310344827586207;-0.3953488372093023;32;0.11578947368421053;0.28205128205128205;20;0.4;0.2830188679245283;77;-0.0070921985815602835;-0.16363636363636364;71;0.10638297872340426;0.1282051282051282;0.155;0.235;0.16;0.22;0.18;0.1;0.255;0.225;0.385;0.37;0.515;0.24603174603174602;0.36718749999999994;0.3492063492063492;0.28125;0.40476190476190477;0.3515625;0.075;0.04;0.015;0.125;0.07;0.04;0.585;0.025;0.025;47;0.6595744680851063;0.155;186.0;0.04838709677419355;0.03763440860215054;0.08602150537634409;0.017204301075268817;0.08585466;-0.05565529622980251;-0.013133208255159476;0.8180656156795909;-0.2803738317757009;-0.2182741116751269;1.5139371270816635;0.16063458457312887;0.3443649373881932;0.1708407871198569;0.40384615384615385;0.08094812164579607;0.42531305903398925;2.063292156810204;1.0236072777941532;2.419678983895603;0.4850076368605804;2.5482997936707843;2236.0;0.0376344086021505;0.2526881720430107;0.2;0.5376344086021505;0.66
Consumer Staples-04;2022;France;Consumer Staples;-0.053;7.10402;0.0044093535601152;0.0061951979021552;-0.1462043966897042;0.2599255257633776;0.1511816548634229;0.6740100482167212;-0.4062;-0.1448;200;771;0.07157894736842105;0.07346776861893503;0.1431578947368421;0.07157894736842105;0.023255813953488372;0.1;0.04;0.065;0.08370044052863436;0.1072961373390558;0.10180995475113122;0.2132701421800948;36;0.04395604395604396;-0.058823529411764705;57;0.22929936305732485;0.42;55;0.06504065040650407;0.018867924528301886;52;-0.1346153846153846;-0.6296296296296297;45;0.0625;0.15625;22;0.18840579710144928;0.4117647058823529;65;0.034482758620689655;-0.14285714285714285;68;0.06040268456375839;-0.09278350515463918;0.18;0.305;0.225;0.285;0.215;0.11;0.275;0.205;0.325;0.26;0.605;0.24324324324324323;0.4206896551724138;0.3851351351351351;0.296551724137931;0.37162162162162166;0.2827586206896552;0.095;0.05;0.025;0.165;0.05;0.04;0.475;0.065;0.035;61;0.5901639344262295;0.18;205.0;0.08780487804878048;0.03414634146341464;0.12195121951219512;0.0324254215304799;0.12964134;-0.05580159433126661;-0.0018726591760299626;1.2293677825026703;-0.04032258064516129;0.017094017094017096;1.2285012285012284;0.18677374416127182;0.38686741948975323;0.1618569636135508;0.33793391886240065;0.11334169803429528;0.5002091175240485;2.748313872299968;1.149835101167662;2.400689306830674;0.805181685830585;3.5534955581305527;2391.0;0.1121951219512195;0.3414634146341463;0.2658884565499351;0.5219512195121951;0.5607476635514018
Consumer Staples-04;2023;France;Consumer Staples;-0.0378;5.913043;0.0057419758232596;0.0056495959193775;-0.0548489899707701;-0.374175127234103;0.6779349536807832;0.277568038328055;0.3195;0.1194;200;793;0.06648575305291723;0.06422911893722968;0.12890094979647218;0.06241519674355495;-0.068762278978389;-0.028688524590163935;0.02;0.06;0.06872370266479663;-0.046464646464646465;0.075;0.046296296296296294;47;0.06818181818181818;0.0;46;0.20218579234972678;0.09523809523809523;38;0.060240963855421686;0.0;69;-0.04716981132075472;-0.35172413793103446;56;0.08372093023255814;0.0379746835443038;24;0.2247191011235955;-0.06172839506172839;69;0.011583011583011582;-0.14285714285714285;51;0.04597701149425287;-0.12307692307692308;0.235;0.315;0.28;0.23;0.19;0.12;0.19;0.165;0.345;0.345;0.56;0.35877862595419846;0.47014925373134325;0.3511450381679389;0.2835820895522388;0.2900763358778626;0.2462686567164179;0.13;0.07;0.035;0.145;0.045;0.05;0.46;0.05;0.015;63;0.5873015873015873;0.185;286.0;0.0979020979020979;0.02097902097902098;0.11888111888111888;0.04287515762925599;0.11975439;-0.04205607476635514;0.004286589099816289;0.9011989368134062;0.02608695652173913;0.06306306306306306;0.759589821496392;0.05666813735512822;0.4675802139037433;0.14304812834224598;0.29044117647058826;0.09893048128342247;0.5665106951871658;2.764822134387352;0.8458498023715415;1.7173913043478262;0.5849802371541502;3.349802371541502;2992.0;0.0419580419580419;0.3461538461538461;0.360655737704918;0.5524475524475524;0.5569620253164557
Consumer Staples-04;2024;France;Consumer Staples;-0.0153;7.655573;0.0069756080935231;0.005742382794076;0.0803810528697572;0.5535836883162393;1.165559906272758;0.3449882755300433;-0.473;-0.8833;200;1095;0.0935412026726058;0.09251481122057263;0.1492204899777283;0.0556792873051225;-0.10344827586206896;-0.040983606557377046;0.035;0.065;0.09411764705882353;-0.08502024291497975;0.1100244498777506;0.0845771144278607;48;0.11607142857142858;-0.04;44;0.21100917431192662;0.2;48;0.02608695652173913;-0.4411764705882353;60;0.02654867256637168;-0.2631578947368421;56;0.07317073170731707;-0.09523809523809523;15;0.2978723404255319;0.034482758620689655;60;0.015037593984962405;-0.43209876543209874;69;0.11643835616438356;0.22388059701492538;0.24;0.325;0.28;0.22;0.2;0.075;0.24;0.175;0.3;0.3;0.595;0.34285714285714286;0.46428571428571436;0.31428571428571433;0.28571428571428575;0.34285714285714286;0.25;0.135;0.05;0.04;0.185;0.05;0.02;0.43;0.05;0.04;65;0.5846153846153846;0.19;377.0;0.07427055702917772;0.026525198938992044;0.10079575596816975;0.034703196347031964;0.1054382;-0.028827674567584883;0.022252191503708697;1.1320426112449566;0.05014749262536873;0.10903426791277258;1.131648434552999;0.1875530610319781;0.5012420645873585;0.15815622412365443;0.23847640077284019;0.10212531051614684;0.6033673751035054;3.83729529846804;1.2107765451664023;1.8256735340729;0.7818277865821448;4.619123085050185;3623.0;0.0424403183023872;0.29973474801061;0.3442922374429223;0.4801061007957559;0.580110497237569
Industrials-03;2018;France;Industrials;-0.0257;4.552737;0.0025634890795365;0.0058274784406795;0.0178747219568023;-1.0984300229007624;-0.5784438595868397;0.4068199591330482;1.1162;1.6088;200;1186;0.058673469387755105;0.06626980645315987;0.08418367346938775;0.025510204081632654;0.08536585365853659;0.12658227848101267;0.02;0.03;0.052083333333333336;0.08496732026143791;0.053475935828877004;0.09219858156028368;11;0.27586206896551724;0.25;31;0.08791208791208792;0.15;51;0.061224489795918366;0.09375;107;0.005747126436781609;0.0;18;0.13559322033898305;0.05263157894736842;18;0.06666666666666667;0.05263157894736842;102;0.05056179775280899;0.14942528735632185;62;0.02727272727272727;-0.02564102564102564;0.055;0.095;0.09;0.155;0.125;0.09;0.255;0.175;0.51;0.535;0.325;0.11827956989247312;0.24050632911392406;0.33333333333333337;0.3164556962025316;0.5483870967741936;0.4430379746835443;0.05;0.015;0.01;0.13;0.005;0.01;0.68;0.04;0.06;19;0.7368421052631579;0.07;129.0;0.015503875968992248;0.0;0.015503875968992248;0.0016863406408094434;0.014581945;-0.043478260869565216;0.01098901098901099;0.8214440121054907;0.057777777777777775;0.11214953271028037;0.6995675400661409;0.18474046572831732;0.13929618768328444;0.1739980449657869;0.6485826001955034;0.03812316715542522;0.1774193548387097;0.6341789052069425;0.792167334223409;2.952825990209168;0.1735647530040053;0.8077436582109478;2046.0;0.2403100775193798;0.3333333333333333;0.1087689713322091;0.4186046511627907;0.4814814814814814
Industrials-03;2019;France;Industrials;-0.0857;5.407562;0.0030174884545916;0.0048686682302724;-0.3427387256179373;-0.6433036092936383;-0.3989889044317072;-0.2898649117327743;0.3005;0.3551;200;1238;0.04938271604938271;0.05421747278284143;0.08641975308641975;0.037037037037037035;-0.1111111111111111;-0.07878787878787878;0.025;0.03;0.0525;-0.08536585365853659;0.05263157894736842;-0.05660377358490566;18;0.019230769230769232;0.0;33;0.1111111111111111;-0.06666666666666667;53;0.04;-0.17647058823529413;96;0.03867403314917127;-0.1388888888888889;29;0.11392405063291139;0.35135135135135137;22;0.16279069767441862;0.0;86;-0.00625;-0.35714285714285715;63;0.04065040650406504;-0.20689655172413793;0.09;0.18;0.145;0.165;0.13;0.11;0.265;0.19;0.43;0.48;0.425;0.17307692307692307;0.36;0.3173076923076923;0.26;0.5096153846153846;0.38;0.08;0.005;0.035;0.125;0.035;0.025;0.575;0.025;0.095;36;0.5;0.09;246.0;0.056910569105691054;0.012195121951219513;0.06910569105691057;0.013731825525040387;0.06660927;-0.09573612228479485;-0.03436426116838488;1.0969479852259159;-0.04819277108433735;0.032679738562091505;1.4488715519643354;0.19947089358958683;0.23609534619750283;0.22398789254634885;0.48656829360575105;0.053348467650397274;0.28944381384790013;1.276700220967346;1.2112284147638923;2.631148211801293;0.2884851460839676;1.5651853670513134;2643.0;0.2845528455284553;0.3861788617886179;0.1987075928917609;0.4430894308943089;0.4403669724770642
Industrials-03;2020;France;Industrials;-0.0407;5.446607;0.0035036518540474;0.0054546736992249;-0.0722786399368825;-0.6225152481445259;-0.2068202895810683;0.1359348346951034;0.5502;0.7216;200;1699;0.04834605597964377;0.051824593968670486;0.07888040712468193;0.030534351145038167;-0.1;-0.04807692307692308;0.025;0.045;0.047493403693931395;-0.06796116504854369;0.05405405405405406;0.005291005291005291;20;-0.04;-0.25925925925925924;43;0.13761467889908258;-0.06493506493506493;49;0.047619047619047616;0.1111111111111111;88;0.013333333333333334;-0.2112676056338028;31;0.0821917808219178;0.28888888888888886;19;0.14893617021276595;-0.125;75;0.0;-0.4426229508196721;75;0.04;-0.04878048780487805;0.1;0.22;0.155;0.215;0.085;0.095;0.245;0.14;0.375;0.44;0.385;0.17857142857142858;0.4943820224719101;0.3839285714285714;0.1910112359550562;0.43749999999999994;0.31460674157303375;0.08;0.005;0.025;0.155;0.02;0.04;0.595;0.03;0.05;44;0.4318181818181818;0.095;354.0;0.07909604519774012;0.03389830508474576;0.11299435028248589;0.02354326074161272;0.114445336;-0.05252317198764161;0.0027247956403269754;0.9804819939521672;0.026239067055393587;0.1069182389937107;1.3537661775058212;0.14472910805112973;0.30134048257372653;0.18445040214477212;0.4458445040214477;0.06836461126005362;0.36970509383378014;1.6412832381758975;1.0046288860009054;2.428339879970212;0.3723551830381262;2.013638421214024;3730.0;0.2231638418079096;0.3615819209039548;0.2083578575632725;0.4378531073446328;0.4580645161290322
Industrials-03;2021;France;Industrials;-0.0359;6.193589;0.004372496356253;0.0049207475751123;-0.0434295641309033;-0.2248066660498557;0.1366128950156074;-0.2520233334508996;0.1813;-0.0131;200;1394;0.08102345415778252;0.08046705331375349;0.11940298507462686;0.03837953091684435;-0.10121457489878542;-0.013333333333333334;0.035;0.06;0.07777777777777778;-0.05263157894736842;0.08237986270022883;0.054187192118226604;29;0.09876543209876543;0.1794871794871795;55;0.18620689655172415;-0.009900990099009901;50;0.019417475728155338;-0.41935483870967744;66;0.007142857142857143;-0.23684210526315788;44;0.11666666666666667;0.21568627450980393;23;0.10526315789473684;-0.09523809523809523;72;0.04666666666666667;-0.3939393939393939;61;0.07746478873239436;-0.06818181818181818;0.145;0.275;0.22;0.275;0.16;0.115;0.25;0.18;0.36;0.33;0.515;0.21641791044776115;0.4471544715447155;0.41044776119402987;0.2601626016260163;0.3731343283582089;0.2926829268292683;0.135;0.01;0.02;0.165;0.035;0.04;0.435;0.08;0.08;55;0.38181818181818183;0.105;390.0;0.08461538461538462;0.04871794871794872;0.13333333333333333;0.03730272596843615;0.13994743;-0.041740152851263965;0.01811367895065584;1.1629123978090732;-0.008356545961002786;0.0658682634730539;1.2700670595407437;0.18626922167021528;0.34505862646566166;0.17001675041876047;0.4103852596314908;0.0745393634840871;0.41959798994974873;2.137151156759;1.0530137981118373;2.541757443718228;0.4616661479406577;2.5988173046996574;3582.0;0.2512820512820513;0.4230769230769231;0.2797704447632712;0.5076923076923077;0.3939393939393939
Industrials-03;2022;France;Industrials;-0.0352;6.39854;0.0040841566360354;0.0051970421405874;-0.0392224072425314;-0.1156865378421016;0.0226391884333065;-0.0512638488526125;0.0765;0.0396;200;1797;0.05088495575221239;0.05747855026110084;0.11946902654867257;0.06858407079646017;-0.18181818181818182;-0.11026615969581749;0.04;0.08;0.04728132387706856;-0.1640625;0.05303030303030303;-0.09333333333333334;28;0.11494252873563218;0.0;41;0.1919191919191919;-0.014492753623188406;47;0.03;-0.2962962962962963;84;-0.05421686746987952;-0.30973451327433627;42;0.05555555555555555;-0.014084507042253521;19;0.14545454545454545;-0.09090909090909091;81;0.0196078431372549;-0.37037037037037035;58;0.0423728813559322;-0.1111111111111111;0.14;0.23;0.21;0.205;0.125;0.095;0.235;0.165;0.405;0.42;0.445;0.24137931034482762;0.4423076923076923;0.35344827586206895;0.24038461538461536;0.4051724137931035;0.3173076923076923;0.15;0.005;0.005;0.175;0.005;0.04;0.475;0.07;0.075;46;0.41304347826086957;0.095;489.0;0.10429447852760736;0.03885480572597137;0.14314928425357873;0.038953811908736785;0.14545761;-0.03137651821862348;0.029585798816568046;1.0494591249125451;-0.04904051172707889;0.02528735632183908;1.4651383262949238;0.1722893713063879;0.35930183056619835;0.18199233716475097;0.38143891017454234;0.0772669220945083;0.43656875266070666;2.299007123108563;1.164485243043733;2.4406521117361044;0.4943954891519007;2.7934026122604636;4698.0;0.2188139059304703;0.4560327198364008;0.2721202003338898;0.5316973415132924;0.3653846153846153
Industrials-03;2023;France;Industrials;-0.0235;6.921918;0.0053313984668286;0.0045525132815692;0.0310972150345428;0.1629706751557273;0.5156436706209689;-0.5195875066948584;-0.132;-0.6496;200;1623;0.08520179372197309;0.08745969250597761;0.10762331838565023;0.02242152466367713;-0.055793991416309016;-0.004524886877828055;0.02;0.04;0.08505747126436781;-0.0228310502283105;0.08767772511848342;0.06467661691542288;43;0.1694915254237288;0.2923076923076923;42;0.12096774193548387;-0.15294117647058825;50;0.05952380952380952;-0.4166666666666667;65;-0.016666666666666666;0.02857142857142857;56;0.16;0.2289156626506024;20;0.08064516129032258;0.034482758620689655;75;0.037037037037037035;-0.352112676056338;49;0.04040404040404041;-0.16;0.215;0.31;0.28;0.21;0.135;0.1;0.25;0.155;0.375;0.325;0.505;0.3185185185185185;0.5166666666666667;0.31111111111111106;0.22500000000000003;0.37037037037037035;0.25833333333333336;0.17;0.005;0.03;0.155;0.025;0.06;0.485;0.025;0.045;62;0.5645161290322581;0.175;523.0;0.09560229445506692;0.03824091778202677;0.1338432122370937;0.04313000616142945;0.137687;-0.022790439132851583;0.04085257548845471;1.1219452490718453;-0.02643171806167401;0.05741626794258373;1.4811157738829919;0.1986595831630568;0.3862569355527102;0.1677336747759283;0.35552710200597526;0.09048228766538625;0.4767392232180965;2.673638807645721;1.161038730833998;2.4609294218440723;0.6263109693048539;3.299949776950575;4686.0;0.260038240917782;0.4340344168260038;0.3222427603203943;0.5487571701720841;0.3728222996515679
Industrials-03;2024;France;Industrials;-0.1714;7.051518;0.0039341149541886;0.0055003666911127;-0.8578149332371906;0.2319723810060279;-0.0366686537502807;0.1691359998551349;-1.0899;-0.987;200;2040;0.06267029972752043;0.06355071522559393;0.08446866485013624;0.021798365122615803;-0.09644670050761421;-0.0481283422459893;0.03;0.045;0.062146892655367235;-0.09289617486338798;0.06051873198847262;-0.04819277108433735;30;0.015625;-0.2558139534883721;37;0.16883116883116883;-0.04918032786885246;44;0.02666666666666667;-0.03225806451612903;89;0.046357615894039736;-0.06451612903225806;44;0.13043478260869565;0.18840579710144928;19;0.15384615384615385;-0.25925925925925924;70;-0.008849557522123894;-0.3488372093023256;67;0.04878048780487805;-0.1724137931034483;0.15;0.26;0.22;0.185;0.135;0.095;0.22;0.165;0.35;0.445;0.47;0.2702702702702703;0.46428571428571425;0.33333333333333337;0.24107142857142858;0.39639639639639646;0.29464285714285715;0.14;0.01;0.015;0.12;0.03;0.005;0.56;0.03;0.09;52;0.4230769230769231;0.11;583.0;0.051457975986277875;0.0274442538593482;0.07890222984562607;0.022549019607843137;0.08207002;-0.1313220940550133;-0.06450071667462971;1.3898480662983426;-0.291005291005291;-0.15457413249211358;3.572474377745242;0.22768184545636375;0.31544207052284173;0.18342886920270973;0.3418447107868682;0.15928434948758033;0.4747264200104221;2.224345312461723;1.2934518997574778;2.4105239950025723;1.1231963940128855;3.3475417064746087;5757.0;0.0497427101200686;0.320754716981132;0.2857843137254902;0.3499142367066895;0.446078431372549
Health Care-03;2018;France;Health Care;0.5294;13.956171;0.0065876152832674;0.0054310930074677;3.3541501344357694;3.9081516657621673;1.012195747221901;0.118800775197779;-0.554;-1.0006;19;19;0.21739130434782608;0.19728569362474524;0.21739130434782608;0.0;0.4;0.47368421052631576;0.05263157894736842;0.05263157894736842;0.20454545454545456;0.4444444444444444;0.20454545454545456;0.4444444444444444;3;;;5;;;10;0.16666666666666666;0.6;1;;;7;;;4;;;5;;;3;;;0.15789473684210525;0.47368421052631576;0.3684210526315789;0.2631578947368421;0.5263157894736842;0.21052631578947367;0.5263157894736842;0.3157894736842105;0.2631578947368421;0.05263157894736842;0.7368421052631579;0.16666666666666666;0.35999999999999993;0.2777777777777778;0.39999999999999997;0.5555555555555556;0.23999999999999996;0.10526315789473684;0.0;0.0;0.05263157894736842;0.05263157894736842;0.15789473684210525;0.5263157894736842;0.05263157894736842;0.05263157894736842;9;0.8888888888888888;0.42105263157894735;9.0;0.0;0.0;0.0;0.0;0.028468993;0.4;0.47368421052631576;1.001001001001001;0.7142857142857143;0.7142857142857143;0.0;0.32179226069246436;0.4380165289256198;0.19008264462809918;0.15702479338842976;0.21487603305785125;0.6528925619834711;6.113033448673587;2.65282583621684;2.1914648212226067;2.9988465974625145;9.1118800461361;121.0;-0.1111111111111111;0.0;0.4736842105263157;0.5555555555555556;1.0
Health Care-03;2019;France;Health Care;-0.1669;7.551164;0.0032532532532532;0.0044172863137745;-0.830768924669085;0.4979941890405905;-0.3057967907512973;-0.6178453074285649;-1.3287;-1.4848;200;361;0.09292035398230089;0.09826680411279728;0.15265486725663716;0.059734513274336286;-0.16498316498316498;-0.11428571428571428;0.05;0.08;0.10138248847926268;-0.13768115942028986;0.11084905660377359;-0.06772908366533864;50;0.04132231404958678;-0.2876712328767123;91;0.15121951219512195;-0.1870967741935484;33;0.09210526315789473;0.16;26;-0.02;-0.3684210526315789;46;0.0784313725490196;-0.2459016393442623;60;0.16260162601626016;-0.14285714285714285;28;0.12903225806451613;0.20754716981132076;66;0.03636363636363636;-0.34782608695652173;0.25;0.31;0.23;0.455;0.315;0.3;0.165;0.14;0.14;0.13;0.64;0.28735632183908044;0.40522875816993464;0.5229885057471264;0.4117647058823529;0.1896551724137931;0.18300653594771243;0.09;0.015;0.09;0.34;0.075;0.05;0.18;0.12;0.04;62;0.6612903225806451;0.205;128.0;0.0546875;0.03125;0.0859375;0.030470914127423823;0.08270341;-0.1252408477842004;-0.07157464212678936;1.431980906921241;-0.27835051546391754;-0.2553191489361702;0.9652509652509653;0.22881543105352278;0.4485981308411215;0.37383177570093457;0.12064570943075616;0.05692438402718777;0.5055225148683092;3.387438249823571;2.8228652081863093;0.9110155899146724;0.4298453839738243;3.8172836337973957;1177.0;-0.1796875;0.28125;0.3545706371191136;0.375;0.5
Health Care-03;2020;France;Health Care;-0.1414;7.252931;0.0037820075640151;0.0044043021734273;-0.6775082094498207;0.3392088052377149;-0.0967930203951599;-0.6272797648873017;-1.0169;-1.2822;200;422;0.082039911308204;0.08838703468475004;0.14412416851441243;0.06208425720620843;-0.21454545454545454;-0.15953307392996108;0.055;0.08;0.09425287356321839;-0.18110236220472442;0.0997624703087886;-0.1013215859030837;55;0.06504065040650407;-0.4;106;0.08764940239043825;-0.1686746987951807;22;0.16326530612244897;0.05555555555555555;17;-0.03571428571428571;-0.6923076923076923;51;0.046296296296296294;-0.42857142857142855;59;0.13178294573643412;-0.22727272727272727;22;0.07407407407407407;-0.15555555555555556;68;0.06875;-0.09302325581395349;0.275;0.36;0.255;0.53;0.295;0.295;0.11;0.115;0.11;0.085;0.625;0.3005464480874317;0.4675324675324675;0.5792349726775956;0.3831168831168831;0.12021857923497267;0.14935064935064934;0.085;0.03;0.125;0.31;0.08;0.125;0.12;0.085;0.04;72;0.5972222222222222;0.215;147.0;0.05442176870748299;0.05442176870748299;0.10884353741496598;0.037914691943127965;0.10451345;-0.12897822445561138;-0.07801418439716312;1.3324181370371866;-0.17703349282296652;-0.15270935960591134;0.9137983551629607;0.20955542080234896;0.4680523479599692;0.3595073133179369;0.11316397228637413;0.059276366435719784;0.527328714395689;3.394751535455053;2.6074818537130096;0.8207705192629816;0.4299274148520379;3.824678950307091;1299.0;-0.1700680272108843;0.2789115646258503;0.3483412322274881;0.4557823129251701;0.5373134328358209
Health Care-03;2021;France;Health Care;-0.0254;7.242083;0.003857900659058;0.0047390753292555;0.019677789194676;0.3334331068961711;-0.0667943183796477;-0.3840289209706042;-0.3139;-0.4725;200;468;0.10970464135021098;0.11221046286796216;0.14978902953586498;0.04008438818565401;0.04693140794223827;0.09848484848484848;0.055;0.065;0.11894273127753303;0.1015625;0.12416851441241686;0.128;59;0.05384615384615385;-0.047619047619047616;95;0.15126050420168066;0.037037037037037035;24;0.14545454545454545;0.29411764705882354;22;0.0196078431372549;0.0;60;0.058823529411764705;0.014925373134328358;50;0.18518518518518517;0.125;25;0.07142857142857142;0.08333333333333333;65;0.1232876712328767;-0.024390243902439025;0.295;0.395;0.3;0.475;0.335;0.25;0.12;0.115;0.125;0.11;0.68;0.33146067415730335;0.4674556213017752;0.5337078651685393;0.39644970414201186;0.1348314606741573;0.13609467455621302;0.115;0.07;0.1;0.295;0.1;0.065;0.13;0.08;0.045;79;0.6582278481012658;0.26;184.0;0.05434782608695652;0.04891304347826087;0.10326086956521739;0.0405982905982906;0.09818903;0.035868005738880916;0.08571428571428572;1.1091854419410747;-0.19838056680161945;-0.16806722689075632;1.2090274046211713;0.20510277180801234;0.4460093896713615;0.3454057679409792;0.11334674714956405;0.09523809523809523;0.5412474849094567;3.2300369147075965;2.5014571595103945;0.8208665241888479;0.6897221682533514;3.919759082960948;1491.0;-0.0978260869565217;0.2445652173913043;0.3931623931623931;0.4728260869565217;0.6091954022988506
Health Care-03;2022;France;Health Care;-0.0243;7.747323;0.0041148602059654;0.0047525025254844;0.0262890357335463;0.6024332755983769;0.0347755658549962;-0.3742725329291626;-0.5764;-0.7809;200;559;0.11909650924024641;0.1269235630544549;0.15605749486652978;0.03696098562628337;-0.1076923076923077;-0.06752411575562701;0.04;0.055;0.12931034482758622;-0.09210526315789473;0.13333333333333333;-0.021739130434782608;48;0.12612612612612611;-0.03571428571428571;115;0.1695501730103806;0.014084507042253521;18;-0.023809523809523808;-0.5625;19;-0.08888888888888889;-0.75;59;0.09219858156028368;-0.13043478260869565;61;0.189873417721519;-0.037037037037037035;24;0.031746031746031744;-0.5;56;0.104;0.037037037037037035;0.24;0.39;0.295;0.575;0.32;0.305;0.09;0.09;0.12;0.095;0.65;0.26519337016574585;0.48750000000000004;0.6353591160220995;0.4;0.0994475138121547;0.1125;0.12;0.04;0.065;0.335;0.075;0.1;0.15;0.075;0.04;78;0.6794871794871795;0.265;226.0;0.04424778761061947;0.05752212389380531;0.10176991150442477;0.04114490161001788;0.11006978;0.01762114537444934;0.060849598163030996;1.0220712135023895;-0.21393034825870647;-0.17277486910994763;1.3596193065941535;0.1688630728257875;0.4481691593604951;0.32645693656523983;0.110881897885508;0.11449200618875709;0.5626611655492522;3.472111235416333;2.5291673325875017;0.8590378775771136;0.8870065526610196;4.359117788077352;1939.0;-0.0929203539823008;0.2876106194690265;0.404293381037567;0.4469026548672566;0.5346534653465347
Health Care-03;2023;France;Health Care;-0.0691;8.054331;0.0045959706016363;0.004834579534979;-0.2429690051222593;0.7658906499015332;0.2249468507148057;-0.314634233148754;-1.0089;-1.2787;200;615;0.11991869918699187;0.1231691779159918;0.1910569105691057;0.07113821138211382;-0.08670520231213873;-0.03951367781155015;0.04;0.07;0.13263157894736843;-0.06097560975609756;0.14316702819956617;0.04081632653061224;60;0.050314465408805034;-0.12871287128712872;92;0.20270270270270271;-0.08045977011494253;29;0.15151515151515152;0.13636363636363635;19;-0.08888888888888889;-0.3333333333333333;71;0.045714285714285714;-0.136;50;0.1968503937007874;0.03225806451612903;28;0.14705882352941177;-0.10714285714285714;51;0.13114754098360656;-0.1388888888888889;0.3;0.47;0.355;0.46;0.345;0.25;0.145;0.11;0.14;0.095;0.745;0.3314917127071823;0.5081081081081081;0.5082872928176796;0.372972972972973;0.1602209944751381;0.11891891891891893;0.17;0.045;0.085;0.29;0.055;0.11;0.105;0.105;0.035;94;0.5638297872340425;0.265;265.0;0.10566037735849057;0.026415094339622643;0.1320754716981132;0.056910569105691054;0.12492278;-0.029383886255924172;0.015873015873015872;1.1322572874006263;-0.27450980392156865;-0.23316062176165803;1.5058179329226558;0.14964662501280343;0.469119579500657;0.2952255803766973;0.11519929916776171;0.12045554095488392;0.589575120455541;3.778444170047627;2.377844417004763;0.927853236902452;0.9701887458105484;4.748632915858176;2283.0;-0.0943396226415094;0.3245283018867924;0.4308943089430894;0.4830188679245283;0.5
Health Care-03;2024;France;Health Care;-0.2052;9.537971;0.0044535715169359;0.0053552802299844;-1.060960508704294;1.5558111041279228;0.168659942046848;0.0637141537604816;-2.6166;-2.6691;200;1008;0.06272401433691756;0.06895673744994679;0.09498207885304659;0.03225806451612903;-0.13872832369942195;-0.04792332268370607;0.085;0.125;0.07017543859649122;-0.09615384615384616;0.0823045267489712;0.05384615384615385;56;0.05128205128205128;-0.07317073170731707;79;0.1187214611872146;0.07586206896551724;37;0.018867924528301886;-0.5833333333333334;28;-0.012987012987012988;-0.23404255319148937;77;0.03349282296650718;-0.034482758620689655;39;0.1271186440677966;0.21212121212121213;38;0.01680672268907563;-0.43529411764705883;46;0.09821428571428571;-0.26582278481012656;0.28;0.41;0.385;0.395;0.26;0.195;0.185;0.12;0.19;0.14;0.665;0.3255813953488372;0.5189873417721519;0.45930232558139533;0.32911392405063294;0.2151162790697674;0.1518987341772152;0.16;0.06;0.07;0.23;0.085;0.06;0.195;0.11;0.03;82;0.3902439024390244;0.16;455.0;0.05054945054945055;0.03736263736263736;0.0879120879120879;0.03968253968253968;0.09283478;-0.18684047175667287;-0.07355021216407355;3.1599884508036316;-0.2647058823529412;-0.06666666666666667;6.206981317600786;0.20698603302210802;0.4405784003615002;0.2562132851333032;0.13624039765024853;0.16696791685494802;0.6075463172164483;4.202223946211533;2.4437548487199376;1.2994569433669512;1.5925351262822172;5.7947590724937506;4426.0;-0.0813186813186813;0.2483516483516483;0.4513888888888889;0.3230769230769231;0.564625850340136
Industrials-02;2018;France;Industrials;0.1655;6.179807;0.0056729399992302;0.0041996343284177;1.167029574894973;-0.2321444863432881;0.6506467647845027;-0.7759942754580073;1.399;0.6857;200;1489;0.16455696202531644;0.15959495834157436;0.20253164556962025;0.0379746835443038;0.058419243986254296;0.1323529411764706;0.03;0.055;0.16919739696312364;0.13653136531365315;0.1864801864801865;0.2680851063829787;39;0.25961538461538464;0.475;61;0.2549019607843137;0.01639344262295082;48;0.06140350877192982;-0.1111111111111111;52;0.04854368932038835;-0.3584905660377358;51;0.2535211267605634;0.4174757281553398;31;0.21951219512195122;-0.11627906976744186;62;0.06206896551724138;-0.2222222222222222;56;0.14285714285714285;-0.08333333333333333;0.195;0.335;0.255;0.305;0.21;0.155;0.24;0.165;0.31;0.26;0.575;0.26351351351351354;0.47183098591549294;0.41216216216216217;0.2957746478873239;0.32432432432432434;0.2323943661971831;0.14;0.01;0.04;0.205;0.03;0.05;0.41;0.055;0.06;67;0.6865671641791045;0.23;525.0;0.07428571428571429;0.030476190476190476;0.10476190476190476;0.036937541974479515;0.10157969;0.15667998224589436;0.21265704979060027;0.9839353630153834;0.215;0.25906735751295334;0.7160759040458289;0.15609705466710314;0.3343934575193094;0.1837800999545661;0.3759654702407996;0.10586097228532486;0.44025442980463425;2.0664869721473496;1.135725516621743;2.323393980233603;0.6542003593890386;2.7206873315363884;4402.0;0.3733333333333333;0.3257142857142857;0.3525856279382136;0.5485714285714286;0.53125
Industrials-02;2019;France;Industrials;0.2314;6.431118;0.0056879720550578;0.0039416221865551;1.563103344814562;-0.0983413405180963;0.6565885723125429;-0.9634694960848712;1.6617;0.8516;200;1673;0.16778523489932887;0.16910905005947854;0.18624161073825504;0.018456375838926176;0.26126126126126126;0.30030959752321984;0.03;0.04;0.17271157167530224;0.310126582278481;0.17667844522968199;0.34201954397394135;37;0.26495726495726496;0.7183098591549296;80;0.2647058823529412;0.379746835443038;34;0.04395604395604396;-0.03225806451612903;49;0.013333333333333334;-0.3150684931506849;51;0.23026315789473684;0.47572815533980584;35;0.3595505617977528;0.7021276595744681;62;0.06382978723404255;-0.17647058823529413;52;0.12574850299401197;0.20408163265306123;0.185;0.37;0.255;0.4;0.25;0.175;0.17;0.135;0.31;0.245;0.64;0.24503311258278146;0.4900662251655629;0.5298013245033113;0.33112582781456956;0.2251655629139073;0.17880794701986755;0.145;0.01;0.035;0.235;0.045;0.09;0.38;0.035;0.025;74;0.6756756756756757;0.25;627.0;0.06379585326953748;0.03987240829346093;0.10366826156299841;0.038852361028093245;0.10651449;0.21893035782993459;0.2748490945674044;0.9990185081323613;0.3145780051150895;0.37433155080213903;0.8567252935544021;0.1481318353178306;0.3604838709677419;0.19314516129032258;0.3320564516129032;0.11431451612903226;0.4747983870967742;2.318314424635332;1.2421393841166937;2.1354943273905995;0.7351701782820097;3.053484602917342;4960.0;0.4066985645933014;0.3205741626794258;0.3747758517632995;0.5629984051036683;0.5410764872521246
Industrials-02;2020;France;Industrials;0.1787;6.965339;0.0056967572304995;0.004024264530965;1.2463645333614155;0.1860889087184274;0.6600611393501761;-0.9034204160706168;1.06;0.2783;200;1852;0.15526802218114602;0.16221920443550716;0.17929759704251386;0.024029574861367836;0.19637462235649547;0.2733118971061093;0.045;0.055;0.15517241379310345;0.2757475083056478;0.1575875486381323;0.314878892733564;43;0.24793388429752067;0.34065934065934067;63;0.22099447513812154;0.376;41;0.03669724770642202;-0.19047619047619047;53;0.07692307692307693;-0.0684931506849315;55;0.2360248447204969;0.29411764705882354;26;0.22077922077922077;0.2549019607843137;59;0.04195804195804196;-0.2222222222222222;60;0.14375;0.3707865168539326;0.215;0.325;0.275;0.315;0.275;0.13;0.205;0.16;0.295;0.265;0.635;0.2925170068027211;0.42763157894736836;0.4285714285714286;0.36184210526315785;0.2789115646258503;0.21052631578947364;0.16;0.015;0.02;0.255;0.015;0.065;0.335;0.08;0.055;65;0.6;0.195;689.0;0.06821480406386067;0.05370101596516691;0.12191582002902758;0.04535637149028078;0.12366702;0.15821917808219177;0.2218208092485549;1.1800417672678152;0.3050847457627119;0.37193763919821826;1.0211783510189585;0.1488317077683504;0.361890694239291;0.19021828327589035;0.31921877564418183;0.1286722468406368;0.49056294107992776;2.5206913896383005;1.3249348392701998;2.2234670080936483;0.8962458274269515;3.416937217065252;6093.0;0.4150943396226415;0.3657474600870827;0.3720302375809935;0.5820029027576198;0.4812967581047381
Industrials-02;2021;France;Industrials;0.1918;7.65269;0.0067531975591422;0.0038967903723463;1.325098469415234;0.5520487198134116;1.077646409765191;-0.9960449175330112;0.7731;-0.2638;200;2076;0.17777777777777778;0.18372274545522838;0.22735042735042735;0.04957264957264957;0.2413793103448276;0.27520435967302453;0.04;0.05;0.1786339754816112;0.27019498607242337;0.1881720430107527;0.30835734870317005;61;0.16071428571428573;0.4745762711864407;70;0.2818181818181818;0.24096385542168675;30;0.04;0.0;39;0.09836065573770492;-0.07462686567164178;76;0.18584070796460178;0.2682926829268293;28;0.28378378378378377;0.43333333333333335;50;0.006993006993006993;-0.375;46;0.28169014084507044;0.5056179775280899;0.305;0.45;0.38;0.35;0.31;0.14;0.15;0.185;0.25;0.195;0.735;0.37888198757763975;0.47619047619047616;0.4347826086956521;0.328042328042328;0.18633540372670807;0.19576719576719576;0.225;0.015;0.025;0.19;0.035;0.115;0.295;0.065;0.035;90;0.6444444444444445;0.29;917.0;0.062159214830970554;0.061068702290076333;0.12322791712104689;0.05443159922928709;0.12726982;0.17592323349810993;0.2363191684500153;1.2164393083673648;0.28104575163398693;0.3470790378006873;1.2200081333875559;0.15113891996213843;0.3983489576045893;0.1835735273541346;0.2672449979012173;0.15083251714005877;0.5491814747446481;3.0484409799554566;1.4048312489292445;2.045143052938153;1.1542744560561933;4.202715436011649;7147.0;0.3696837513631407;0.321701199563795;0.4417148362235067;0.5866957470010905;0.5594795539033457
Industrials-02;2022;France;Industrials;0.2065;7.803223;0.0065728387821922;0.0041351564688208;1.4134487640710451;0.6321955854520175;1.0063549542968466;-0.8228447874774285;0.7813;-0.1333;200;2478;0.15853658536585366;0.1572181112397977;0.18902439024390244;0.03048780487804878;0.1780821917808219;0.2463768115942029;0.04;0.05;0.16348195329087048;0.2537313432835821;0.16916488222698073;0.31746031746031744;58;0.16363636363636364;0.358974358974359;69;0.24855491329479767;0.3225806451612903;28;0.05;0.23809523809523808;45;0.05319148936170213;-0.30434782608695654;72;0.20812182741116753;0.3620689655172414;22;0.1774193548387097;0.17647058823529413;50;0.03636363636363636;-0.07407407407407407;56;0.17886178861788618;0.07042253521126761;0.29;0.43;0.36;0.345;0.245;0.11;0.14;0.15;0.25;0.225;0.68;0.37419354838709673;0.5212121212121211;0.4451612903225806;0.29696969696969694;0.1806451612903226;0.1818181818181818;0.215;0.005;0.03;0.21;0.04;0.055;0.335;0.065;0.045;86;0.627906976744186;0.27;1139.0;0.07111501316944688;0.06057945566286216;0.13169446883230904;0.06053268765133172;0.13411024;0.1849798387096774;0.24820812317494026;1.205310562358331;0.3384853168469861;0.39228295819935693;0.8445090024659663;0.15075497160899345;0.4376430205949657;0.16235697940503432;0.2517162471395881;0.1482837528604119;0.5859267734553776;3.4150261149055847;1.2669077273336014;1.9641980268738004;1.157091201285657;4.572117316191242;8740.0;0.3467954345917471;0.3336259877085162;0.4596448748991122;0.5785776997366111;0.5371775417298937
Industrials-02;2023;France;Industrials;0.2102;8.057846;0.0061779320285237;0.0037933722042994;1.435686593338154;0.7677621082044949;0.850257880900143;-1.0711900007505653;0.6678;-0.2929;200;2490;0.1811175337186898;0.18538130684854437;0.22736030828516376;0.046242774566473986;0.23867069486404835;0.30990415335463256;0.045;0.055;0.18421052631578946;0.3201320132013201;0.1885245901639344;0.3680555555555556;66;0.16201117318435754;0.2815533980582524;72;0.263681592039801;0.38372093023255816;26;0.1016949152542373;-0.2222222222222222;36;0.075;-0.3157894736842105;98;0.2153846153846154;0.3411764705882353;31;0.22580645161290322;0.2463768115942029;33;0.0379746835443038;-0.12;38;0.16091954022988506;0.1044776119402985;0.33;0.525;0.49;0.36;0.235;0.155;0.13;0.13;0.165;0.18;0.765;0.4024390243902439;0.5898876404494382;0.43902439024390244;0.2640449438202247;0.15853658536585366;0.14606741573033707;0.32;0.02;0.015;0.19;0.035;0.095;0.225;0.055;0.045;105;0.6952380952380952;0.365;1218.0;0.07142857142857142;0.047619047619047616;0.11904761904761904;0.05823293172690763;0.122579716;0.1879907621247113;0.255859375;1.3866831014293504;0.34763948497854075;0.39762611275964393;0.7358568316948254;0.16758911218318684;0.4465246395523994;0.17021734452334839;0.23337637185280827;0.14988164407144394;0.5964062836238433;3.598026720767117;1.3715851258442358;1.8805108330949096;1.2077231860309865;4.805749906798104;9294.0;0.2980295566502463;0.3144499178981937;0.4891566265060241;0.5665024630541872;0.5652173913043478
Industrials-02;2024;France;Industrials;0.0919;7.954929;0.0055822335956059;0.0043590994689237;0.7246770792032923;0.7129669804190367;0.6147927207283834;-0.6601246803961877;0.0119;-0.6255;200;3054;0.13644214162348878;0.1353354972878886;0.18134715025906736;0.044905008635578586;0.10052910052910052;0.18181818181818182;0.05;0.1;0.13553113553113552;0.14534883720930233;0.16122840690978887;0.3096085409252669;64;0.14027149321266968;0.18055555555555555;60;0.2611464968152866;0.20588235294117646;32;0.04807692307692308;0.1111111111111111;44;0.020618556701030927;-0.3225806451612903;67;0.1703056768558952;0.2549019607843137;28;0.27631578947368424;0.013333333333333334;49;-0.0078125;-0.30434782608695654;56;0.136986301369863;0.11538461538461539;0.32;0.43;0.335;0.3;0.165;0.14;0.16;0.12;0.245;0.22;0.63;0.41025641025641024;0.6013986013986015;0.3846153846153846;0.23076923076923078;0.20512820512820512;0.16783216783216784;0.22;0.015;0.06;0.195;0.05;0.06;0.315;0.055;0.03;86;0.5697674418604651;0.245;1468.0;0.06335149863760219;0.04223433242506812;0.1055858310626703;0.05075311067452521;0.10930981;0.08185192420394609;0.1624685138539043;1.656594880888495;0.14955357142857142;0.2988650693568726;3.0571055443428707;0.13586196050599428;0.45648139966422197;0.15136520279225943;0.23036140319872758;0.16179199434479102;0.618273394009013;3.6312770623629302;1.2040994207951414;1.832508575605916;1.2870438058820222;4.918320868244953;11317.0;0.1689373297002724;0.2929155313351498;0.4806810740013097;0.5204359673024523;0.5759162303664922
Energy-01;2018;France;Energy;-0.1967;6.069976;0.0050031886786722;0.0050039547384223;-1.009873603631206;-0.2906207699485691;0.385910292005828;-0.191563848146634;-0.719;-1.0078;200;1704;0.14347826086956522;0.1410108815068784;0.15434782608695652;0.010869565217391304;-0.04424778761061947;0.0;0.015;0.05;0.14634146341463414;-0.02262443438914027;0.1543778801843318;0.19337016574585636;36;0.25287356321839083;0.40425531914893614;50;0.1826086956521739;0.0;34;0.015625;-0.4166666666666667;80;0.1134020618556701;-0.2345679012345679;52;0.23308270676691728;0.6065573770491803;26;0.20634920634920634;-0.023255813953488372;60;0.0;-0.6610169491525424;62;0.14965986394557823;-0.1111111111111111;0.18;0.36;0.26;0.25;0.185;0.13;0.17;0.16;0.3;0.4;0.59;0.3;0.5106382978723404;0.4166666666666667;0.2624113475177305;0.2833333333333334;0.2269503546099291;0.15;0.02;0.035;0.18;0.01;0.025;0.38;0.065;0.135;72;0.5138888888888888;0.185;617.0;0.02593192868719611;0.0032414910858995136;0.02917341977309562;0.01056338028169014;0.030371185;-0.19224724986904138;-0.11328349626221966;1.6463615409944024;-0.21951219512195122;-0.1676300578034682;1.1141251695407868;0.16661555099998385;0.39317507418397624;0.20079129574678536;0.35410484668644904;0.05192878338278932;0.44510385756676557;2.3865631988952765;1.2187983128949462;2.149407862149708;0.3152064602314516;2.701769659126728;4044.0;0.1539708265802269;0.3873581847649919;0.3620892018779342;0.4457050243111831;0.4181818181818181
Energy-01;2019;France;Energy;-0.2013;6.02087;0.0052509529013513;0.0048060323992873;-1.037520634611936;-0.3167658144507667;0.4838454873230511;-0.33537698007305;-0.7209;-1.1305;200;1890;0.06365503080082136;0.057728283703939134;0.09650924024640657;0.03285420944558522;-0.1796875;-0.11392405063291139;0.04;0.07;0.06926406926406926;-0.14042553191489363;0.08295964125560538;-0.024875621890547265;39;0.1839080459770115;0.3;52;0.1347517730496454;-0.13636363636363635;26;0.0;-0.6296296296296297;83;-0.02040816326530612;-0.2871287128712871;51;0.16363636363636364;0.2830188679245283;30;0.1;-0.42857142857142855;53;-0.020134228187919462;-0.3939393939393939;66;0.05405405405405406;-0.13580246913580246;0.195;0.35;0.255;0.26;0.2;0.15;0.13;0.115;0.265;0.415;0.565;0.33333333333333337;0.5263157894736842;0.4444444444444445;0.3007518796992481;0.22222222222222224;0.17293233082706766;0.175;0.0;0.02;0.215;0.015;0.055;0.32;0.06;0.14;70;0.37142857142857144;0.13;732.0;0.036885245901639344;0.00819672131147541;0.045081967213114756;0.01746031746031746;0.04790331;-0.19357495881383854;-0.11682453766350925;1.6273581267642567;-0.27007299270072993;-0.23954372623574144;0.7255936675461742;0.1046831195017194;0.4376835921107847;0.21254720939991606;0.3029794376835921;0.04678976080570709;0.4844733529164918;2.6352358573991257;1.2797190429268046;1.8241997018620983;0.2817150509108366;2.9169509083099623;4766.0;0.1871584699453552;0.4412568306010929;0.3873015873015873;0.4904371584699453;0.3565459610027855
Energy-01;2020;France;Energy;-0.2179;6.719484;0.0065859468660961;0.0046565899931933;-1.137290355107614;0.0551906495222414;1.0115362623302648;-0.443963916529711;-1.1928;-1.9205;200;2269;0.05162523900573614;0.05874602425394733;0.09369024856596558;0.04206500956022945;-0.2320675105485232;-0.16129032258064516;0.045;0.08;0.05421686746987952;-0.2088888888888889;0.07291666666666667;-0.06593406593406594;55;0.13768115942028986;-0.13793103448275862;56;0.10052910052910052;0.08860759493670886;21;0.0;-0.6;68;-0.0763888888888889;-0.5142857142857142;66;0.11180124223602485;-0.0410958904109589;28;0.07339449541284404;0.0;40;0.0;-0.5384615384615384;66;0.005952380952380952;-0.4246575342465753;0.275;0.375;0.33;0.28;0.205;0.14;0.105;0.07;0.2;0.34;0.565;0.4166666666666667;0.576923076923077;0.42424242424242425;0.31538461538461543;0.1590909090909091;0.10769230769230771;0.195;0.05;0.035;0.19;0.02;0.05;0.255;0.07;0.135;75;0.5466666666666666;0.205;979.0;0.056179775280898875;0.06128702757916241;0.11746680286006128;0.050683120317320404;0.11895447;-0.20530229550598125;-0.12495550017799929;1.6966670052035104;-0.3333333333333333;-0.2779552715654952;1.4666892311163762;0.09576261114772519;0.5096069868995633;0.19286754002911208;0.25487627365356624;0.04264919941775837;0.5522561863173217;3.4242957746478875;1.2959702660406889;1.7126369327073552;0.2865805946791862;3.7108763693270737;6870.0;0.229826353421859;0.5250255362614913;0.4314676068752754;0.5628192032686414;0.3012704174228675
Energy-01;2021;France;Energy;-0.1611;8.115746;0.0076868475268779;0.0045129120680949;-0.7959096247368602;0.7985892591978004;1.4466956250207303;-0.548362300701052;-1.5946;-2.5922;200;2933;0.06157112526539278;0.0678110709868672;0.11040339702760085;0.04883227176220807;-0.21367521367521367;-0.11538461538461539;0.045;0.065;0.06531531531531531;-0.14285714285714285;0.07888631090487239;-0.028901734104046242;65;0.11764705882352941;0.04918032786885246;53;0.034482758620689655;-0.2926829268292683;28;0.0;-0.4666666666666667;54;0.05042016806722689;-0.17391304347826086;74;0.12429378531073447;0.0;24;0.06060606060606061;-0.3333333333333333;42;-0.011904761904761904;-0.40350877192982454;60;0.027777777777777776;-0.19230769230769232;0.325;0.435;0.37;0.265;0.18;0.12;0.14;0.1;0.21;0.27;0.635;0.44520547945205474;0.6083916083916084;0.36301369863013694;0.2517482517482518;0.1917808219178082;0.13986013986013987;0.295;0.005;0.03;0.15;0.02;0.115;0.235;0.065;0.085;87;0.5862068965517241;0.255;1530.0;0.08431372549019608;0.08823529411764706;0.17254901960784313;0.09001022843504944;0.17365392;-0.1532135242156564;-0.07178631051752922;1.5535991714137751;-0.2025518341307815;-0.13194444444444445;1.3998682476943347;0.16425016230253192;0.6028639126403627;0.1518491810033996;0.1934686308849284;0.051818275471309364;0.654682188111672;4.892690227160617;1.2323693429314335;1.570142215756603;0.4205439480966833;5.313234175257301;9707.0;0.3111111111111111;0.5647058823529412;0.5216501875213092;0.5947712418300654;0.2956043956043956
Energy-01;2022;France;Energy;-0.1645;8.116148;0.0087400690350668;0.0045071627111396;-0.8163443867660956;0.7988032922668737;1.863008573683923;-0.5525398636478112;-1.6149;-2.8227;200;3075;0.08541666666666667;0.0912539005279541;0.12708333333333333;0.041666666666666664;0.0;0.14450867052023122;0.085;0.1;0.10232558139534884;0.0641025641025641;0.1018957345971564;0.19117647058823528;68;0.1564245810055866;0.10344827586206896;44;0.09401709401709402;-0.14285714285714285;29;0.07462686567164178;0.08571428571428572;59;-0.02564102564102564;0.02857142857142857;83;0.1324200913242009;0.1891891891891892;23;0.13846153846153847;-0.12;36;0.0625;0.08108108108108109;58;-0.017241379310344827;-0.2972972972972973;0.34;0.46;0.415;0.22;0.195;0.115;0.145;0.085;0.18;0.295;0.66;0.48226950354609927;0.6216216216216216;0.31205673758865243;0.26351351351351354;0.2056737588652482;0.11486486486486487;0.315;0.015;0.045;0.135;0.02;0.05;0.25;0.06;0.11;92;0.532608695652174;0.245;1616.0;0.07920792079207921;0.06930693069306931;0.14851485148514854;0.07804878048780489;0.1539;-0.14107514107514108;-0.05828720286551612;1.527828676724872;-0.27399165507649514;-0.20909090909090908;1.4709182019894793;0.1715244815052384;0.5847143692727628;0.16055761356989667;0.1905829596412556;0.06414505751608501;0.6488594267888478;4.745628609858374;1.3031094232138618;1.5467995885750456;0.5206108078170741;5.266239417675449;10258.0;0.3180693069306931;0.5464108910891089;0.5255284552845528;0.5983910891089109;0.2998965873836608
Energy-01;2023;France;Energy;-0.1674;7.99118;0.0085777157287771;0.0044412890629727;-0.8337740367322078;0.7322677584960371;1.798834244598172;-0.6004045751084154;-1.5658;-2.7655;200;3175;0.1044776119402985;0.11033777590753681;0.13432835820895522;0.029850746268656716;-0.18032786885245902;-0.11504424778761062;0.035;0.065;0.10467706013363029;-0.17543859649122806;0.11320754716981132;-0.04081632653061224;62;0.15441176470588236;-0.06666666666666667;46;0.08695652173913043;-0.24;18;0.09302325581395349;-0.05263157894736842;74;0.07894736842105263;-0.23076923076923078;79;0.13125;-0.10144927536231885;27;0.04081632653061224;-0.4473684210526316;36;0.10666666666666667;0.0;58;0.11764705882352941;-0.046153846153846156;0.31;0.465;0.395;0.23;0.165;0.135;0.09;0.08;0.18;0.37;0.62;0.49206349206349204;0.6549295774647887;0.3650793650793651;0.23239436619718312;0.14285714285714285;0.11267605633802817;0.27;0.03;0.045;0.145;0.06;0.05;0.235;0.06;0.105;93;0.4946236559139785;0.23;1714.0;0.07701283547257877;0.057759626604434074;0.13477246207701285;0.07275590551181103;0.14179565;-0.13630155695165255;-0.05158968206358728;1.6047189533502801;-0.30117647058823527;-0.2413793103448276;1.518344777573821;0.17800250906611914;0.5725376484893836;0.16593396314657188;0.19193714339163784;0.0695912449724067;0.6421288934617903;4.575251336098965;1.3260081474006802;1.5338042381432897;0.5561161565197892;5.131367492618755;10691.0;0.3261376896149358;0.5519253208868145;0.5398425196850394;0.5775962660443408;0.2717171717171717
Energy-01;2024;France;Energy;-0.2022;8.4218;0.0089699161647649;0.0049135312908149;-1.0429298363255568;0.9615387042773366;1.9538615761742968;-0.2572667862628365;-2.0042;-3.1098;200;3340;0.038288288288288286;0.04653300036181201;0.06756756756756757;0.02927927927927928;-0.23478260869565218;-0.1497584541062802;0.04;0.06;0.042352941176470586;-0.1782178217821782;0.045563549160671464;-0.08791208791208792;76;0.09659090909090909;0.24242424242424243;41;-0.018691588785046728;-0.3972602739726027;22;0.022727272727272728;-0.4782608695652174;61;0.008547008547008548;-0.4411764705882353;90;0.07881773399014778;0.1566265060240964;30;-0.02564102564102564;-0.34375;36;-0.014705882352941176;-0.7714285714285715;44;0.042105263157894736;-0.375;0.38;0.48;0.45;0.205;0.18;0.15;0.11;0.095;0.18;0.305;0.63;0.5467625899280576;0.6357615894039735;0.2949640287769784;0.2384105960264901;0.15827338129496404;0.12582781456953646;0.295;0.03;0.045;0.135;0.04;0.025;0.285;0.075;0.07;96;0.4895833333333333;0.235;1872.0;0.09401709401709402;0.04487179487179487;0.1388888888888889;0.07784431137724551;0.14180401;-0.18106139438085328;-0.09773574089997134;1.747726724464728;-0.28407908428720086;-0.18386714116251482;2.310327949094469;0.2009276306472171;0.5768701633705933;0.15184866723989682;0.1812553740326741;0.09002579535683577;0.666895958727429;4.858284936347705;1.278839051660463;1.5264964444508813;0.758179211261894;5.6164641476096;11630.0;0.2751068376068376;0.530982905982906;0.5604790419161677;0.5379273504273504;0.2581926514399205
Industrials-04;2018;France;Industrials;-0.1079;5.045458;0.003190453500176;0.0041798511930214;-0.476165701220591;-0.8360952273122902;-0.3306200118644226;-0.7903689775411841;0.3597;0.1298;200;939;0.11654676258992806;0.11056195814832509;0.15683453237410072;0.04028776978417266;-0.11239193083573487;-0.0581039755351682;0.035;0.055;0.11951588502269289;-0.09206349206349207;0.12153846153846154;-0.03728813559322034;49;0.13846153846153847;0.18681318681318682;59;0.14285714285714285;0.030303030303030304;37;0.047619047619047616;-0.29411764705882354;55;0.0898876404494382;-0.5555555555555556;53;0.13274336283185842;0.16326530612244897;41;0.1320754716981132;-0.06382978723404255;60;0.05917159763313609;-0.4945054945054945;46;0.14184397163120568;-0.0625;0.245;0.31;0.265;0.295;0.27;0.205;0.185;0.14;0.3;0.275;0.64;0.3379310344827586;0.4305555555555555;0.40689655172413786;0.375;0.2551724137931034;0.19444444444444445;0.125;0.05;0.06;0.275;0.01;0.06;0.35;0.045;0.025;62;0.5806451612903226;0.18;307.0;0.03908794788273615;0.006514657980456026;0.04560260586319218;0.014909478168264111;0.045516286;-0.0711139081183134;-0.02186878727634195;0.9536183857624775;-0.4691358024691358;-0.4304635761589404;1.139542111260748;0.10319208073206192;0.3641102010424423;0.2654504839910648;0.3052866716306776;0.06515264333581534;0.4292628443782576;1.8371027124502213;1.3393192576452024;1.54031106769855;0.3287249229844466;2.1658276354346677;2686.0;0.263843648208469;0.4560260586319218;0.3269435569755058;0.5863192182410424;0.3666666666666666
Industrials-04;2019;France;Industrials;-0.0378;5.537436;0.0040056907041741;0.0040998106178851;-0.0548489899707701;-0.574156020207204;-0.0083764936514206;-0.8485275757158779;0.5193;0.0993;200;987;0.13787638668779714;0.14622443149282513;0.17591125198098256;0.03803486529318542;0.09037900874635568;0.16875;0.04;0.08;0.1490066225165563;0.11875;0.1552901023890785;0.2971014492753623;49;0.16477272727272727;0.35555555555555557;79;0.16981132075471697;0.19298245614035087;36;0.03409090909090909;-0.3939393939393939;36;0.09803921568627451;-0.42857142857142855;49;0.16847826086956522;0.25274725274725274;49;0.17587939698492464;0.25547445255474455;42;0.06542056074766354;-0.5555555555555556;60;0.09929078014184398;-0.02857142857142857;0.245;0.33;0.245;0.395;0.305;0.245;0.18;0.105;0.21;0.18;0.64;0.29878048780487804;0.445945945945946;0.4817073170731707;0.41216216216216217;0.2195121951219512;0.14189189189189189;0.145;0.02;0.05;0.26;0.02;0.115;0.305;0.07;0.015;66;0.6818181818181818;0.225;362.0;0.04696132596685083;0.022099447513812154;0.06906077348066297;0.02532928064842958;0.071820594;-0.004204204204204204;0.05136334812935954;1.0433215564460674;-0.33689839572192515;-0.2914285714285714;1.0207553589656344;0.12232835945141621;0.3880890052356021;0.2755235602094241;0.2892670157068063;0.04712041884816754;0.4352094240837696;2.14901790244256;1.525693991447416;1.601797492208451;0.2609262883235486;2.4099441907661086;3056.0;0.3314917127071823;0.4834254143646408;0.3667679837892604;0.6215469613259669;0.3333333333333333
Industrials-04;2020;France;Industrials;-0.0889;5.676027;0.0034861893268972;0.0041488211480919;-0.3619714428219235;-0.5003673210135384;-0.2137228035465215;-0.8129158409454585;0.1383;-0.1613;200;1237;0.0734375;0.07468224167823792;0.115625;0.0421875;-0.2072072072072072;-0.1724137931034483;0.035;0.045;0.0749185667752443;-0.2;0.07755775577557755;-0.18120805369127516;72;0.0842911877394636;-0.09090909090909091;61;0.09090909090909091;-0.19727891156462585;30;0.09333333333333334;-0.2777777777777778;37;-0.0410958904109589;-0.6551724137931034;65;0.09504132231404959;-0.08943089430894309;34;0.10526315789473684;-0.18681318681318682;42;0.038461538461538464;-0.47619047619047616;59;0.037267080745341616;-0.2727272727272727;0.36;0.43;0.325;0.305;0.245;0.17;0.15;0.105;0.21;0.185;0.685;0.4417177914110429;0.5512820512820512;0.3742331288343558;0.3141025641025641;0.18404907975460122;0.1346153846153846;0.14;0.075;0.08;0.235;0.03;0.065;0.29;0.05;0.035;86;0.7093023255813954;0.305;541.0;0.06839186691312385;0.014787430683918669;0.08317929759704251;0.03637833468067906;0.08556405;-0.0737134909596662;-0.015278462296697881;1.1837821840781297;-0.24074074074074073;-0.17587939698492464;1.5201645354556022;0.093729832119419;0.4587085155647029;0.25443786982248523;0.2392590686905068;0.047594545922305116;0.506303061487008;2.603641886070589;1.444196200405952;1.3580409164585798;0.2701479242417605;2.8737898103123496;3887.0;0.310536044362292;0.4417744916820702;0.4373484236054972;0.6451016635859519;0.3925501432664756
Industrials-04;2021;France;Industrials;-0.0837;5.656907;0.0045606885072142;0.0042876091181097;-0.330718277365446;-0.5105472023087371;0.2110006934727971;-0.712070566333168;0.1798;-0.2818;200;1351;0.1044776119402985;0.10348277305489156;0.1417910447761194;0.03731343283582089;-0.0273224043715847;0.02005730659025788;0.045;0.065;0.098256735340729;-0.046153846153846156;0.11074918566775244;0.029900332225913623;73;0.13414634146341464;0.14563106796116504;68;0.1388888888888889;0.13333333333333333;18;0.043478260869565216;-0.28;41;-0.05555555555555555;-0.7241379310344828;70;0.13580246913580246;-0.02654867256637168;48;0.12663755458515283;0.09090909090909091;25;0.0;-0.46153846153846156;57;0.0625;0.07246376811594203;0.365;0.465;0.35;0.34;0.29;0.24;0.09;0.07;0.125;0.205;0.72;0.45911949685534587;0.5636363636363637;0.4276729559748428;0.3515151515151515;0.11320754716981131;0.08484848484848487;0.19;0.055;0.07;0.255;0.01;0.1;0.205;0.06;0.055;93;0.6881720430107527;0.32;608.0;0.08388157894736842;0.024671052631578948;0.10855263157894737;0.04885270170244264;0.10875847;-0.07378074197582327;-0.020713970912296167;1.117827630979303;-0.18777292576419213;-0.08823529411764706;1.868600044846401;0.10317252228631359;0.4852871381110584;0.23588039867109634;0.22116753678215473;0.05766492643569056;0.5429520645467489;2.745224383499121;1.3343535634220665;1.2511242667096236;0.326205146792316;3.0714295302914367;4214.0;0.3453947368421052;0.5180921052631579;0.4500370096225018;0.649671052631579;0.2936708860759494
Industrials-04;2022;France;Industrials;-0.0787;6.021037;0.005810665230272;0.0043428555495141;-0.3006671567342177;-0.3166769002156049;0.7050862123219044;-0.6719277387839966;0.0163;-0.6722;200;1494;0.09339774557165861;0.09530643334135341;0.12721417069243157;0.033816425120772944;-0.07331378299120235;-0.018633540372670808;0.035;0.055;0.09747899159663866;-0.06289308176100629;0.10051993067590988;0.02158273381294964;67;0.12955465587044535;0.12605042016806722;65;0.08695652173913043;-0.08064516129032258;23;0.03333333333333333;-0.4117647058823529;45;0.056074766355140186;-0.25;70;0.12890625;0.031746031746031744;36;0.061946902654867256;-0.3493975903614458;32;0.03260869565217391;-0.627906976744186;62;0.09375;0.30337078651685395;0.335;0.425;0.35;0.325;0.235;0.18;0.115;0.095;0.16;0.225;0.67;0.432258064516129;0.5629139072847683;0.41935483870967744;0.3112582781456954;0.14838709677419354;0.12582781456953646;0.17;0.055;0.08;0.265;0.01;0.07;0.25;0.025;0.075;85;0.6588235294117647;0.28;718.0;0.07799442896935933;0.020891364902506964;0.0988857938718663;0.04752342704149933;0.10074555;-0.07744616547034379;-0.023980815347721823;1.0968312922185492;-0.0945273631840796;0.0055248618784530384;1.776988005330964;0.07845720579419187;0.5148594377510041;0.21044176706827308;0.19919678714859437;0.07550200803212852;0.5903614457831325;3.099987909563535;1.2670777415064682;1.1993712973038326;0.4546004110748398;3.554588320638375;4980.0;0.3245125348189415;0.5055710306406686;0.4805890227576974;0.6197771587743732;0.2898876404494382
Industrials-04;2023;France;Industrials;-0.0648;6.18271;0.0063941191171361;0.0041476723085969;-0.2171250413794029;-0.2305988694290642;0.9357114000538634;-0.8137506037447588;0.0136;-0.8611;200;1627;0.12195121951219512;0.11975985537007296;0.15853658536585366;0.036585365853658534;-0.08446866485013624;-0.02040816326530612;0.065;0.085;0.12987012987012986;-0.06134969325153374;0.1360153256704981;-0.0410958904109589;77;0.15879828326180256;0.04424778761061947;52;0.1566265060240964;-0.031055900621118012;32;0.0;-0.7435897435897436;39;0.06542056074766354;-0.037037037037037035;76;0.13513513513513514;-0.04132231404958678;28;0.12631578947368421;-0.044444444444444446;39;0.02;-0.5185185185185185;57;0.16560509554140126;0.058823529411764705;0.385;0.455;0.38;0.26;0.19;0.14;0.16;0.095;0.195;0.195;0.66;0.47826086956521735;0.6148648648648649;0.32298136645962733;0.25675675675675674;0.19875776397515527;0.12837837837837837;0.225;0.05;0.06;0.21;0.02;0.07;0.27;0.05;0.045;91;0.6263736263736264;0.285;766.0;0.08093994778067885;0.0391644908616188;0.12010443864229765;0.05654578979717271;0.12069682;-0.04836415362731152;0.011720226843100189;1.160455565669972;-0.22336769759450173;-0.15985130111524162;1.5436429974740387;0.09011070997274928;0.536524379353456;0.19557063761385962;0.1853902482586176;0.0825147347740668;0.6190391141275228;3.317174438763679;1.209156461533365;1.146214070385053;0.5101646440442142;3.8273390828078933;5599.0;0.3446475195822454;0.5378590078328982;0.4708051628764597;0.6501305483028721;0.2931726907630522
Industrials-04;2024;France;Industrials;-0.0805;6.83376;0.0069134790061446;0.0041118518081529;-0.3114855601614599;0.1160335425604279;1.1410017830639416;-0.8397782789356583;-0.4275;-1.4179;200;1696;0.09724473257698542;0.0999387064088299;0.13452188006482982;0.03727714748784441;-0.03804347826086957;0.023121387283236993;0.05;0.08;0.1001727115716753;-0.026706231454005934;0.11171171171171171;0.10320284697508897;59;0.11946902654867257;0.20754716981132076;66;0.1308411214953271;-0.03529411764705882;35;0.08139534883720931;-0.11627906976744186;40;-0.02197802197802198;-0.5102040816326531;71;0.11158798283261803;0.14960629921259844;39;0.10638297872340426;0.12643678160919541;37;0.10434782608695652;-0.32432432432432434;53;0.0546875;-0.25;0.295;0.455;0.355;0.33;0.285;0.195;0.175;0.095;0.185;0.2;0.695;0.36874999999999997;0.5449101796407186;0.4125;0.34131736526946105;0.21874999999999997;0.11377245508982037;0.185;0.075;0.02;0.255;0.01;0.065;0.28;0.06;0.05;91;0.6703296703296703;0.305;805.0;0.0670807453416149;0.02360248447204969;0.09068322981366458;0.04304245283018867;0.09277683;-0.04988437396762471;0.041274438812454746;1.7885224105232609;-0.23809523809523808;-0.10934393638170974;3.982570397788502;0.1259099758126364;0.46407185628742514;0.230688622754491;0.18832335329341318;0.11691616766467065;0.5809880239520958;3.171355498721228;1.576470588235294;1.2869565217391303;0.7989769820971868;3.970332480818415;6680.0;0.2732919254658385;0.4695652173913043;0.4746462264150943;0.5602484472049689;0.3037694013303769
Utilities-02;2018;Italy;Utilities;-0.0433;12.862333;0.0145757188779778;0.0026628625772705;-0.0879052226651212;3.3257698144976526;4.169699592219916;-1.8926340623284972;-3.4139;-6.4451;200;281;0.07756232686980609;0.07621895111168521;0.1329639889196676;0.055401662049861494;0.049723756906077346;0.09195402298850575;0.01;0.025;0.08123249299719888;0.06896551724137931;0.08908045977011494;0.19205298013245034;95;0.12365591397849462;0.4939759036144578;21;0.06666666666666667;-0.46938775510204084;23;0.11764705882352941;0.0;61;-0.020833333333333332;-0.24324324324324326;149;0.07664233576642336;0.23333333333333334;8;;;29;0.09302325581395349;-0.3684210526315789;14;0.045454545454545456;0.45454545454545453;0.475;0.65;0.745;0.105;0.08;0.04;0.115;0.13;0.145;0.305;0.755;0.6834532374100719;0.7558139534883721;0.1510791366906475;0.09302325581395349;0.1654676258992806;0.15116279069767444;0.51;0.03;0.03;0.065;0.005;0.04;0.195;0.015;0.11;130;0.36923076923076925;0.24;227.0;0.07488986784140969;0.022026431718061675;0.09691629955947137;0.07829181494661921;0.09822982;0.09923664122137404;0.1383399209486166;0.7041702527188797;-0.140625;-0.11290322580645161;0.4098500631852181;0.6961245839277223;0.8446514423076923;0.051682692307692304;0.05739182692307692;0.046274038461538464;0.8909254807692307;10.864187987941564;0.6647599907242792;0.7381927803973101;0.59519208471825;11.459380072659814;3328.0;0.2334801762114537;0.5330396475770925;0.8078291814946619;0.3171806167400881;0.2916666666666667
Utilities-02;2019;Italy;Utilities;-0.1429;10.447667;0.0310343520133464;0.0035291675316587;-0.6865235456391892;2.040151966822328;10.675398572231938;-1.263164800604574;-2.7264;-8.6957;200;323;0.07795698924731183;0.08116132469587428;0.1532258064516129;0.07526881720430108;-0.10505836575875487;-0.07258064516129033;0.015;0.035;0.0821917808219178;-0.09236947791164658;0.08732394366197183;-0.008849557522123894;89;0.16666666666666666;0.05357142857142857;33;0.0684931506849315;-0.15789473684210525;23;0.029411764705882353;0.09090909090909091;55;-0.038834951456310676;-0.3246753246753247;129;0.10822510822510822;0.02564102564102564;15;0.125;0.16666666666666666;29;0.020833333333333332;-0.37142857142857144;27;-0.01639344262295082;-0.5238095238095238;0.445;0.61;0.645;0.165;0.11;0.075;0.115;0.14;0.145;0.275;0.765;0.6137931034482759;0.7093023255813954;0.22758620689655173;0.12790697674418605;0.15862068965517243;0.16279069767441862;0.445;0.025;0.015;0.09;0.025;0.045;0.165;0.03;0.16;122;0.4016393442622951;0.245;226.0;0.048672566371681415;0.004424778761061947;0.05309734513274336;0.03715170278637771;0.059205215;-0.15048543689320387;-0.1116751269035533;1.0954902318787658;-0.13372093023255813;-0.10510510510510511;0.346576766753836;0.6588955781606809;0.8042758205359831;0.04697380307136405;0.10809996988858778;0.04065040650406504;0.8449262270400482;8.402806178626482;0.4907666656180199;1.1293925189542895;0.4247019221694403;8.827508100795923;3321.0;0.1946902654867256;0.4690265486725664;0.6996904024767802;0.2743362831858407;0.2580645161290322
Utilities-02;2020;Italy;Utilities;-0.0421;10.149042;0.008983995398925;0.0039465950121756;-0.0806929537136264;1.8811578741560784;1.9594267563785943;-0.9598561716358432;-1.9621;-3.4217;200;478;0.12021857923497267;0.12134399830969304;0.16666666666666666;0.04644808743169399;0.3020833333333333;0.32275132275132273;0.015;0.015;0.12742382271468145;0.3333333333333333;0.12742382271468145;0.3333333333333333;93;0.19642857142857142;0.40540540540540543;25;0.10526315789473684;-0.09090909090909091;24;0.0;0.14285714285714285;58;0.05785123966942149;0.28888888888888886;135;0.1673469387755102;0.3333333333333333;15;0.0;0.16666666666666666;27;0.0;-0.07692307692307693;23;0.06521739130434782;0.4117647058823529;0.465;0.665;0.675;0.125;0.13;0.075;0.12;0.145;0.135;0.29;0.8;0.6549295774647887;0.7074468085106383;0.176056338028169;0.13829787234042554;0.16901408450704222;0.15425531914893614;0.46;0.025;0.01;0.065;0.025;0.06;0.2;0.03;0.125;133;0.39097744360902253;0.26;341.0;0.04985337243401759;0.026392961876832845;0.07624633431085044;0.05439330543933055;0.081089355;0.11788617886178862;0.1752136752136752;0.9944888741557204;-0.2033195020746888;-0.17419354838709677;0.7233119176275369;0.49338735410193973;0.659919028340081;0.11446448288553551;0.11520058888479941;0.1104158998895841;0.7703349282296651;6.69754585185462;1.1617048298531991;1.1691756004631877;1.120615591498263;7.818161443352882;2717.0;0.1495601173020528;0.3724340175953079;0.7133891213389121;0.2873900293255132;0.3877551020408163
Utilities-02;2021;Italy;Utilities;-0.0806;7.109164;0.0079745117261141;0.0054779647633617;-0.3120865825740845;0.2626642971745961;1.5604023145230983;0.1528584467242722;-0.5748;-1.2785;200;926;0.05343511450381679;0.05842974713740458;0.12213740458015267;0.06870229007633588;-0.15966386554621848;-0.13043478260869565;0.015;0.055;0.05409582689335394;-0.14163090128755365;0.06655844155844155;-0.07142857142857142;66;0.08888888888888889;0.1337579617834395;23;0.045454545454545456;-0.1388888888888889;14;0.05128205128205128;0.7894736842105263;97;0.03076923076923077;-0.4473684210526316;130;0.06531531531531531;-0.058419243986254296;11;0.03225806451612903;-0.5;16;0.0196078431372549;0.15151515151515152;43;0.031007751937984496;-0.39655172413793105;0.33;0.575;0.65;0.115;0.07;0.055;0.07;0.055;0.08;0.485;0.635;0.6407766990291263;0.8214285714285713;0.22330097087378642;0.1;0.1359223300970874;0.07857142857142857;0.395;0.015;0.015;0.105;0.015;0.045;0.13;0.01;0.27;115;0.4;0.23;628.0;0.042993630573248405;0.042993630573248405;0.08598726114649681;0.058315334773218146;0.08901397;-0.08523290386521308;-0.05089974293059126;0.8025682182985554;-0.041666666666666664;0.0502283105022831;2.0276141739886064;0.10222573162907762;0.6886182902584493;0.09642147117296222;0.09145129224652088;0.12350894632206759;0.8121272365805169;4.895500238503259;0.6854760348391429;0.650142218610321;0.8780453332862216;5.773545571789481;4024.0;0.1003184713375796;0.4904458598726114;0.6781857451403888;0.4092356687898089;0.2957198443579766
Utilities-02;2022;Italy;Utilities;-0.0905;7.245062;0.0080146607729939;0.0061317420394206;-0.3715878014239165;0.3350191877737022;1.57627226017327;0.6279021333707728;-0.7063;-1.1805;200;1119;0.08265802269043761;0.07957350917921267;0.15883306320907617;0.07617504051863858;-0.17880794701986755;-0.1308411214953271;0.035;0.07;0.08013355592654424;-0.17370892018779344;0.09507042253521127;-0.07397260273972603;81;0.14652014652014653;0.14594594594594595;23;0.19696969696969696;-0.13846153846153847;12;-0.038461538461538464;-0.4166666666666667;84;-0.003968253968253968;-0.4972067039106145;125;0.1311881188118812;0.033962264150943396;12;0.15217391304347827;-0.22807017543859648;13;-0.037037037037037035;-0.5384615384615384;50;-0.05714285714285714;-0.6;0.405;0.585;0.625;0.115;0.105;0.06;0.06;0.055;0.065;0.42;0.66;0.6982758620689655;0.785234899328859;0.1982758620689655;0.14093959731543623;0.10344827586206895;0.0738255033557047;0.42;0.02;0.01;0.095;0.01;0.035;0.13;0.03;0.25;117;0.41025641025641024;0.24;789.0;0.044359949302915085;0.048162230671736375;0.09252217997465145;0.06523681858802502;0.09408234;-0.092410538733779;-0.050205761316872426;1.033719377206945;-0.06995884773662552;-0.03418803418803419;0.7288629737609329;0.10149430389110815;0.7035516321083967;0.0934099774173681;0.08109217819749538;0.1219462122767399;0.8254978443851365;5.0972751070918605;0.6767610661589719;0.5875178486435031;0.8835078534031414;5.980782960495002;4871.0;0.1406844106463878;0.4752851711026616;0.7050938337801609;0.4347275031685678;0.3119533527696793
Utilities-02;2023;Italy;Utilities;-0.1694;7.30448;0.0098334214930498;0.0057956751141365;-0.8457944849846992;0.3666545531920137;2.2951843146577;0.383711218523863;-1.2127;-2.1685;200;1020;0.02226027397260274;0.020053623473807555;0.1404109589041096;0.11815068493150685;-0.18181818181818182;-0.1513647642679901;0.025;0.05;0.02434782608695652;-0.1662531017369727;0.05206463195691203;-0.10752688172043011;82;0.13821138211382114;0.1728395061728395;10;0.2;0.375;11;0.03571428571428571;0.0;97;-0.10545454545454545;-0.5686274509803921;131;0.055;-0.017793594306049824;4;;;16;0.0;-0.15384615384615385;49;-0.06521739130434782;-0.6037735849056604;0.41;0.58;0.655;0.05;0.035;0.02;0.055;0.07;0.08;0.485;0.64;0.7961165048543689;0.8467153284671531;0.0970873786407767;0.051094890510948905;0.10679611650485436;0.10218978102189781;0.44;0.01;0.01;0.035;0.01;0.03;0.115;0.025;0.325;116;0.39655172413793105;0.23;715.0;0.09230769230769231;0.023776223776223775;0.11608391608391609;0.08137254901960785;0.11911348;-0.1860678276810266;-0.14942528735632185;0.9625328950736747;0.0;0.033816425120772944;0.5795661533366452;0.11006315098827196;0.7194770662530467;0.09439397296698426;0.08464436073565255;0.10148460004431642;0.8209616662973632;5.255405930337951;0.6894988993914282;0.6182830506279943;0.7412922439466529;5.996698174284604;4513.0;0.0363636363636363;0.5286713286713287;0.7009803921568627;0.3986013986013986;0.231578947368421
Utilities-02;2024;Italy;Utilities;-0.1475;9.535683;0.0076751778263031;0.0042473219319676;-0.7141705766199192;1.5545929258641458;1.442082875073493;-0.7413437976466121;-2.2685;-3.3602;200;1407;0.04809619238476954;0.04877061404302746;0.10220440881763528;0.05410821643286573;-0.24050632911392406;-0.1836734693877551;0.055;0.08;0.046413502109704644;-0.2323943661971831;0.05010893246187364;-0.14624505928853754;83;0.09693877551020408;-0.07563025210084033;38;0.09433962264150944;-0.45454545454545453;27;0.03389830508474576;-0.2765957446808511;52;-0.050724637681159424;-0.22580645161290322;125;0.034482758620689655;-0.2275132275132275;25;0.12857142857142856;-0.42424242424242425;27;0.0;-0.15789473684210525;23;0.08695652173913043;0.043478260869565216;0.415;0.635;0.625;0.19;0.16;0.125;0.135;0.13;0.135;0.26;0.77;0.5608108108108107;0.6864864864864865;0.25675675675675674;0.17297297297297295;0.18243243243243246;0.14054054054054055;0.29;0.12;0.02;0.15;0.015;0.055;0.175;0.035;0.14;127;0.3543307086614173;0.225;959.0;0.05735140771637122;0.03232533889468196;0.08967674661105318;0.06112295664534471;0.09219332;-0.13527180783817952;-0.07525912573231185;1.4152070429524528;-0.1887072808320951;-0.0945273631840796;2.891725533936465;0.18197331328697613;0.5816129920176163;0.1665290393614093;0.11368015414258188;0.1381778144783925;0.7197908064960088;5.54607732486417;1.587968188141421;1.0840179532271188;1.3176198850363523;6.863697209900522;7266.0;0.086548488008342;0.3816475495307612;0.681592039800995;0.37851929092805;0.4628099173553719
Energy-02;2018;Italy;Energy;-0.4016;5.597322;0.0053054937532089;0.0069255905447806;-2.2413685270989423;-0.5422714819622106;0.5054041648499442;1.2047235287216518;-1.6989;-1.3492;200;478;-0.0012048192771084338;0.004893769413591867;0.12891566265060242;0.13012048192771083;-0.38613861386138615;-0.3465085638998682;0.05;0.155;0.003787878787878788;-0.3908496732026144;0.056439942112879886;-0.2689655172413793;58;0.036290322580645164;-0.245136186770428;41;0.056962025316455694;-0.3333333333333333;18;0.0;0.038461538461538464;83;-0.054285714285714284;-0.5759312320916905;87;0.021798365122615803;-0.3041095890410959;24;0.010416666666666666;-0.4117647058823529;31;-0.08;-0.5512820512820513;58;0.009216589861751152;-0.3945945945945946;0.29;0.545;0.435;0.205;0.185;0.12;0.09;0.075;0.155;0.415;0.615;0.49572649572649574;0.6770186335403727;0.3504273504273504;0.2298136645962733;0.15384615384615385;0.09316770186335405;0.19;0.02;0.09;0.135;0.025;0.085;0.145;0.07;0.24;109;0.41284403669724773;0.225;310.0;0.05806451612903226;0.016129032258064516;0.07419354838709677;0.04811715481171548;0.07523461;-0.4182242990654206;-0.3809819763828465;1.7686654303180163;-0.02631578947368421;0.13846153846153847;3.3587786259541983;0.05324250946985092;0.5671566142929549;0.1920932589964521;0.16472377090724785;0.07602635580334516;0.6431829700963001;3.1745581434934325;1.0752078073136826;0.9220119719708362;0.4255439870634627;3.600102130556895;1973.0;0.0580645161290322;0.5225806451612903;0.6485355648535565;0.4548387096774193;0.2836879432624113
Energy-02;2019;Italy;Energy;-0.3942;5.791824;0.0051521801354832;0.0066227995214493;-2.196892868564724;-0.4387146162886368;0.4448030056736854;0.984711348313899;-1.758;-1.4881;200;563;0.013513513513513514;0.015234179110140415;0.1472972972972973;0.13378378378378378;-0.3162118780096308;-0.2935323383084577;0.03;0.075;0.012379642365887207;-0.3201320132013201;0.0513950073421439;-0.2125984251968504;70;0.035856573705179286;-0.21929824561403508;36;0.09923664122137404;-0.15384615384615385;20;0.04411764705882353;-0.22448979591836735;74;-0.05172413793103448;-0.49586776859504134;99;0.04093567251461988;-0.29333333333333333;23;0.10843373493975904;0.07246376811594203;25;-0.07446808510638298;-0.5294117647058824;53;-0.027149321266968326;-0.40828402366863903;0.35;0.555;0.495;0.18;0.205;0.115;0.1;0.09;0.125;0.37;0.695;0.5555555555555555;0.6529411764705884;0.2857142857142857;0.2411764705882353;0.15873015873015875;0.10588235294117647;0.28;0.04;0.04;0.14;0.025;0.065;0.155;0.05;0.205;111;0.44144144144144143;0.245;382.0;0.0549738219895288;0.03664921465968586;0.09162303664921466;0.06216696269982238;0.09331847;-0.4037460978147763;-0.36685082872928176;1.670669311893077;-0.1388888888888889;0.03333333333333333;3.781909864481563;0.04519170512163163;0.5913006029285099;0.1826012058570198;0.15977605512489235;0.06632213608957795;0.6576227390180879;3.4247087875084183;1.0575939737098103;0.9253947269960838;0.384126113092714;3.8088349006011324;2322.0;0.0052356020942408;0.5392670157068062;0.6785079928952042;0.4921465968586387;0.3191489361702128
Energy-02;2020;Italy;Energy;-0.4026;5.972696;0.0048033983226228;0.0067822666335089;-2.247378751225188;-0.3424146429818809;0.3069380040353132;1.1005823759340687;-1.9048;-1.508;200;689;0.007653061224489796;0.012126893413310148;0.12372448979591837;0.11607142857142858;-0.3879310344827586;-0.3515981735159817;0.045;0.14;0.011920529801324504;-0.38461538461538464;0.061068702290076333;-0.2163265306122449;67;0.072992700729927;-0.22900763358778625;38;0.0847457627118644;-0.19327731092436976;26;0.03636363636363636;-0.35294117647058826;69;-0.09929078014184398;-0.659919028340081;91;0.06166219839142091;-0.24495677233429394;23;0.06666666666666667;-0.34177215189873417;28;0.01834862385321101;-0.5675675675675675;58;-0.1179245283018868;-0.5918367346938775;0.335;0.595;0.455;0.19;0.145;0.115;0.13;0.085;0.14;0.345;0.695;0.5114503816793893;0.7212121212121212;0.2900763358778626;0.17575757575757575;0.1984732824427481;0.10303030303030304;0.245;0.025;0.08;0.12;0.025;0.08;0.195;0.07;0.16;119;0.42016806722689076;0.25;452.0;0.0420353982300885;0.07300884955752213;0.11504424778761063;0.07547169811320756;0.11699638;-0.41865328314512756;-0.3816725978647687;1.7449451501506998;-0.17647058823529413;-0.0728476821192053;2.9163468917881814;0.07364411186218434;0.6112956810631229;0.16511627906976745;0.15382059800664452;0.06976744186046512;0.6810631229235881;3.6510834193189936;0.9861893801095324;0.918723708230812;0.4166997380744503;4.0677831573934435;3010.0;-0.0221238938053097;0.5088495575221239;0.6560232220609579;0.4513274336283185;0.3578431372549019
Energy-02;2021;Italy;Energy;-0.3558;6.191074;0.0048026553677554;0.0069331079913192;-1.9661002621168908;-0.2261457037829845;0.3066443319737886;1.2101858102181775;-1.7399;-1.2881;200;848;0.011508951406649617;0.010928436923209968;0.11764705882352941;0.10613810741687979;-0.4305555555555556;-0.39438700147710487;0.06;0.165;0.01358695652173913;-0.44363103953147875;0.061191626409017714;-0.2916666666666667;82;0.07861635220125786;-0.3016949152542373;36;0.08461538461538462;-0.3233082706766917;23;-0.01;-0.20454545454545456;59;-0.1111111111111111;-0.7843137254901961;112;0.05034324942791762;-0.31868131868131866;23;0.027522935779816515;-0.6312056737588653;24;-0.15151515151515152;-0.5652173913043478;41;-0.0072992700729927005;-0.4;0.41;0.61;0.56;0.18;0.16;0.115;0.115;0.07;0.12;0.295;0.72;0.5815602836879432;0.726190476190476;0.2553191489361702;0.19047619047619047;0.16312056737588654;0.08333333333333333;0.305;0.03;0.1;0.14;0.01;0.065;0.13;0.085;0.135;122;0.45901639344262296;0.28;569.0;0.043936731107205626;0.08084358523725835;0.12478031634446397;0.08372641509433962;0.124173425;-0.3693367162015223;-0.3281853281853282;1.7169387692901628;-0.10666666666666667;0.007518796992481203;2.978797967408446;0.054802281587892986;0.6007573708412226;0.16526913713822017;0.14417094941844738;0.08980254260210982;0.6905599134433325;3.719333500795445;1.023193502470066;0.8925730553462279;0.5559742108347986;4.275307711630243;3697.0;0.0632688927943761;0.5202108963093146;0.6709905660377359;0.5131810193321616;0.3356164383561644
Energy-02;2022;Italy;Energy;-0.3924;6.545251;0.004387676283455;0.0069072513760862;-2.1860744651374824;-0.0375745836213956;0.1426131525158785;1.1913980329822906;-2.1484;-1.624;200;919;-0.0036719706242350062;-0.0002873349510762508;0.12239902080783353;0.12607099143206854;-0.33877551020408164;-0.2946298984034833;0.045;0.165;-0.005161290322580645;-0.3553008595988539;0.044374009508716325;-0.13445378151260504;66;-0.03076923076923077;-0.4177215189873418;33;0.09395973154362416;-0.04964539007092199;22;0.11650485436893204;0.0;79;-0.06885245901639345;-0.49480968858131485;96;0.007751937984496124;-0.36312849162011174;23;0.05217391304347826;-0.19607843137254902;25;0.03669724770642202;-0.34831460674157305;56;-0.07766990291262135;-0.3655913978494624;0.33;0.565;0.48;0.165;0.17;0.115;0.11;0.105;0.125;0.395;0.685;0.5454545454545455;0.6726190476190476;0.27272727272727276;0.2023809523809524;0.18181818181818182;0.125;0.22;0.055;0.11;0.11;0.005;0.06;0.16;0.055;0.225;113;0.45132743362831856;0.255;617.0;0.03565640194489465;0.04862236628849271;0.08427876823338737;0.05658324265505985;0.088658795;-0.40500463392029656;-0.35992023928215355;2.000017544013544;-0.1941747572815534;-0.08791208791208792;3.3435497353023123;0.059235663533508835;0.5745007680491552;0.1696291419793724;0.13451832345841563;0.12135176651305683;0.695852534562212;3.7602516409807114;1.1102652858969018;0.880456171092886;0.7942777530413799;4.554529394022091;4557.0;0.0632090761750405;0.5089141004862237;0.6713819368879217;0.5121555915721232;0.3449367088607595
Energy-02;2023;Italy;Energy;-0.3145;10.349488;0.0051870270848373;0.0049255600389592;-1.717878005702945;1.9878794476967367;0.4585771606113753;-0.2485265301030588;-3.7059;-4.0595;200;699;0.036281179138321996;0.03416555322487068;0.11791383219954649;0.08163265306122448;-0.4166666666666667;-0.32342007434944237;0.09;0.15;0.043037974683544304;-0.37593984962406013;0.0782122905027933;-0.2;93;0.02040816326530612;-0.2777777777777778;50;0.10434782608695652;-0.4090909090909091;20;0.02;-0.7222222222222222;37;-0.0125;-0.6363636363636364;117;0.0321285140562249;-0.2348993288590604;36;0.16853932584269662;-0.4482758620689655;31;-0.04477611940298507;-0.7959183673469388;16;-0.1111111111111111;-0.6296296296296297;0.465;0.655;0.585;0.25;0.24;0.18;0.1;0.115;0.155;0.185;0.845;0.5705521472392638;0.6485148514851485;0.3067484662576687;0.2376237623762376;0.12269938650306748;0.11386138613861387;0.32;0.055;0.095;0.195;0.01;0.06;0.14;0.065;0.06;131;0.366412213740458;0.24;470.0;0.03404255319148936;0.04680851063829787;0.08085106382978724;0.05436337625178827;0.0843871;-0.3376987839101964;-0.2601880877742947;2.7531279958703077;-0.28258064516129033;-0.20457796852646637;2.436756548783225;0.4339641018505635;0.5885452462772051;0.16884306987399772;0.13424971363115693;0.10836197021764032;0.6969072164948453;6.091141881638847;1.747439301972686;1.3894157814871018;1.1214908952959028;7.21263277693475;4365.0;0.0595744680851063;0.3978723404255319;0.6723891273247496;0.3787234042553191;0.4213483146067415
Energy-02;2024;Italy;Energy;-0.307;10.686666;0.0039725461660996;0.0053200617813626;-1.6728013247561024;2.1673999505917427;-0.0214777266500034;0.0381239378200438;-3.8401;-3.8103;200;1012;0.0021691973969631237;-0.003434500311563951;0.0737527114967462;0.07158351409978309;-0.14893617021276595;-0.06103286384976526;0.065;0.085;0.013856812933025405;-0.07692307692307693;0.02107728337236534;-0.015706806282722512;105;-0.015503875968992248;0.027522935779816515;36;0.05333333333333334;-0.34545454545454546;24;0.041666666666666664;0.043478260869565216;35;-0.0125;-0.4166666666666667;126;0.0033444816053511705;-0.09210526315789473;26;0.06557377049180328;-0.14285714285714285;21;0.024390243902439025;-0.6;27;-0.08333333333333333;-0.21212121212121213;0.525;0.69;0.63;0.18;0.19;0.13;0.12;0.11;0.105;0.175;0.83;0.6363636363636364;0.696969696969697;0.21818181818181814;0.19191919191919193;0.14545454545454545;0.11111111111111112;0.335;0.105;0.085;0.15;0.03;0.05;0.125;0.06;0.06;138;0.35507246376811596;0.245;682.0;0.04398826979472141;0.039589442815249266;0.08357771260997068;0.05632411067193677;0.08895081;-0.2966157929661579;-0.18960244648318042;3.186549239391513;-0.3249138920780712;-0.22015915119363394;3.195935425714988;0.369567631411583;0.5847801395424307;0.17897128022067174;0.11212072042836281;0.1241278598085348;0.7089079993509655;6.249349748569447;1.912606207733657;1.1981966360325993;1.3265129183284203;7.5758626668978675;6163.0;-0.0249266862170087;0.3049853372434017;0.6739130434782609;0.2756598240469208;0.4361702127659574
Consumer Discretionary-10;2018;Italy;Consumer Discretionary;-0.1564;6.570265;0.0011298744923199;0.0076533799825065;-0.7676615713435057;-0.024256615487604;-1.1451169776444414;1.7335454842412152;-0.7433;0.696;200;363;0.045372050816696916;0.03934676071693157;0.08711433756805807;0.041742286751361164;-0.17829457364341086;-0.08882521489971347;0.045;0.115;0.04364326375711575;-0.181058495821727;0.07563025210084033;0.13934426229508196;41;0.15454545454545454;0.44680851063829785;26;0.1717171717171717;0.03614457831325301;61;0.06040268456375839;0.2537313432835821;72;-0.09326424870466321;-0.5789473684210527;39;0.07272727272727272;-0.22857142857142856;21;0.1111111111111111;-0.0958904109589041;101;0.011152416356877323;-0.25161290322580643;39;0.06422018348623854;-0.07865168539325842;0.205;0.305;0.195;0.13;0.11;0.105;0.305;0.315;0.505;0.36;0.59;0.32031250000000006;0.4178082191780822;0.20312500000000003;0.1506849315068493;0.47656250000000006;0.4315068493150685;0.135;0.02;0.035;0.085;0.03;0.015;0.545;0.07;0.065;61;0.4918032786885246;0.15;121.0;0.12396694214876033;0.0;0.12396694214876033;0.04132231404958678;0.1289182;-0.16666666666666666;-0.08289241622574955;1.9735475382591234;-0.0684931506849315;0.11475409836065574;3.8338658146964857;0.09777583406222666;0.23755458515283842;0.15109170305676856;0.5292576419213973;0.08209606986899563;0.31965065502183404;1.560796465255064;0.9927124576806106;3.477362713031503;0.5393928960807942;2.1001893613358584;1145.0;0.0495867768595041;0.4297520661157025;0.3333333333333333;0.4793388429752066;0.293103448275862
Consumer Discretionary-10;2019;Italy;Consumer Discretionary;-0.09;6.822376;0.0009879749336645;0.0074235174713643;-0.3685826893607936;0.1099724667934542;-1.20120643576746;1.5665241778827868;-0.4786;0.9052;200;389;0.05194805194805195;0.05417248755969895;0.10204081632653061;0.05009276437847866;-0.1206896551724138;-0.05263157894736842;0.055;0.09;0.05220883534136546;-0.1346153846153846;0.06638115631691649;0.029045643153526972;47;0.1968503937007874;0.3333333333333333;22;0.15625;-0.014492753623188406;55;0.09722222222222222;0.391304347826087;76;-0.10294117647058823;-0.5866666666666667;54;0.056962025316455694;-0.16981132075471697;15;0.23684210526315788;0.2;99;0.01556420233463035;-0.23684210526315788;32;0.06976744186046512;0.08;0.235;0.35;0.27;0.11;0.13;0.075;0.275;0.265;0.495;0.38;0.605;0.3790322580645161;0.4697986577181208;0.1774193548387097;0.174496644295302;0.44354838709677424;0.3557046979865772;0.175;0.015;0.045;0.075;0.035;0.005;0.5;0.07;0.08;70;0.4142857142857143;0.145;128.0;0.1328125;0.0078125;0.140625;0.04627249357326478;0.13754766;-0.14450867052023122;-0.06624605678233439;1.918116277531583;0.226890756302521;0.3153153153153153;1.8836825994819872;0.12315499492532986;0.24652241112828438;0.1445131375579598;0.526275115919629;0.08268933539412673;0.32921174652241114;1.6818685084620657;0.9859229187536248;3.590446565086729;0.5641377128697211;2.246006221331787;1294.0;0.0078125;0.4609375;0.3290488431876606;0.4375;0.2857142857142857
Consumer Discretionary-10;2020;Italy;Consumer Discretionary;-0.0474;11.772581;0.0007826257092545;0.0057105645444071;-0.1125471415827284;2.745563433681474;-1.282376009741345;0.3218686915694952;-2.8583;-2.0562;141;141;0.053061224489795916;0.05388883084666972;0.10204081632653061;0.04897959183673469;-0.17647058823529413;-0.11888111888111888;0.05673758865248227;0.06382978723404255;0.05603448275862069;-0.12857142857142856;0.05627705627705628;-0.10948905109489052;43;0.06896551724137931;-0.02564102564102564;27;0.125;-0.2653061224489796;45;0.0273972602739726;-0.13636363636363635;26;-0.02702702702702703;-0.3333333333333333;45;0.07446808510638298;0.043478260869565216;17;0.0625;-0.5;68;0.0;-0.22580645161290322;11;0.21052631578947367;-0.058823529411764705;0.3049645390070922;0.425531914893617;0.3191489361702128;0.19148936170212766;0.14893617021276595;0.12056737588652482;0.3191489361702128;0.3262411347517731;0.48226950354609927;0.18439716312056736;0.723404255319149;0.3739130434782609;0.4724409448818897;0.23478260869565218;0.1653543307086614;0.391304347826087;0.36220472440944884;0.24113475177304963;0.02127659574468085;0.028368794326241134;0.11347517730496454;0.014184397163120567;0.014184397163120567;0.46808510638297873;0.0851063829787234;0.014184397163120567;60;0.38333333333333336;0.16312056737588654;56.0;0.08928571428571429;0.017857142857142856;0.10714285714285715;0.0425531914893617;0.10102763;-0.17647058823529413;-0.11888111888111888;1.6433853738701725;0.0084985835694051;0.09876543209876543;2.0896382764087047;0.6951860942744077;0.27065959059893857;0.13495072024260804;0.489764973464746;0.10462471569370735;0.3752843062926459;3.1863620135665838;1.58871831488754;5.765797929310961;1.2317029632274188;4.418064976794002;1319.0;-0.0892857142857142;0.3571428571428571;0.3971631205673759;0.3392857142857143;0.4736842105263157
Consumer Discretionary-10;2021;Italy;Consumer Discretionary;0.0067;11.985873;0.0016589115921505;0.0050151282795208;0.2126059836471618;2.8591244818622013;-0.9360014276197928;-0.1834449973533532;-2.6467;-2.2704;191;191;0.04899135446685879;0.046812227892257294;0.09221902017291066;0.043227665706051875;-0.03409090909090909;0.0625;0.05235602094240838;0.05759162303664921;0.06097560975609756;0.07482993197278912;0.06134969325153374;0.09722222222222222;70;0.04964539007092199;-0.125;35;0.17647058823529413;0.23333333333333334;44;0.0;-0.1282051282051282;42;-0.03125;-0.3103448275862069;73;0.04697986577181208;-0.05263157894736842;26;0.14814814814814814;0.17647058823529413;73;0.017391304347826087;-0.13432835820895522;19;0.0;0.0;0.36649214659685864;0.45549738219895286;0.38219895287958117;0.18324607329842932;0.2094240837696335;0.13612565445026178;0.23036649214659685;0.2094240837696335;0.38219895287958117;0.2198952879581152;0.7225130890052356;0.4697986577181208;0.5209580838323353;0.2348993288590604;0.23952095808383234;0.2953020134228188;0.23952095808383234;0.29842931937172773;0.010471204188481676;0.015706806282722512;0.12041884816753927;0.0;0.015706806282722512;0.41361256544502617;0.09947643979057591;0.02617801047120419;87;0.4482758620689655;0.20418848167539266;86.0;0.06976744186046512;0.03488372093023256;0.10465116279069767;0.04712041884816754;0.110930346;-0.03409090909090909;0.0625;1.8717828731867105;0.02358490566037736;0.09319899244332494;1.7331022530329288;0.6457081278236001;0.33947206875383673;0.141804788213628;0.40331491712707185;0.11540822590546347;0.4548802946593002;4.0688691045544845;1.6996541829151643;4.834081377382091;1.3832683393422118;5.452137443896696;1629.0;-0.1046511627906976;0.313953488372093;0.450261780104712;0.2906976744186046;0.44
Consumer Discretionary-10;2022;Italy;Consumer Discretionary;-0.024;12.214098;0.0015989557839778;0.0046716497597437;0.0280921029714199;2.980636166412239;-0.9597005062046824;-0.4330212801241802;-2.9528;-2.6895;200;278;0.08547008547008547;0.08153931707398504;0.1111111111111111;0.02564102564102564;-0.07017543859649122;0.024154589371980676;0.045;0.06;0.08734939759036145;0.0;0.08895705521472393;0.07526881720430108;72;0.12307692307692308;0.05555555555555555;38;0.14666666666666667;0.1724137931034483;49;0.05405405405405406;-0.18032786885245902;41;-0.013888888888888888;-0.5135135135135135;82;0.07432432432432433;0.08333333333333333;26;0.1836734693877551;0.09523809523809523;70;0.02564102564102564;-0.2619047619047619;22;0.1891891891891892;-0.13333333333333333;0.36;0.5;0.41;0.19;0.245;0.13;0.245;0.31;0.35;0.205;0.81;0.45283018867924524;0.47393364928909953;0.2389937106918239;0.23222748815165878;0.3081761006289308;0.29383886255924174;0.31;0.025;0.02;0.135;0.02;0.01;0.375;0.08;0.025;100;0.48;0.24;128.0;0.0625;0.0625;0.125;0.05755395683453238;0.13533029;-0.03678929765886288;0.07462686567164178;2.491360604355863;-0.014705882352941176;0.017721518987341773;0.7417974322396577;0.5847904431393487;0.3611111111111111;0.14415708812260536;0.36973180076628354;0.125;0.4861111111111111;4.410646387832699;1.7607487569464757;4.515940333430828;1.5267622111728576;5.937408599005557;2088.0;-0.0625;0.28125;0.460431654676259;0.34375;0.4772727272727273
Consumer Discretionary-10;2023;Italy;Consumer Discretionary;0.0114;6.925093;0.0018607280392872;0.0066743244060214;0.2408540370405164;0.164661110464946;-0.8562282749230621;1.0221500480324088;0.0762;1.0154;200;602;0.030501089324618737;0.03180263452800011;0.08387799564270153;0.05337690631808279;-0.05982905982905983;-0.013452914798206279;0.035;0.06;0.045146726862302484;-0.03854875283446712;0.06213364595545135;0.07532467532467532;50;0.1067193675889328;0.28421052631578947;37;0.05235602094240838;-0.021897810218978103;42;0.0446927374301676;0.25301204819277107;71;-0.0576271186440678;-0.477124183006536;64;0.05504587155963303;0.013157894736842105;22;0.10869565217391304;0.1935483870967742;80;-0.022792022792022793;-0.2342857142857143;34;0.05405405405405406;-0.012658227848101266;0.25;0.38;0.32;0.185;0.15;0.11;0.21;0.225;0.4;0.355;0.585;0.38759689922480617;0.5033112582781457;0.2868217054263566;0.1986754966887417;0.3255813953488372;0.2980132450331126;0.215;0.035;0.025;0.11;0.04;0.015;0.435;0.06;0.065;76;0.5394736842105263;0.205;224.0;0.12946428571428573;0.0625;0.19196428571428573;0.07142857142857142;0.18837306;0.026862026862026864;0.0907911802853437;1.2489429519287063;-0.11330049261083744;0.05263157894736842;5.47945205479452;0.07061241762892208;0.3573005361084831;0.1665089877010407;0.3500473036896878;0.1261431725007884;0.48344370860927155;2.4743393754094782;1.153090194365582;2.4241100677003717;0.8735531775496833;3.3478925529591614;3171.0;0.0669642857142857;0.4553571428571428;0.3720930232558139;0.6116071428571429;0.364963503649635
Consumer Discretionary-10;2024;Italy;Consumer Discretionary;0.0077;8.390889;0.0011449367218008;0.0060222634897652;0.2186162077734075;0.9450810520432422;-1.139163243202174;0.5483534923557196;-0.7264;0.1173;200;957;0.06907894736842106;0.0670464415299265;0.10361842105263158;0.03453947368421053;0.012195121951219513;0.11036789297658862;0.06;0.09;0.06980802792321117;0.07368421052631578;0.0776173285198556;0.1951219512195122;49;0.1;0.18518518518518517;47;0.16981132075471697;0.37037037037037035;45;0.05737704918032787;-0.11428571428571428;59;-0.06802721088435375;-0.6231884057971014;69;0.017857142857142856;-0.13513513513513514;29;0.20512820512820512;0.2;72;0.05555555555555555;-0.13725490196078433;30;0.1111111111111111;0.4222222222222222;0.245;0.39;0.345;0.235;0.265;0.145;0.225;0.23;0.36;0.295;0.67;0.3475177304964539;0.4406779661016949;0.3333333333333333;0.2994350282485876;0.3191489361702128;0.2598870056497175;0.21;0.005;0.025;0.15;0.02;0.03;0.425;0.08;0.055;78;0.5128205128205128;0.2;377.0;0.11140583554376658;0.0636604774535809;0.17506631299734748;0.06896551724137931;0.17752844;0.035175879396984924;0.13048780487804879;1.7693722829589529;-0.1649122807017544;0.030303030303030304;5.415162454873646;0.10462371344937207;0.3301360695962525;0.20990408208788758;0.29176890475128264;0.16819094356457728;0.4983270131608298;2.770134950493196;1.7612817489284445;2.448200348138581;1.4112714545080205;4.1814064050012165;4483.0;-0.039787798408488;0.3501326259946949;0.3939393939393939;0.4880636604774536;0.4184782608695652
Financials-01;2018;Italy;Financials;-0.1923;2.674855;0.0021549305259377;0.0057737249690693;-0.9834286174757249;-2.098253027419082;-0.7399371587910758;0.3677619369917732;1.1148;1.6686;200;272;0.029023746701846966;0.027344374040185932;0.09498680738786279;0.06596306068601583;-0.15671641791044777;-0.12062256809338522;0.035;0.075;0.024759284731774415;-0.1485148514851485;0.050595238095238096;-0.07865168539325842;4;;;13;0.29850746268656714;0.2857142857142857;80;0.03162055335968379;0.1464968152866242;103;-0.01937046004842615;-0.46075085324232085;7;;;18;0.20512820512820512;-0.0379746835443038;107;0.005714285714285714;-0.013100436681222707;68;0.01056338028169014;-0.4256410256410256;0.02;0.06;0.035;0.065;0.045;0.09;0.4;0.26;0.535;0.515;0.335;0.041237113402061855;0.1643835616438356;0.13402061855670103;0.1232876712328767;0.8247422680412371;0.7123287671232877;0.025;0.0;0.0;0.08;0.015;0.03;0.65;0.035;0.165;12;0.5;0.03;19.0;0.0;0.0;0.0;0.0;0.0005108965;-0.18635170603674542;-0.15416098226466576;0.6814069879461453;-0.4444444444444444;-0.4444444444444444;0.0;0.024904916830866517;0.05084745762711865;0.08782742681047766;0.8135593220338984;0.04776579352850539;0.09861325115562404;0.1360095618843506;0.2349256068911511;2.1761529901496104;0.1277665581337839;0.2637761200181345;649.0;0.0;0.2631578947368421;0.0698529411764705;0.3684210526315789;0.2857142857142857
Financials-01;2019;Italy;Financials;-0.0784;3.371494;0.0019116351998625;0.004737465455981;-0.2988640894963439;-1.7273480940714925;-0.8361059075365442;-0.3851986773438296;1.4285;1.6539;200;270;0.05665024630541872;0.059257338199709436;0.10344827586206896;0.046798029556650245;-0.08045977011494253;-0.05697445972495088;0.02;0.06;0.05911949685534591;-0.0703125;0.0646900269541779;-0.006593406593406593;8;;;26;0.15;0.2336448598130841;71;0.008298755186721992;0.039473684210526314;95;0.05693069306930693;-0.36929460580912865;19;0.037383177570093455;0.07246376811594203;8;;;101;0.0326975476839237;0.014084507042253521;72;0.06622516556291391;-0.3333333333333333;0.04;0.1;0.095;0.13;0.065;0.04;0.355;0.22;0.505;0.475;0.325;0.07619047619047618;0.25974025974025977;0.24761904761904763;0.16883116883116883;0.6761904761904761;0.5714285714285714;0.045;0.0;0.0;0.07;0.005;0.09;0.665;0.02;0.105;20;0.65;0.065;33.0;0.030303030303030304;0.0;0.030303030303030304;0.003703703703703704;0.031814806;-0.06722689075630252;-0.04721030042918455;0.3357507386516251;-0.6923076923076923;-0.6923076923076923;0.0;0.020134228187919462;0.14469078179696615;0.0676779463243874;0.691948658109685;0.09568261376896149;0.24037339556592766;0.4878240686100948;0.2281757740273024;2.3329005861756955;0.3225933356937723;0.8104174043038671;857.0;0.0303030303030303;0.3636363636363636;0.1222222222222222;0.5454545454545454;0.3888888888888889
Financials-01;2020;Italy;Financials;-0.0858;3.294535;0.0022632498128809;0.0044113894053738;-0.3433397480305619;-1.7683226487052368;-0.697121168618259;-0.6221300833133593;1.4248;1.4623;200;305;0.06690140845070422;0.06661338985246112;0.11032863849765258;0.04342723004694836;-0.05405405405405406;0.0017889087656529517;0.06;0.115;0.06798516687268233;-0.02909090909090909;0.07588075880758807;0.0367170626349892;8;;;36;0.16666666666666666;0.17575757575757575;87;0.050335570469798654;0.050505050505050504;69;0.017793594306049824;-0.3584905660377358;18;0.05504587155963303;0.16923076923076924;16;0.1375;0.16923076923076924;101;0.040983606557377046;-0.043137254901960784;65;0.08417508417508418;-0.20772946859903382;0.04;0.135;0.09;0.18;0.105;0.08;0.435;0.255;0.505;0.345;0.405;0.061068702290076333;0.27272727272727276;0.27480916030534347;0.21212121212121213;0.6641221374045801;0.5151515151515151;0.045;0.0;0.0;0.07;0.005;0.14;0.67;0.03;0.04;27;0.5925925925925926;0.08;45.0;0.022222222222222223;0.0;0.022222222222222223;0.003278688524590164;0.023023097;-0.07045215562565721;-0.018867924528301886;0.924658800902467;-1.0;-1.0;0.0;0.014291443362864122;0.1317365269461078;0.11676646706586827;0.6317365269461078;0.11976047904191617;0.25149700598802394;0.4340106529887552;0.3846912606036693;2.0812783586506214;0.3945551390806865;0.8285657920694417;1002.0;-0.0666666666666666;0.2888888888888888;0.1475409836065573;0.4666666666666667;0.4761904761904761
Financials-01;2021;Italy;Financials;-0.181;2.949419;0.003952418473426;0.0045580994423184;-0.9155130848491488;-1.952069506083573;-0.0294337159851859;-0.515528524387446;1.0365;0.7934;200;422;0.08283313325330131;0.08330632057510504;0.13925570228091236;0.056422569027611044;-0.12917271407837447;-0.08256880733944955;0.04;0.14;0.08625;-0.11212121212121212;0.1111111111111111;0.027829313543599257;13;0.19047619047619047;0.4074074074074074;34;0.2032967032967033;0.27388535031847133;54;0.036458333333333336;-0.16923076923076924;99;0.03282828282828283;-0.3793103448275862;27;0.2446043165467626;0.5038759689922481;32;0.08928571428571429;-0.5098039215686274;76;0.03225806451612903;-0.07772020725388601;65;0.052805280528052806;-0.3283018867924528;0.065;0.16;0.135;0.17;0.135;0.16;0.27;0.13;0.38;0.495;0.285;0.12871287128712872;0.3764705882352941;0.33663366336633666;0.3176470588235294;0.5346534653465347;0.30588235294117644;0.08;0.0;0.0;0.075;0.025;0.1;0.495;0.02;0.205;32;0.625;0.1;76.0;0.0;0.07894736842105263;0.07894736842105263;0.014218009478672985;0.07967953;-0.17388316151202748;-0.12772133526850507;1.018505046229547;-0.7;-0.7;0.0;0.012616401321718233;0.1496437054631829;0.1559778305621536;0.5360253365003959;0.1583531274742676;0.3079968329374505;0.4413619167717529;0.4600439026668535;1.5809630563728925;0.4670496473775162;0.9084115641492692;1263.0;0.131578947368421;0.4342105263157895;0.1800947867298578;0.5394736842105263;0.2926829268292683
Financials-01;2022;Italy;Financials;-0.1754;3.454219;0.0029002836680956;0.0042585432124568;-0.8818558297421732;-1.683303602432093;-0.4453171173330184;-0.7331902587462908;0.8014;0.6575;200;444;0.06487148102815178;0.06773813497480301;0.11015911872705018;0.04528763769889841;-0.17128874388254486;-0.13458262350936967;0.03;0.11;0.06758448060075094;-0.1624790619765494;0.07661290322580645;-0.04838709677419355;19;0.060240963855421686;-0.2727272727272727;39;0.12077294685990338;0.3076923076923077;46;0.05521472392638037;-0.13274336283185842;96;0.038461538461538464;-0.4316546762589928;39;0.12921348314606743;0.0;21;0.11494252873563218;-0.2602739726027397;70;0.026923076923076925;-0.3407821229050279;70;0.04452054794520548;-0.12953367875647667;0.095;0.205;0.195;0.195;0.165;0.105;0.23;0.145;0.35;0.48;0.365;0.18269230769230768;0.39805825242718446;0.375;0.32038834951456313;0.4423076923076923;0.2815533980582524;0.12;0.0;0.0;0.055;0.03;0.17;0.445;0.02;0.16;41;0.5365853658536586;0.11;108.0;0.0;0.05555555555555555;0.05555555555555555;0.013513513513513514;0.055886444;-0.15497301464919044;-0.11326860841423948;0.8124450600676594;-0.8918918918918919;-0.8918918918918919;0.0;0.01920263350402341;0.2380310182063385;0.10182063385030343;0.47403910991233983;0.1861092380310182;0.4241402562373567;0.822211352572613;0.351710805208115;1.6374350732536742;0.6428621340227797;1.4650734865953927;1483.0;-0.0185185185185185;0.3333333333333333;0.2432432432432432;0.5277777777777778;0.4035087719298245
Financials-01;2023;Italy;Financials;-0.0588;3.686762;0.0022700763799179;0.0051237270941147;-0.181063696621929;-1.5594929258615189;-0.6944227920371251;-0.1045355841031409;1.3783;1.6732;200;420;0.05694760820045558;0.05616349239827289;0.12072892938496584;0.06378132118451026;-0.1437308868501529;-0.1111111111111111;0.01;0.095;0.05733944954128441;-0.1388888888888889;0.08616187989556136;0.012396694214876033;21;0.07865168539325842;-0.16216216216216217;31;0.23684210526315788;0.1310344827586207;56;0.0371900826446281;0.006289308176100629;92;-0.005063291139240506;-0.3695652173913043;45;0.13846153846153847;-0.07262569832402235;16;0.189873417721519;0.34375;81;0.03508771929824561;-0.08849557522123894;58;-0.015267175572519083;-0.4486486486486487;0.105;0.215;0.225;0.155;0.17;0.08;0.28;0.205;0.405;0.46;0.41;0.19444444444444442;0.364406779661017;0.28703703703703703;0.288135593220339;0.5185185185185185;0.3474576271186441;0.14;0.0;0.0;0.08;0.005;0.115;0.525;0.03;0.105;43;0.4418604651162791;0.095;127.0;0.0;0.06299212598425197;0.06299212598425197;0.01904761904761905;0.061331645;-0.040989945862335654;-0.00641025641025641;0.5879509256960685;-0.7575757575757576;-0.7575757575757576;0.0;0.017156138841446972;0.25308641975308643;0.09876543209876543;0.44382716049382714;0.204320987654321;0.45740740740740743;0.9330693429826358;0.3641246216517603;1.636285018547598;0.7532828110420792;1.686352154024715;1620.0;-0.1259842519685039;0.3228346456692913;0.3023809523809523;0.4330708661417323;0.3272727272727272
Financials-01;2024;Italy;Financials;-0.0298;6.257806;0.0024007050171695;0.0047104055121955;-0.0067671969608048;-0.1906162143169177;-0.6427884561151457;-0.4048608098881102;0.1838;0.3027;200;1259;0.06997742663656885;0.0714583213926707;0.10270880361173815;0.0327313769751693;-0.01468189233278956;0.0843806104129264;0.09;0.155;0.0654911838790932;0.025048169556840076;0.08403361344537816;0.1310344827586207;39;0.036458333333333336;0.19117647058823528;45;0.11764705882352941;0.06315789473684211;43;0.052132701421800945;-0.05063291139240506;73;0.06870229007633588;-0.3023255813953488;84;0.03857566765578635;0.18309859154929578;29;0.14012738853503184;-0.008;42;0.05759162303664921;-0.08396946564885496;45;0.07960199004975124;-0.25;0.195;0.365;0.42;0.225;0.245;0.145;0.215;0.15;0.21;0.365;0.54;0.30708661417322836;0.48026315789473684;0.3543307086614173;0.3223684210526316;0.33858267716535434;0.19736842105263158;0.19;0.01;0.015;0.15;0.02;0.15;0.335;0.065;0.065;73;0.410958904109589;0.15;536.0;0.03171641791044776;0.04291044776119403;0.07462686567164178;0.03177124702144559;0.07939721;-0.015591268889421923;0.0709812108559499;1.5541628043184512;-0.4050632911392405;-0.21666666666666667;4.518967772624569;0.037332516448682775;0.32887070782199085;0.17404239494235776;0.18829800421470186;0.30878889302094953;0.6376596008429404;2.0580090139708798;1.089123503812708;1.178332337814461;1.9323409173771051;3.9903499313479847;8067.0;-0.003731343283582;0.2835820895522388;0.4257347100873709;0.4944029850746269;0.5320754716981132
Financials-02;2018;Italy;Financials;-0.265;3.328845;0.0023942077480024;0.0031154496632347;-1.4203719114537847;-1.7500552989542817;-0.6453566692253173;-1.5637779736906858;0.3295;-0.1297;200;220;0.07383419689119171;0.06936657861106754;0.09326424870466321;0.019430051813471502;-0.26537785588752194;-0.22448979591836735;0.025;0.08;0.0749665327978581;-0.2509090909090909;0.08442503639010189;-0.09468822170900693;1;;;7;;;106;0.0891304347826087;-0.1464968152866242;86;0.023890784982935155;-0.5450643776824035;11;0.1;-0.25;16;0.2127659574468085;-0.1568627450980392;114;0.043137254901960784;-0.3373134328358209;59;0.12;-0.14814814814814814;0.005;0.05;0.055;0.035;0.045;0.08;0.53;0.27;0.57;0.43;0.32;0.008771929824561403;0.13698630136986303;0.06140350877192982;0.1232876712328767;0.9298245614035087;0.7397260273972603;0.01;0.0;0.0;0.02;0.005;0.0;0.77;0.04;0.155;10;0.2;0.01;15.0;0.0;0.0;0.0;0.0;0.0006677151;-0.264026402640264;-0.2229965156794425;0.9834050399508296;-0.3333333333333333;-0.3333333333333333;0.0;0.03450731388897131;0.030744336569579287;0.12459546925566344;0.7896440129449838;0.05501618122977346;0.08576051779935275;0.1023431187718825;0.4147589550228925;2.628602208456773;0.1831403178023161;0.2854834365741986;618.0;-0.0666666666666666;0.4;0.0681818181818181;0.1333333333333333;0.0
Financials-02;2019;Italy;Financials;-0.2114;3.190799;0.0012518151319413;0.0047792795107662;-1.0982238982870172;-1.823553828937388;-1.096916796725272;-0.3548160019799352;0.7255;1.0966;200;236;0.06772009029345373;0.06833135462775995;0.1162528216704289;0.04853273137697517;-0.2560240963855422;-0.21337579617834396;0.03;0.105;0.06944444444444445;-0.2476489028213166;0.08311688311688312;-0.13793103448275862;8;;;14;0.015625;-0.1875;102;0.102880658436214;-0.05846153846153846;76;0.026755852842809364;-0.5573770491803278;18;0.06741573033707865;0.047619047619047616;11;-0.024390243902439025;-0.3888888888888889;115;0.07532956685499058;-0.2225201072386059;56;0.06666666666666667;-0.3958333333333333;0.04;0.09;0.09;0.07;0.04;0.055;0.51;0.26;0.575;0.38;0.32;0.06451612903225806;0.23076923076923075;0.11290322580645162;0.10256410256410256;0.8225806451612904;0.6666666666666666;0.03;0.0;0.0;0.025;0.025;0.03;0.71;0.04;0.14;18;0.4444444444444444;0.04;32.0;0.0;0.0;0.0;0.0;0.0014035162;-0.2175;-0.17195767195767195;1.1518626142045603;0.3333333333333333;0.3333333333333333;0.0;0.01847474176473611;0.10610465116279069;0.08284883720930232;0.7325581395348837;0.07848837209302326;0.18459302325581395;0.3385585752713106;0.2643539560337631;2.3374455059827475;0.2504405899267229;0.5889991651980335;688.0;-0.125;0.28125;0.135593220338983;0.40625;0.4615384615384615
Financials-02;2020;Italy;Financials;-0.0364;4.319538;0.0015703517587939;0.0044372730939895;-0.0464346761940262;-1.222589967365147;-0.97100698444818;-0.6033226341800633;1.1762;1.3601;200;250;0.11053984575835475;0.10715495406202302;0.13624678663239073;0.02570694087403599;-0.01768172888015717;0.03734439834024896;0.04;0.06;0.11333333333333333;0.03418803418803419;0.1121751025991792;0.046511627906976744;7;;;38;0.3333333333333333;0.4634146341463415;89;0.09176470588235294;-0.007407407407407408;66;0.004901960784313725;-0.39849624060150374;29;0.23484848484848486;0.22330097087378642;26;0.3103448275862069;-0.02127659574468085;105;0.0613107822410148;-0.07692307692307693;40;0.06956521739130435;-0.1232876712328767;0.035;0.175;0.145;0.19;0.19;0.13;0.445;0.28;0.525;0.33;0.445;0.05223880597014926;0.2713178294573643;0.2835820895522388;0.2945736434108527;0.6641791044776119;0.434108527131783;0.03;0.0;0.005;0.085;0.005;0.095;0.66;0.015;0.105;35;0.6;0.105;53.0;0.018867924528301886;0.03773584905660377;0.05660377358490566;0.012;0.057949353;-0.04035874439461883;0.004694835680751174;0.8388088913742485;0.1111111111111111;0.1111111111111111;0.0;0.0381874411725158;0.07474518686296716;0.12570781426953567;0.6183465458663646;0.1812004530011325;0.2559456398640997;0.3228646903434106;0.5429997064866452;2.670971529204579;0.7827022796203894;1.1055669699638;883.0;0.1320754716981132;0.2452830188679245;0.212;0.5849056603773585;0.6129032258064516
Financials-02;2021;Italy;Financials;0.053;4.319429;0.0020202339052068;0.0036237135816785;0.4908793606923359;-1.2226480012072585;-0.7931794700384746;-1.1944663220798752;1.7136;1.513;200;512;0.16600265604249667;0.16136274806373466;0.2098273572377158;0.043824701195219126;0.04424778761061947;0.07468123861566485;0.02;0.065;0.16508795669824086;0.052823315118397086;0.17956204379562044;0.1524008350730689;28;0.22123893805309736;0.3235294117647059;57;0.3;0.35064935064935066;55;0.1037344398340249;0.0847457627118644;60;0.07537688442211055;-0.39759036144578314;59;0.2890995260663507;0.35714285714285715;20;0.4;0.20754716981132076;66;0.032490974729241874;-0.116751269035533;55;0.15714285714285714;-0.07428571428571429;0.14;0.335;0.295;0.285;0.25;0.1;0.275;0.25;0.33;0.3;0.56;0.20000000000000004;0.4011976047904192;0.40714285714285714;0.29940119760479045;0.3928571428571429;0.29940119760479045;0.11;0.025;0.015;0.05;0.0;0.215;0.46;0.025;0.1;67;0.6417910447761194;0.215;160.0;0.00625;0.0625;0.06875;0.021484375;0.068732776;0.0593607305936073;0.10039525691699605;0.8230590922834011;-0.13636363636363635;-0.13636363636363635;0.0;0.04118149168156415;0.2049731182795699;0.13978494623655913;0.4260752688172043;0.22916666666666666;0.43413978494623656;0.8853667740718163;0.6037911114981567;1.840401753316497;0.9898690818311128;1.875235855902929;1488.0;0.50625;0.46875;0.3125;0.71875;0.408695652173913
Financials-02;2022;Italy;Financials;-0.2818;2.431861;0.0023922781422053;0.0061574712132663;-1.5213436767747115;-2.227628031364977;-0.6461193956536119;0.6465973099172726;0.7062;1.3526;200;885;0.06264775413711583;0.06454943032411255;0.09219858156028368;0.02955082742316785;-0.30036630036630035;-0.2611218568665377;0.04;0.095;0.06625;-0.29880478087649404;0.07724137931034483;-0.21256038647342995;11;0.23333333333333334;0.5;29;0.323943661971831;0.660377358490566;47;0.06572769953051644;-0.17757009345794392;113;0.016917293233082706;-0.49732620320855614;32;0.22115384615384615;0.48;15;0.4074074074074074;0.7142857142857143;56;0.05603448275862069;-0.24183006535947713;97;0.012422360248447204;-0.515527950310559;0.055;0.18;0.16;0.145;0.14;0.075;0.235;0.13;0.28;0.565;0.31;0.12643678160919541;0.39999999999999997;0.33333333333333337;0.3111111111111111;0.5402298850574713;0.2888888888888889;0.07;0.005;0.005;0.085;0.005;0.08;0.41;0.015;0.325;36;0.6388888888888888;0.115;148.0;0.013513513513513514;0.0472972972972973;0.060810810810810814;0.010169491525423728;0.06921974;-0.30583941605839415;-0.2768060836501901;0.911977581932895;0.5308641975308642;0.5308641975308642;0.0;0.10626268913291542;0.15250767656090072;0.10849539406345957;0.34800409416581374;0.390992835209826;0.5435005117707267;0.3708774113254511;0.2638456751711263;0.8462974486621033;0.9508400746733044;1.3217174859987555;1954.0;0.2702702702702703;0.3581081081081081;0.1672316384180791;0.6013513513513513;0.5056179775280899
Financials-02;2023;Italy;Financials;0.0096;3.804699;0.0017760515220927;0.0051509691029754;0.2300356336132742;-1.4967008411171756;-0.8896988509431044;-0.0847411605360902;1.7265;2.129;200;1089;0.08901515151515152;0.08620988961422082;0.13068181818181818;0.041666666666666664;-0.1168091168091168;-0.037267080745341616;0.035;0.055;0.09722222222222222;-0.05396825396825397;0.1083844580777096;0.010380622837370242;16;0.13636363636363635;-0.17391304347826086;41;0.4431818181818182;0.654320987654321;40;0.021052631578947368;0.06382978723404255;103;0.0;-0.5028248587570622;41;0.08928571428571429;-0.21518987341772153;22;0.4318181818181818;0.5555555555555556;45;0.04672897196261682;-0.06451612903225806;92;0.04905660377358491;-0.32051282051282054;0.08;0.265;0.205;0.205;0.18;0.11;0.2;0.17;0.225;0.515;0.45;0.16494845360824742;0.43089430894308944;0.422680412371134;0.2926829268292683;0.4123711340206186;0.2764227642276423;0.125;0.005;0.0;0.07;0.015;0.1;0.36;0.02;0.305;53;0.32075471698113206;0.085;260.0;0.0;0.04230769230769231;0.04230769230769231;0.010101010101010102;0.04238887;-0.22921672272945698;-0.1807967313585291;1.3077871815591375;0.7896389324960753;0.8095238095238095;0.355095622178258;0.17327824902210698;0.24700887688151293;0.11539945966808182;0.3018139714395986;0.33577769201080665;0.5827865688923196;0.9397944199706314;0.4390602055800293;1.148311306901615;1.277533039647577;2.2173274596182084;2591.0;-0.0576923076923076;0.2153846153846154;0.2387511478420569;0.4153846153846154;0.6018518518518519
Financials-02;2024;Italy;Financials;-0.1261;5.108378;0.0036122293548036;0.0059316056928947;-0.585551780318262;-0.8025953250584251;-0.1639022337430211;0.4824802727965191;0.2172;0.5404;200;1271;0.09238095238095238;0.09147984822591146;0.13142857142857142;0.039047619047619046;-0.11470985155195682;-0.06151645207439199;0.04;0.11;0.08868501529051988;-0.12781954887218044;0.09453302961275627;-0.045207956600361664;27;0.12962962962962962;0.017543859649122806;33;0.2540983606557377;0.45454545454545453;31;0.03968253968253968;-0.01639344262295082;109;0.017374517374517374;-0.45118733509234826;56;0.05555555555555555;-0.06666666666666667;21;0.36486486486486486;0.4473684210526316;35;0.005813953488372093;-0.20430107526881722;88;0.058823529411764705;-0.4019933554817276;0.135;0.27;0.28;0.165;0.16;0.105;0.155;0.11;0.175;0.545;0.385;0.2967032967032967;0.5;0.36263736263736257;0.2962962962962963;0.3406593406593406;0.2037037037037037;0.13;0.005;0.015;0.11;0.01;0.06;0.32;0.035;0.315;54;0.42592592592592593;0.115;423.0;0.07092198581560284;0.06619385342789598;0.13711583924349882;0.045633359559402044;0.14525388;-0.1475268817204301;-0.08873563218390805;1.4974618022451944;0.1826625386996904;0.34507042253521125;1.8705933138280013;0.09425918223411758;0.34960323401706844;0.15032190447671806;0.20676748016170085;0.2933073813445127;0.6429106153615811;1.785905496152846;0.7679011212580117;1.0562464626068866;1.4983249965582122;3.284230492711058;6679.0;-0.0898345153664302;0.2553191489361702;0.3328088119590873;0.4468085106382978;0.6296296296296297
Industrials-05;2018;Netherlands;Industrials;-0.3193;4.699121;0.001098901098901;0.0093109869646182;-1.746727081508924;-1.0204921702063918;-1.157360009755002;2.9379858351511463;-0.7264;1.3213;133;133;0.045351473922902494;0.039480533729605125;0.09297052154195011;0.047619047619047616;-0.3744075829383886;-0.32653061224489793;0.015037593984962405;0.09022556390977443;0.041189931350114416;-0.3684210526315789;0.06553398058252427;-0.13286713286713286;0;;;22;0.21666666666666667;0.3548387096774194;55;0.08433734939759036;-0.07142857142857142;56;-0.03255813953488372;-0.6935483870967742;4;;;12;0.08823529411764706;0.14285714285714285;70;0.05194805194805195;-0.4368932038834951;47;0.018518518518518517;-0.42857142857142855;0.0;0.022556390977443608;0.03007518796992481;0.16541353383458646;0.09774436090225563;0.09022556390977443;0.41353383458646614;0.40601503759398494;0.5263157894736842;0.42105263157894735;0.5037593984962406;0.0;0.04285714285714286;0.2857142857142857;0.18571428571428572;0.7142857142857142;0.7714285714285715;0.0;0.0;0.0;0.15789473684210525;0.03759398496240601;0.022556390977443608;0.6390977443609023;0.06015037593984962;0.08270676691729323;3;0.6666666666666666;0.015037593984962405;;;;;;;-0.3744075829383886;-0.32653061224489793;1.534369885433715;0.1111111111111111;0.1111111111111111;0.0;0.08975791433891993;0.0;0.09712230215827339;0.8597122302158273;0.04316546762589928;0.04316546762589928;0.0;0.4563894523326572;4.039891818796485;0.2028397565922921;0.2028397565922921;278.0;;;0.0;;
Industrials-05;2019;Netherlands;Industrials;-0.1832;5.630414;0.0011075640106847;0.0084779440985561;-0.9287355779268894;-0.5246526204653115;-1.1539357705796585;2.332685270692433;-0.4043;1.339;184;184;0.05245346869712352;0.054856863522085846;0.1218274111675127;0.06937394247038917;-0.2111111111111111;-0.15976331360946747;0.016304347826086956;0.07608695652173914;0.05008635578583765;-0.20903954802259886;0.0631768953068592;-0.06666666666666667;11;0.3076923076923077;0.3333333333333333;33;0.26732673267326734;0.6271186440677966;73;0.044642857142857144;-0.17829457364341086;67;-0.07929515418502203;-0.6233766233766234;16;0.35714285714285715;0.46153846153846156;23;0.08433734939759036;0.3488372093023256;92;0.006802721088435374;-0.3780487804878049;53;0.012658227848101266;-0.3228346456692913;0.059782608695652176;0.09782608695652174;0.08695652173913043;0.1793478260869565;0.16847826086956522;0.125;0.3967391304347826;0.3532608695652174;0.5;0.3641304347826087;0.5489130434782609;0.09401709401709402;0.15789473684210525;0.282051282051282;0.27192982456140347;0.6239316239316238;0.5701754385964912;0.04891304347826087;0.005434782608695652;0.005434782608695652;0.125;0.03804347826086957;0.043478260869565216;0.5869565217391305;0.08695652173913043;0.059782608695652176;18;0.7777777777777778;0.07608695652173914;14.0;0.0;0.07142857142857142;0.07142857142857142;0.005434782608695652;0.0890813;-0.2111111111111111;-0.15976331360946747;1.59930212271009;0.2727272727272727;0.2727272727272727;0.0;0.08888594515829912;0.1623931623931624;0.14102564102564102;0.6474358974358975;0.049145299145299144;0.21153846153846154;0.9143407122232916;0.7940327237728586;3.645332050048123;0.2767083734359961;1.1910490856592877;468.0;0.5;0.7142857142857143;0.0760869565217391;0.7857142857142857;0.2727272727272727
Industrials-05;2020;Netherlands;Industrials;-0.2863;5.339091;0.0011898323418063;0.0083780527872084;-1.5483896853428174;-0.6797589781306443;-1.1214170921776685;2.2601028507395493;-0.8688;0.822;200;206;0.04591104734576758;0.044630409142208234;0.14634146341463414;0.10043041606886657;-0.31494252873563217;-0.2531328320802005;0.035;0.105;0.052316890881913304;-0.3047619047619048;0.08485856905158069;-0.12080536912751678;17;-0.03125;-0.375;50;0.2692307692307692;0.30526315789473685;74;0.02857142857142857;-0.3333333333333333;59;-0.06465517241379311;-0.6228571428571429;20;0.05813953488372093;-0.29411764705882354;26;0.19767441860465115;0.43478260869565216;92;-0.016025641025641024;-0.5337423312883436;62;0.07042253521126761;-0.3191489361702128;0.085;0.14;0.1;0.25;0.2;0.13;0.37;0.29;0.46;0.295;0.545;0.12056737588652482;0.22222222222222224;0.35460992907801414;0.3174603174603175;0.524822695035461;0.4603174603174603;0.06;0.015;0.0;0.155;0.07;0.055;0.515;0.08;0.05;28;0.6785714285714286;0.095;23.0;0.0;0.13043478260869565;0.13043478260869565;0.014563106796116505;0.11983011;-0.3031674208144796;-0.2413793103448276;2.158920539730135;0.0;0.08333333333333333;1.260239445494644;0.08690176322418136;0.18198529411764705;0.17463235294117646;0.5772058823529411;0.0661764705882353;0.24816176470588236;0.9716360781234664;0.9323780547649426;3.081754833644126;0.353322210226715;1.3249582883501814;544.0;0.4347826086956521;0.4782608695652174;0.1116504854368932;0.7391304347826086;0.4705882352941176
Industrials-05;2021;Netherlands;Industrials;-0.0312;6.536231;0.0009588647041902;0.0054114664586583;-0.0151815107375487;-0.0423770171612856;-1.2127130043045462;0.1045398511124827;0.0273;0.6859;200;235;0.12481644640234948;0.12334510478329204;0.18208516886930984;0.05726872246696035;-0.022222222222222223;0.047619047619047616;0.02;0.065;0.1293233082706767;-0.008547008547008548;0.1501597444089457;0.23529411764705882;29;0.07142857142857142;-0.09090909090909091;59;0.3160621761658031;0.49514563106796117;69;0.0759493670886076;-0.1282051282051282;43;-0.006535947712418301;-0.4588235294117647;46;0.12258064516129032;-0.10112359550561797;23;0.24358974358974358;0.5217391304347826;80;0.06666666666666667;-0.23809523809523808;51;0.16292134831460675;0.15384615384615385;0.145;0.26;0.23;0.295;0.27;0.115;0.345;0.235;0.4;0.215;0.55;0.18471337579617836;0.33986928104575165;0.37579617834394907;0.35294117647058826;0.4394904458598726;0.3071895424836601;0.11;0.0;0.01;0.175;0.07;0.075;0.455;0.07;0.035;52;0.7692307692307693;0.2;58.0;0.017241379310344827;0.017241379310344827;0.034482758620689655;0.00851063829787234;0.041032486;-0.06605922551252848;-0.0024330900243309003;1.5360983102918586;0.3333333333333333;0.36585365853658536;0.43782837127845886;0.11134945397815912;0.2052980132450331;0.17350993377483442;0.48079470198675495;0.1403973509933775;0.3456953642384106;1.3418751623236085;1.134100943641243;3.142585057570773;0.9176694658471128;2.259544628170721;755.0;0.2586206896551724;0.4137931034482758;0.2468085106382978;0.6551724137931034;0.4736842105263157
Industrials-05;2022;Netherlands;Industrials;0.0665;6.027018;0.0024790236460717;0.0055482268953208;0.5720173863966524;-0.3134924927874363;-0.6118309993218825;0.2039118917119722;0.8852;1.2931;200;296;0.1824712643678161;0.18010859653867525;0.22701149425287356;0.04454022988505747;0.1092436974789916;0.16470588235294117;0.025;0.05;0.1873156342182891;0.12209302325581395;0.19119878603945373;0.23624595469255663;26;0.12987012987012986;0.21052631578947367;67;0.3904382470119522;0.4;60;0.12980769230769232;0.2087912087912088;47;-0.05;-0.5;46;0.2185430463576159;0.4411764705882353;26;0.3898305084745763;0.32432432432432434;74;0.10483870967741936;-0.11666666666666667;54;0.12290502793296089;-0.010526315789473684;0.13;0.245;0.23;0.335;0.25;0.13;0.3;0.24;0.37;0.235;0.565;0.16993464052287582;0.3333333333333333;0.43790849673202614;0.3401360544217687;0.39215686274509803;0.32653061224489793;0.1;0.01;0.0;0.16;0.085;0.105;0.42;0.065;0.055;49;0.7346938775510204;0.18;68.0;0.0;0.0;0.0;0.0;0.004596989;0.05947955390334572;0.11328125;1.1491204808627242;0.11392405063291139;0.1891891891891892;1.5883100381194408;0.12213858927601459;0.16091954022988506;0.18850574712643678;0.5091954022988506;0.1413793103448276;0.3022988505747126;0.9698649116730168;1.13612746795982;3.068929684793904;0.8520956009698649;1.8219605126428817;870.0;0.3088235294117647;0.4411764705882353;0.2297297297297297;0.7352941176470589;0.46
Industrials-05;2023;Netherlands;Industrials;0.1072;7.489515;0.0023018836145187;0.005348358311406;0.8166335083348508;0.4651709933309826;-0.6818501627065447;0.0586845911852839;0.3514;0.7216;200;435;0.1703204047217538;0.16868328847129269;0.21416526138279932;0.04384485666104553;0.09814323607427056;0.14049586776859505;0.03;0.05;0.16987740805604204;0.10614525139664804;0.17383512544802868;0.14714714714714713;23;0.10714285714285714;0.12;67;0.3582089552238806;0.676923076923077;65;0.13157894736842105;-0.07017543859649122;45;-0.0136986301369863;-0.42592592592592593;48;0.17123287671232876;0.6060606060606061;34;0.2692307692307692;0.7407407407407407;62;0.0967741935483871;-0.2857142857142857;56;0.1910828025477707;-0.02564102564102564;0.115;0.24;0.24;0.335;0.29;0.17;0.325;0.21;0.31;0.225;0.58;0.14838709677419354;0.32432432432432434;0.432258064516129;0.3918918918918919;0.41935483870967744;0.28378378378378377;0.105;0.0;0.005;0.2;0.065;0.1;0.44;0.04;0.045;48;0.5833333333333334;0.14;106.0;0.08490566037735849;0.0;0.08490566037735849;0.020689655172413793;0.0905851;0.11780104712041885;0.16986301369863013;1.1315982160686948;0.011764705882352941;0.10256410256410256;1.4233428222854818;0.14065896350531976;0.16933333333333334;0.16266666666666665;0.32866666666666666;0.3393333333333333;0.5086666666666667;1.268224485719992;1.218294387857;2.461553824645496;2.541441981226283;3.8096664669462754;1500.0;0.3018867924528302;0.3396226415094339;0.2436781609195402;0.5471698113207547;0.4655172413793103
Industrials-05;2024;Netherlands;Industrials;0.1091;7.762817;0.0025485690411531;0.004619395794366;0.8280529341747177;0.6106825999073628;-0.5843413893327349;-0.4709897401241268;0.2175;0.2742;200;910;0.1800356506238859;0.17410569352474656;0.21568627450980393;0.035650623885918005;0.16010498687664043;0.24858757062146894;0.075;0.095;0.18725868725868725;0.2603550295857988;0.19367588932806323;0.3333333333333333;27;0.11428571428571428;0.3333333333333333;91;0.2839506172839506;0.3269230769230769;55;0.12658227848101267;0.01098901098901099;27;0.044444444444444446;-0.34615384615384615;64;0.14942528735632185;0.34285714285714286;39;0.2376237623762376;0.25301204819277107;48;0.14189189189189189;-0.06422018348623854;49;0.21739130434782608;0.19327731092436976;0.135;0.375;0.32;0.455;0.415;0.195;0.275;0.225;0.24;0.135;0.7;0.15606936416184972;0.36945812807881767;0.5260115606936415;0.40886699507389157;0.3179190751445087;0.22167487684729062;0.115;0.0;0.0;0.265;0.065;0.095;0.33;0.095;0.035;75;0.5066666666666667;0.19;333.0;0.06006006006006006;0.006006006006006006;0.06606606606606606;0.024175824175824177;0.06866953;0.11873944850872256;0.22640345465761874;2.5673095912053188;0.03896103896103896;0.21212121212121213;3.364600326264274;0.13897863175196962;0.21769573520050922;0.19859961807765755;0.2829408020369192;0.3007638446849141;0.5184595798854233;1.6899320568252008;1.541692402717727;2.1964175416924023;2.3347745521927115;4.024706609017912;3142.0;0.0990990990990991;0.2072072072072072;0.3659340659340659;0.4024024024024024;0.5522388059701493
Consumer Staples-05;2018;Netherlands;Consumer Staples;-0.0307;7.903038;0.0111218719735074;0.0046344146967625;-0.0121763986744259;0.6853391446298548;2.804477577808217;-0.4600767961826584;-0.6978;-2.3301;200;402;0.11023622047244094;0.11391630698376753;0.13582677165354332;0.025590551181102362;-0.017921146953405017;0.01858736059479554;0.02;0.03;0.112;0.011152416356877323;0.1144578313253012;0.08571428571428572;36;0.1875;-0.1044776119402985;38;0.25555555555555554;0.36666666666666664;62;0.06578947368421052;0.21212121212121213;64;0.043010752688172046;-0.3953488372093023;70;0.12574850299401197;-0.010526315789473684;26;0.19444444444444445;0.09433962264150944;63;0.03571428571428571;-0.12941176470588237;41;0.1485148514851485;0.043478260869565216;0.18;0.36;0.35;0.19;0.215;0.13;0.31;0.225;0.315;0.32;0.575;0.2647058823529412;0.45;0.27941176470588236;0.26875000000000004;0.4558823529411765;0.28125000000000006;0.085;0.03;0.065;0.095;0.03;0.03;0.555;0.045;0.065;72;0.4166666666666667;0.15;145.0;0.15172413793103448;0.006896551724137931;0.1586206896551724;0.057213930348258696;0.15965827;-0.06020066889632107;-0.019197207678883072;0.9772496286451411;0.17647058823529413;0.21951219512195122;0.6801178871004308;0.14706764911812756;0.27941176470588236;0.18067226890756302;0.3242296918767507;0.21568627450980393;0.4950980392156863;2.2082018927444795;1.4278598704964305;2.5623996900769277;1.704576899662405;3.9127787924068844;1428.0;0.0896551724137931;0.3517241379310344;0.3606965174129353;0.3793103448275862;0.5818181818181818
Consumer Staples-05;2019;Netherlands;Consumer Staples;-0.021;6.835574;0.0101590632675935;0.0043517862564517;0.0461227753501569;0.1169993534741044;2.4239026197000366;-0.6654385625715814;-0.071;-1.6157;200;533;0.12754158964879853;0.12355712777805858;0.16266173752310537;0.03512014787430684;-0.03821656050955414;-0.0033003300330033004;0.01;0.04;0.12825278810408922;-0.022653721682847898;0.13229571984435798;0.12903225806451613;29;0.09859154929577464;-0.10526315789473684;49;0.29545454545454547;0.3695652173913043;39;0.06086956521739131;0.15555555555555556;83;0.07174887892376682;-0.35251798561151076;50;0.16666666666666666;-0.06521739130434782;28;0.24175824175824176;0.10144927536231885;57;0.03508771929824561;-0.2;65;0.13333333333333333;0.0410958904109589;0.145;0.27;0.25;0.245;0.225;0.14;0.195;0.16;0.285;0.415;0.55;0.24786324786324787;0.4122137404580153;0.4188034188034188;0.3435114503816794;0.33333333333333337;0.24427480916030533;0.08;0.015;0.055;0.115;0.055;0.075;0.485;0.03;0.09;54;0.5370370370370371;0.145;154.0;0.11688311688311688;0.012987012987012988;0.12987012987012986;0.037523452157598496;0.12952647;-0.05444887118193891;-0.013850415512465374;0.9244073356195021;0.22330097087378642;0.3125;1.1688094840540992;0.1515281854063354;0.280202403542062;0.211258697027198;0.3390259329538267;0.16951296647691336;0.4497153700189753;1.9153443728652344;1.4440745384582123;2.31743698387306;1.15871849193653;3.0740628648017645;1581.0;0.1883116883116883;0.474025974025974;0.2889305816135084;0.5584415584415584;0.3837209302325581
Consumer Staples-05;2020;Netherlands;Consumer Staples;0.0764;7.357799;0.0087414898539229;0.0043268228261625;0.6315186052464845;0.3950426855549163;1.8635701889594245;-0.6835773391706153;0.2362;-1.0374;200;782;0.1582608695652174;0.16180553933848504;0.2;0.04173913043478261;0.05649717514124294;0.0872093023255814;0.015;0.04;0.16140350877192983;0.06896551724137931;0.16337522441651706;0.17218543046357615;38;0.2;-0.014084507042253521;65;0.3081081081081081;0.4;33;0.05813953488372093;0.02040816326530612;64;0.04020100502512563;-0.3829787234042553;68;0.21761658031088082;-0.0070921985815602835;36;0.2549019607843137;0.2289156626506024;47;0.034482758620689655;-0.17142857142857143;49;0.13333333333333333;0.23333333333333334;0.19;0.345;0.34;0.325;0.325;0.18;0.165;0.14;0.235;0.32;0.6;0.27941176470588236;0.42592592592592593;0.4779411764705882;0.40123456790123463;0.2426470588235294;0.17283950617283952;0.12;0.025;0.055;0.175;0.045;0.085;0.375;0.03;0.09;69;0.5797101449275363;0.2;279.0;0.13978494623655913;0.025089605734767026;0.16487455197132617;0.058823529411764705;0.16460474;0.07913669064748201;0.1212624584717608;0.9229983700241551;0.04081632653061224;0.0625;0.3017956843217142;0.11515604365051783;0.3546128500823723;0.2055189456342669;0.2574135090609555;0.18245469522240526;0.5370675453047776;2.6091699748477226;1.512167035364708;1.893996787781448;1.3424649231794905;3.951634898027213;2428.0;0.1362007168458781;0.4516129032258064;0.3567774936061381;0.5161290322580645;0.3958333333333333
Consumer Staples-05;2021;Netherlands;Consumer Staples;0.0262;7.946955;0.0063779972550391;0.0049612186430018;0.3298053541089523;0.7087214587951919;0.929338818507301;-0.2226164910952724;-0.3786;-0.9546;200;947;0.13877551020408163;0.13936040450115594;0.1816326530612245;0.04285714285714286;0.058394160583941604;0.10687022900763359;0.02;0.025;0.14435146443514643;0.10077519379844961;0.14675052410901468;0.2;51;0.14960629921259844;0.2653061224489796;60;0.30405405405405406;0.375;27;0.01639344262295082;-0.3;62;0.01948051948051948;-0.3548387096774194;87;0.14218009478672985;0.008403361344537815;31;0.3111111111111111;0.4482758620689655;31;0.05714285714285714;-0.25925925925925924;51;0.05042016806722689;-0.05714285714285714;0.255;0.405;0.435;0.3;0.275;0.155;0.135;0.14;0.155;0.31;0.645;0.3695652173913044;0.49390243902439024;0.4347826086956522;0.3353658536585366;0.19565217391304351;0.17073170731707318;0.175;0.015;0.085;0.205;0.02;0.045;0.345;0.04;0.07;81;0.5925925925925926;0.24;403.0;0.08436724565756824;0.05955334987593052;0.14392059553349876;0.061246040126715945;0.14232382;0.032936229852838124;0.07591240875912408;0.9179630882210841;-0.028901734104046242;0.024390243902439025;0.9512736497199028;0.13221997065194604;0.4317617866004963;0.18238213399503722;0.20409429280397023;0.18176178660049627;0.6135235732009926;3.4311913037047987;1.44938253346151;1.6219280731593086;1.4444526608987158;4.875643964603515;3224.0;0.119106699751861;0.4168734491315136;0.4255543822597676;0.4516129032258064;0.4175824175824176
Consumer Staples-05;2022;Netherlands;Consumer Staples;-0.0396;8.883316;0.0072507110335314;0.0042954453029686;-0.0656673933980123;1.207259315984184;1.2743014342897228;-0.7063766851278245;-1.2729;-2.2633;200;1071;0.0838095238095238;0.07825065249488468;0.15428571428571428;0.07047619047619047;-0.14583333333333334;-0.10869565217391304;0.03;0.055;0.09001956947162426;-0.13454545454545455;0.09919028340080972;-0.07450980392156863;68;0.05357142857142857;-0.3411764705882353;60;0.21739130434782608;0.17307692307692307;22;0.08928571428571429;0.7142857142857143;50;-0.03571428571428571;-0.4823529411764706;100;0.04583333333333333;-0.2537313432835821;43;0.17647058823529413;0.13924050632911392;33;0.046296296296296294;-0.16666666666666666;24;0.1206896551724138;-0.3333333333333333;0.34;0.535;0.5;0.3;0.32;0.215;0.11;0.125;0.165;0.25;0.755;0.45333333333333337;0.5459183673469388;0.39999999999999997;0.326530612244898;0.14666666666666667;0.12755102040816327;0.205;0.03;0.13;0.17;0.025;0.065;0.27;0.045;0.06;107;0.5233644859813084;0.28;561.0;0.11764705882352941;0.0481283422459893;0.1657754010695187;0.08683473389355742;0.16372672;-0.017341040462427744;0.038696537678207736;1.2479386727280832;-0.1724137931034483;-0.15953307392996108;0.35158653423573877;0.14458367222448149;0.4933799650262303;0.17811641269048215;0.14838870846864852;0.180114913814639;0.6734948788408693;4.382850295148906;1.582264435666415;1.3181838356042783;1.6000177533176512;5.982868048466557;4003.0;0.0606060606060606;0.4117647058823529;0.5238095238095238;0.4705882352941176;0.375
Consumer Staples-05;2023;Netherlands;Consumer Staples;-0.0509;9.316911;0.006931074316519;0.0044121154304793;-0.1335829260245883;1.438114212960735;1.147956783021356;-0.621602543346244;-1.5716;-2.4564;200;1232;0.1272365805168986;0.12239464519038115;0.16302186878727634;0.03578528827037773;0.03180212014134275;0.07352941176470588;0.03;0.045;0.1346938775510204;0.058823529411764705;0.13958333333333334;0.14644351464435146;68;0.14743589743589744;0.10112359550561797;56;0.2413793103448276;0.3584905660377358;25;0.05454545454545454;-0.1;51;0.02040816326530612;-0.5294117647058824;97;0.15126050420168066;0.16030534351145037;33;0.25252525252525254;0.3333333333333333;31;0.04819277108433735;-0.1111111111111111;39;-0.012048192771084338;-0.5;0.34;0.525;0.485;0.28;0.285;0.165;0.125;0.18;0.155;0.255;0.74;0.45637583892617445;0.5303030303030303;0.3758389261744966;0.28787878787878785;0.16778523489932884;0.18181818181818182;0.24;0.025;0.09;0.155;0.04;0.075;0.275;0.03;0.07;105;0.5238095238095238;0.275;689.0;0.12191582002902758;0.04499274310595065;0.16690856313497823;0.09334415584415584;0.16365092;0.009564293304994687;0.06502242152466367;1.2484712596820222;-0.3687150837988827;-0.3151515151515151;2.0363636363636366;0.14905795373241115;0.5059632100262785;0.16110774206589853;0.14149989892864362;0.19142914897917931;0.6973923590054578;4.714013974424168;1.5010264233384183;1.3183419025557;1.783528259600354;6.497542234024522;4947.0;0.1204644412191582;0.4078374455732946;0.5592532467532467;0.4920174165457184;0.4365781710914454
Consumer Staples-05;2024;Netherlands;Consumer Staples;-0.174;10.338143;0.0057623878060438;0.0052598725880776;-0.8734415159654292;1.9818391363319872;0.6860033160099537;-0.0056103694454928;-2.8555;-3.2013;200;1443;0.06963249516441006;0.0722109353749849;0.13733075435203096;0.06769825918762089;-0.1118421052631579;-0.03225806451612903;0.05;0.1;0.06365503080082136;-0.0989010989010989;0.08061002178649238;0.058823529411764705;79;0.00510204081632653;-0.26126126126126126;64;0.17105263157894737;0.008264462809917356;13;0.21951219512195122;0.6842105263157895;44;0.0;-0.3584905660377358;106;0.019762845849802372;-0.1386861313868613;45;0.1282051282051282;-0.275;19;0.11594202898550725;0.4375;30;0.10256410256410256;-0.12727272727272726;0.395;0.585;0.53;0.32;0.32;0.225;0.065;0.09;0.095;0.22;0.78;0.5064102564102564;0.5879396984924623;0.41025641025641024;0.32160804020100503;0.08333333333333333;0.09045226130653267;0.215;0.06;0.13;0.18;0.03;0.09;0.175;0.035;0.085;117;0.5470085470085471;0.32;832.0;0.08653846153846154;0.040865384615384616;0.12740384615384615;0.07345807345807345;0.12593342;-0.13973147687717555;-0.0546448087431694;2.085013247321737;-0.312;-0.2164009111617312;2.7566883586406363;0.203124713139584;0.4987146529562982;0.18236806290639648;0.14108574020867987;0.17783154392862544;0.6765461968849237;5.15578345084184;1.8853471321149968;1.458564572357622;1.8384479497240764;6.9942314005659165;6613.0;-0.0348557692307692;0.3149038461538461;0.5765765765765766;0.3834134615384615;0.4858934169278996
Technology-02;2018;Netherlands;Technology;0.0661;5.535995;0.0004551143474798;0.0058435328662383;0.5696132967461542;-0.5749232382483327;-1.411833317326723;0.4184853286460526;1.1448;2.06;200;386;0.09312320916905444;0.0940558753245881;0.1504297994269341;0.05730659025787966;0.13259668508287292;0.24242424242424243;0.045;0.1;0.11026033690658499;0.1701492537313433;0.14839797639123103;0.41312741312741313;11;0.425;0.6571428571428571;54;0.23318385650224216;0.22857142857142856;62;0.050505050505050504;0.38235294117647056;73;-0.05907172995780591;-0.2773109243697479;19;0.35714285714285715;0.6888888888888889;32;0.21138211382113822;0.14705882352941177;84;-0.0033003300330033004;-0.047619047619047616;65;0.09259259259259259;0.10569105691056911;0.055;0.12;0.095;0.27;0.21;0.16;0.31;0.29;0.42;0.365;0.515;0.08661417322834646;0.19354838709677422;0.4251968503937008;0.33870967741935487;0.4881889763779527;0.467741935483871;0.035;0.01;0.025;0.185;0.02;0.045;0.52;0.08;0.08;24;0.625;0.075;49.0;0.08163265306122448;0.02040816326530612;0.1020408163265306;0.012953367875647666;0.10019474;0.05263157894736842;0.13671274961597543;1.6764999838798078;0.20588235294117646;0.28125;1.183431952662722;0.09826438352181877;0.11154598825831702;0.2465753424657534;0.541095890410959;0.10078277886497064;0.21232876712328766;0.6175180109419859;1.3650398136612318;2.9955040355343696;0.5579329397107415;1.1754509506527273;1022.0;0.1428571428571428;0.2857142857142857;0.1269430051813471;0.5918367346938775;0.6206896551724138
Technology-02;2019;Netherlands;Technology;0.1059;6.413817;0.0027041422542713;0.0052097499738466;0.8088202169707315;-0.1075527487967694;-0.5228470668348812;-0.0420301599774942;0.9163;1.1567;200;569;0.11826347305389222;0.1282111185039589;0.18712574850299402;0.0688622754491018;0.09273182957393483;0.1503957783641161;0.045;0.065;0.12101910828025478;0.11413043478260869;0.1323529411764706;0.20833333333333334;31;0.11607142857142858;0.1282051282051282;53;0.20098039215686275;0.3893129770992366;39;0.07692307692307693;0.2830188679245283;77;0.06808510638297872;-0.2846715328467153;49;0.1875;0.21568627450980393;22;0.05263157894736842;-0.2;56;0.05421686746987952;0.0;73;0.1417004048582996;0.1891891891891892;0.155;0.275;0.245;0.265;0.19;0.11;0.195;0.195;0.28;0.385;0.535;0.25203252032520324;0.4166666666666667;0.43089430894308944;0.28787878787878785;0.3170731707317073;0.29545454545454547;0.11;0.005;0.065;0.155;0.035;0.045;0.41;0.085;0.09;55;0.6181818181818182;0.17;157.0;0.07643312101910828;0.025477707006369428;0.10191082802547771;0.028119507908611598;0.09813491;0.11193339500462535;0.17268292682926828;1.2859668863526765;0.045871559633027525;0.2127659574468085;3.5310734463276834;0.0888795899152631;0.2846975088967972;0.21648873072360617;0.4027283511269276;0.09608540925266904;0.3807829181494662;1.8259976414197128;1.3885190398295737;2.5830258302583027;0.6162742039791532;2.442271845398866;1686.0;0.2292993630573248;0.3312101910828025;0.2759226713532513;0.6369426751592356;0.56
Technology-02;2020;Netherlands;Technology;0.1514;6.627504;0.0034987434090573;0.0052200855420469;1.0822854147149092;0.0062186055090422;-0.2087604789821619;-0.0345201919788212;1.0763;1.1634;200;771;0.10483870967741936;0.10432795862997732;0.1596774193548387;0.054838709677419356;0.0748663101604278;0.1452991452991453;0.04;0.07;0.11035653650254669;0.13218390804597702;0.13595706618962433;0.2347266881028939;32;0.09345794392523364;-0.1111111111111111;59;0.15763546798029557;0.08450704225352113;46;0.11333333333333333;0.10810810810810811;63;0.0375;0.18604651162790697;51;0.12080536912751678;0.07692307692307693;25;0.18181818181818182;0.2830188679245283;61;0.041237113402061855;-0.0851063829787234;63;0.11797752808988764;0.10294117647058823;0.16;0.245;0.255;0.295;0.21;0.125;0.23;0.18;0.305;0.315;0.515;0.23357664233576644;0.3858267716535433;0.43065693430656937;0.3307086614173228;0.33576642335766427;0.28346456692913385;0.125;0.015;0.05;0.18;0.045;0.035;0.43;0.055;0.065;49;0.5102040816326531;0.125;208.0;0.10576923076923077;0.019230769230769232;0.125;0.03372243839169909;0.122331135;0.14583333333333334;0.20689655172413793;1.2696990066472476;0.21311475409836064;0.3333333333333333;1.8867924528301887;0.09817128616172162;0.2972727272727273;0.21681818181818183;0.385;0.1009090909090909;0.3981818181818182;1.9701762313601443;1.4369633981021237;2.551589094743184;0.6687754179846362;2.6389516493447807;2200.0;0.2019230769230769;0.3317307692307692;0.2697795071335927;0.5625;0.5811965811965812
Technology-02;2021;Netherlands;Technology;0.1251;7.132159;0.0043668768688752;0.0054470897851765;0.9242165201946482;0.2749073081778959;0.1343916477831646;0.1304242569790231;0.6492;0.6472;200;805;0.1570945945945946;0.15068105749181798;0.22128378378378377;0.06418918918918919;0.07042253521126761;0.15501519756838905;0.04;0.07;0.16049382716049382;0.1536050156739812;0.1922365988909427;0.29285714285714287;33;0.12121212121212122;-0.04918032786885246;60;0.23036649214659685;0.23076923076923078;44;0.12931034482758622;0.6818181818181818;63;0.11827956989247312;-0.26666666666666666;50;0.16417910447761194;0.12941176470588237;43;0.22388059701492538;0.2;62;0.042328042328042326;-0.1134020618556701;45;0.24444444444444444;0.07692307692307693;0.165;0.25;0.25;0.3;0.29;0.215;0.22;0.195;0.31;0.315;0.56;0.24087591240875916;0.34013605442176864;0.43795620437956206;0.39455782312925164;0.3211678832116789;0.26530612244897955;0.13;0.015;0.02;0.22;0.04;0.03;0.4;0.055;0.09;50;0.48;0.12;225.0;0.1111111111111111;0.044444444444444446;0.15555555555555556;0.043478260869565216;0.15374191;0.11748998664886515;0.18471337579617833;1.4336554841538902;0.216;0.29914529914529914;1.318608867644635;0.09283003855805129;0.29744177166857577;0.21000381825124093;0.36617029400534556;0.12638411607483774;0.4238258877434135;2.1214019226055933;1.4977805615315487;2.6115846518341;0.901391574303532;3.0227934969091255;2619.0;0.1955555555555555;0.3422222222222222;0.2795031055900621;0.48;0.5092592592592593
Technology-02;2022;Netherlands;Technology;0.105;8.341268;0.0041805905084093;0.0051060208495851;0.8034110152571103;0.9186618109475804;0.0607571621423624;-0.1174011883173613;-0.1153;-0.2044;200;828;0.0932475884244373;0.08654650231266328;0.1752411575562701;0.0819935691318328;-0.02997275204359673;0.0626865671641791;0.04;0.105;0.10252100840336134;-0.008695652173913044;0.1391465677179963;0.22137404580152673;41;0.11940298507462686;0.2702702702702703;61;0.211340206185567;0.011764705882352941;50;0.087248322147651;0.2653061224489796;48;-0.08275862068965517;-0.6216216216216216;52;0.09523809523809523;0.11711711711711711;54;0.22413793103448276;-0.03937007874015748;61;0.026041666666666668;-0.08196721311475409;33;-0.022727272727272728;-0.20588235294117646;0.205;0.35;0.26;0.305;0.31;0.27;0.25;0.205;0.305;0.24;0.635;0.26973684210526316;0.4046242774566474;0.4013157894736842;0.35838150289017345;0.32894736842105265;0.2369942196531792;0.115;0.015;0.055;0.215;0.035;0.065;0.41;0.035;0.055;70;0.4714285714285714;0.165;267.0;0.10112359550561797;0.04119850187265917;0.14232209737827714;0.04589371980676329;0.14461952;0.07776261937244201;0.16863905325443787;1.9;0.2490974729241877;0.32061068702290074;1.4278914802475011;0.14899652506914404;0.3265244818263743;0.21267647942325021;0.3436467407629919;0.1171522979873836;0.44367677981375786;2.723628163367577;1.7739914808318715;2.8664495114006514;0.9771986970684038;3.700826860435981;3329.0;0.1722846441947565;0.3895131086142322;0.322463768115942;0.4569288389513108;0.4672131147540984
Technology-02;2023;Netherlands;Technology;0.1414;9.354584;0.0047782113562156;0.0050941956687599;1.0221831734524525;1.458172093088037;0.2969822063504812;-0.1259935296240877;-0.4358;-0.6473;200;1020;0.10652920962199312;0.10123745108797788;0.16151202749140894;0.054982817869415807;0.037900874635568516;0.13015873015873017;0.065;0.095;0.11439114391143912;0.08970099667774087;0.1076923076923077;0.18631178707224336;54;0.15337423312883436;0.09803921568627451;61;0.21787709497206703;0.216;46;0.06086956521739131;-0.046153846153846156;39;-0.072;-0.4117647058823529;65;0.19387755102040816;0.22950819672131148;34;0.06140350877192982;0.07042253521126761;74;0.025252525252525252;-0.19230769230769232;27;0.16216216216216217;0.0;0.27;0.41;0.325;0.305;0.32;0.17;0.23;0.235;0.37;0.195;0.685;0.33540372670807456;0.42487046632124353;0.37888198757763975;0.3316062176165803;0.28571428571428575;0.24352331606217617;0.19;0.005;0.07;0.23;0.04;0.035;0.34;0.05;0.04;82;0.6463414634146342;0.265;383.0;0.09138381201044386;0.057441253263707574;0.14882506527415143;0.05588235294117647;0.14968795;0.10254957507082153;0.17654171704957677;1.5772646536412078;0.29705215419501135;0.3883495145631068;1.9568151147098516;0.17395387053230824;0.3594306049822064;0.18772241992882563;0.29937722419928825;0.1534697508896797;0.5129003558718861;3.3623236652656985;1.7560650826016395;2.800549290499771;1.4356456244018143;4.797969289667513;4496.0;0.2323759791122715;0.412532637075718;0.3754901960784313;0.5013054830287206;0.5104166666666666
Technology-02;2024;Netherlands;Technology;0.1945;10.667143;0.0046615976884062;0.0047838745800671;1.341326074556097;2.157005503806901;0.2508876483465796;-0.3514771605410214;-0.8159;-1.1171;200;1354;0.14800759013282733;0.14648035038580703;0.20113851992409867;0.05313092979127135;0.4394904458598726;0.4819672131147541;0.015;0.025;0.15296367112810708;0.4768211920529801;0.15922330097087378;0.5673758865248227;71;0.164021164021164;0.6790123456790124;51;0.2;0.2713178294573643;39;0.17;0.6727272727272727;39;0.04424778761061947;0.22448979591836735;96;0.15354330708661418;0.5588235294117647;33;0.08860759493670886;0.28125;43;0.1440677966101695;0.38461538461538464;28;0.19736842105263158;0.3877551020408163;0.355;0.52;0.48;0.255;0.31;0.165;0.195;0.205;0.215;0.195;0.755;0.4409937888198758;0.502415458937198;0.31677018633540377;0.29951690821256033;0.24223602484472054;0.1980676328502415;0.295;0.03;0.055;0.17;0.035;0.055;0.26;0.06;0.04;104;0.5673076923076923;0.295;681.0;0.13215859030837004;0.06607929515418502;0.19823788546255505;0.09970457902511078;0.19878434;0.16276978417266186;0.2547307132459971;1.8425574244890577;0.2899728997289973;0.4272863568215892;3.0654980354906955;0.20748936170212767;0.38579123598777115;0.18459746688018636;0.22623380404716845;0.20337749308487407;0.5891687290726452;4.11529024443271;1.9691275584681804;2.4132683169239373;2.169456781687735;6.284747026120446;6869.0;0.0866372980910425;0.3627019089574155;0.5029542097488922;0.4698972099853157;0.446875
Financials-09;2018;Netherlands;Financials;-0.0947;5.232504;0.0015004006751803;0.0066834914280741;-0.3968307427541483;-0.7365080894073882;-0.998656953286614;1.0288109341032077;0.34;1.3537;200;525;0.08323424494649227;0.08695007759665763;0.14982164090368608;0.06658739595719382;0.04477611940298507;0.09131403118040089;0.03;0.075;0.09801488833746898;0.07079646017699115;0.11300919842312747;0.23076923076923078;25;0.10434782608695652;0.1935483870967742;37;0.18324607329842932;0.2727272727272727;76;0.08201892744479496;0.11801242236024845;62;-0.013761467889908258;-0.40350877192982454;30;0.16666666666666666;0.14705882352941177;25;0.14166666666666666;0.41818181818181815;83;0.04477611940298507;-0.22916666666666666;62;0.06299212598425197;0.2077922077922078;0.125;0.195;0.15;0.185;0.165;0.125;0.38;0.21;0.415;0.31;0.435;0.1811594202898551;0.3421052631578948;0.26811594202898553;0.2894736842105263;0.5507246376811594;0.368421052631579;0.115;0.005;0.0;0.12;0.075;0.015;0.47;0.075;0.125;39;0.5641025641025641;0.11;110.0;0.01818181818181818;0.03636363636363636;0.05454545454545454;0.011428571428571429;0.060463645;-0.10820624546114742;-0.06757782839787396;1.1251547087724563;0.13580246913580246;0.24324324324324326;1.6953257447323806;0.071864937777391;0.23040095751047276;0.18073010173548773;0.46259724715739076;0.12627169359664872;0.3566726511071215;1.2055738218255831;0.9456708940034444;2.4205417253796777;0.660717081571943;1.8662909033975261;1671.0;0.0818181818181818;0.2636363636363636;0.2095238095238095;0.5545454545454546;0.6229508196721312
Financials-09;2019;Netherlands;Financials;-0.1231;5.520255;0.0017046357424555;0.0064583024737075;-0.5675211079395251;-0.5833035380174973;-0.9179277786384517;0.8651854992774219;0.0157;0.9072;200;663;0.10369487485101311;0.10252681363893493;0.15852205005959474;0.054827175208581644;-0.009671179883945842;0.028112449799196786;0.03;0.075;0.10025062656641603;-0.030425963488843813;0.1280323450134771;0.11435523114355231;18;0.14772727272727273;0.16666666666666666;54;0.19548872180451127;0.27956989247311825;70;0.0979020979020979;0.1079136690647482;58;-0.03015075376884422;-0.5555555555555556;33;0.17880794701986755;0.13253012048192772;27;0.18243243243243243;0.25925925925925924;77;0.04361370716510903;-0.13656387665198239;63;0.0867579908675799;-0.047619047619047616;0.09;0.205;0.165;0.27;0.205;0.135;0.35;0.22;0.385;0.29;0.46;0.1267605633802817;0.32539682539682535;0.3802816901408451;0.32539682539682535;0.49295774647887325;0.3492063492063492;0.085;0.01;0.0;0.13;0.08;0.025;0.545;0.065;0.06;41;0.6341463414634146;0.13;130.0;0.038461538461538464;0.038461538461538464;0.07692307692307693;0.015082956259426848;0.09258401;-0.12089201877934272;-0.07815384615384616;1.2462926736921816;-0.16483516483516483;-0.11627906976744186;1.21300339640951;0.06105762109317138;0.1986401165614376;0.1821272462360369;0.47935891209324916;0.13987372510927634;0.33851384167071397;1.0965441432746186;1.005388884420494;2.64618354379474;0.7721386632349393;1.868682806509558;2059.0;0.0538461538461538;0.3153846153846154;0.196078431372549;0.6076923076923076;0.5316455696202531
Financials-09;2020;Netherlands;Financials;-0.1859;4.960272;0.0039022944503445;0.0073129144300599;-0.9449631830677528;-0.8814500059740473;-0.0492465280913482;1.486158465552937;-0.0632;0.7045;200;642;0.07129455909943715;0.07284975320268527;0.14071294559099437;0.06941838649155722;-0.20417287630402384;-0.15772870662460567;0.045;0.095;0.07101167315175097;-0.21587301587301588;0.10061601642710473;-0.07307692307692308;19;0.07894736842105263;0.4642857142857143;52;0.1511627906976744;0.06930693069306931;66;0.10377358490566038;-0.14705882352941177;63;-0.06206896551724138;-0.7033492822966507;28;0.08383233532934131;0.14285714285714285;30;0.10215053763440861;0.16279069767441862;85;0.06636155606407322;-0.38271604938271603;57;0.050724637681159424;-0.23529411764705882;0.095;0.215;0.14;0.26;0.195;0.15;0.33;0.225;0.425;0.315;0.49;0.1386861313868613;0.33858267716535434;0.3795620437956204;0.30708661417322836;0.4817518248175182;0.3543307086614173;0.085;0.005;0.0;0.2;0.04;0.06;0.445;0.07;0.095;43;0.7441860465116279;0.16;135.0;0.06666666666666667;0.02962962962962963;0.0962962962962963;0.020249221183800622;0.10133949;-0.18500948766603414;-0.13711702661978906;1.5616240890526147;-0.20408163265306123;-0.10344827586206896;2.5864095932283093;0.053716450899905274;0.21064814814814814;0.19537037037037036;0.4634259259259259;0.13055555555555556;0.34120370370370373;1.044872089284894;0.9690901575345612;2.298718596426767;0.6475910531392092;1.6924631424241032;2160.0;-0.0222222222222222;0.2444444444444444;0.2102803738317757;0.5703703703703704;0.6493506493506493
Financials-09;2021;Netherlands;Financials;-0.2263;5.423154;0.0034184733847429;0.0078525845195214;-1.1877762377680774;-0.635002107768809;-0.2404892751107652;1.878290279029294;-0.5526;0.5068;200;668;0.03428571428571429;0.03639118012927827;0.1361904761904762;0.1019047619047619;-0.29745042492917845;-0.25301204819277107;0.03;0.115;0.03980099502487562;-0.29394812680115273;0.06578947368421052;-0.1603960396039604;33;0.04568527918781726;-0.08928571428571429;35;0.21904761904761905;-0.05583756345177665;55;0.08163265306122448;-0.0948905109489051;77;-0.12320916905444126;-0.676923076923077;43;0.05511811023622047;-0.14492753623188406;24;0.059602649006622516;0.0958904109589041;70;0.04610951008645533;-0.4061433447098976;63;-0.010067114093959731;-0.38613861386138615;0.165;0.275;0.215;0.175;0.19;0.12;0.275;0.19;0.35;0.385;0.465;0.2682926829268293;0.41984732824427484;0.2845528455284553;0.2900763358778626;0.4471544715447155;0.2900763358778626;0.18;0.005;0.0;0.095;0.055;0.04;0.395;0.095;0.135;55;0.5272727272727272;0.145;184.0;0.005434782608695652;0.08695652173913043;0.09239130434782608;0.025449101796407185;0.090324715;-0.21549237742068397;-0.17325227963525835;1.4908325819056205;-0.6;-0.5087719298245614;4.10612760581175;0.03666855839056763;0.2953125;0.173828125;0.382421875;0.1484375;0.44375;1.6015252621544327;0.9426967482258236;2.073932846096812;0.8049994703950852;2.406524732549518;2560.0;-0.1195652173913043;0.1902173913043478;0.2754491017964072;0.5434782608695652;0.7
Financials-09;2022;Netherlands;Financials;-0.2762;6.056314;0.0021639880716755;0.0078040146425841;-1.487686421667736;-0.2978946997736211;-0.7363569303733809;1.842998729070065;-1.1898;0.0999;200;903;0.08095952023988005;0.0796443819106072;0.15442278860569716;0.0734632683658171;-0.04392764857881137;0.0027100271002710027;0.035;0.065;0.09090909090909091;-0.024793388429752067;0.11456628477905073;0.0473186119873817;26;0.14285714285714285;0.21739130434782608;53;0.18435754189944134;0.16129032258064516;60;0.09782608695652174;0.04;61;-0.05339805825242718;-0.4358974358974359;48;0.21468926553672316;0.4666666666666667;18;0.109375;0.2222222222222222;63;0.005076142131979695;-0.2698412698412698;71;0.034934497816593885;-0.24444444444444444;0.13;0.275;0.24;0.265;0.205;0.09;0.3;0.225;0.315;0.305;0.495;0.18705035971223022;0.39007092198581567;0.38129496402877694;0.2907801418439716;0.43165467625899273;0.3191489361702128;0.13;0.015;0.005;0.115;0.07;0.04;0.45;0.07;0.105;55;0.6363636363636364;0.175;280.0;0.017857142857142856;0.06785714285714285;0.08571428571428572;0.026578073089700997;0.08163216;-0.26591021213616184;-0.227012987012987;1.4690844147426942;-0.45;-0.38317757009345793;2.5262339681305868;0.06900250747549512;0.25120967741935485;0.1532258064516129;0.3758064516129032;0.21975806451612903;0.47096774193548385;1.521404674106816;0.9279835893428412;2.276001855967179;1.3309238320838117;2.8523285061906276;2480.0;-0.1;0.2178571428571428;0.3100775193798449;0.475;0.6015037593984962
Financials-09;2023;Netherlands;Financials;-0.2254;7.175913;0.0007550889851394;0.0070732255406576;-1.1823670360544565;0.2982028377903504;-1.293260609726968;1.3119971757077589;-1.4805;-0.1779;200;1102;0.11563517915309446;0.1205388171665055;0.18403908794788273;0.06840390879478828;-0.14425427872860636;-0.07894736842105263;0.04;0.075;0.12478920741989882;-0.08753315649867374;0.13403880070546736;-0.00911854103343465;31;0.12962962962962962;0.0196078431372549;63;0.33507853403141363;0.5166666666666667;43;0.09154929577464789;-0.27450980392156865;63;-0.11560693641618497;-0.6911764705882353;63;0.13861386138613863;0.02608695652173913;31;0.27884615384615385;0.6666666666666666;49;0.03870967741935484;-0.5074626865671642;57;0.05228758169934641;-0.2830188679245283;0.155;0.35;0.315;0.315;0.27;0.155;0.215;0.195;0.245;0.315;0.59;0.22627737226277375;0.4294478527607362;0.4598540145985402;0.33128834355828224;0.31386861313868614;0.23926380368098163;0.17;0.005;0.0;0.145;0.07;0.055;0.355;0.085;0.115;70;0.6142857142857143;0.215;392.0;0.025510204081632654;0.07397959183673469;0.09948979591836735;0.03539019963702359;0.10497909;-0.21776259607173357;-0.16991391028545538;1.570296960602994;-0.3469387755102041;-0.26717557251908397;2.1390374331550803;0.08004194711667077;0.28284720363928284;0.14343055927214343;0.28043885469628044;0.2932833823922933;0.5761305860315761;2.029686809916086;1.0292451562109954;2.012404708412543;2.1045759164314384;4.134262726347524;3737.0;0.0229591836734693;0.2193877551020408;0.3557168784029038;0.5;0.6479591836734694
Financials-09;2024;Netherlands;Financials;-0.3615;8.615126;0.0025452739495202;0.0081162479641138;-2.000358539636491;1.0644694433607875;-0.5856438592340303;2.0698718150351354;-3.0651;-1.7373;200;1231;0.025280898876404494;0.028513897670788713;0.13342696629213482;0.10814606741573034;-0.38076923076923075;-0.2747747747747748;0.09;0.16;0.05124223602484472;-0.31002331002331;0.10915492957746478;-0.10810810810810811;56;0.021367521367521368;-0.20388349514563106;50;0.1368421052631579;-0.06493506493506493;28;0.09090909090909091;-0.7014925373134329;66;-0.08558558558558559;-0.6122448979591837;94;0.027624309392265192;-0.21153846153846154;18;0.1111111111111111;0.1836734693877551;48;-0.01910828025477707;-0.6114285714285714;40;0.024793388429752067;-0.6363636363636364;0.28;0.425;0.47;0.25;0.18;0.09;0.14;0.17;0.24;0.33;0.605;0.41791044776119407;0.5483870967741935;0.3731343283582089;0.23225806451612901;0.20895522388059704;0.21935483870967742;0.255;0.03;0.0;0.14;0.085;0.035;0.265;0.095;0.095;85;0.4235294117647059;0.18;541.0;0.05730129390018484;0.04066543438077634;0.09796672828096117;0.0430544272948822;0.10769037;-0.3747260774287801;-0.2957630604689428;3.106501391348343;-0.19444444444444445;-0.03867403314917127;3.159415056869471;0.1007979763973686;0.3792134831460674;0.12116104868913857;0.2292134831460674;0.2704119850187266;0.649625468164794;3.266972121837894;1.043817759421786;1.9747031491997933;2.329633453794528;5.596605575632422;5340.0;-0.1404805914972273;0.2144177449168207;0.4394800974817222;0.3585951940850277;0.5824742268041238
Consumer Discretionary-09;2020;Netherlands;Consumer Discretionary;-0.4152;4.892206;0.0006247911308719;0.0081461551039824;-2.323107575215883;-0.9176897444802709;-1.3447641951482936;2.0916027599616265;-1.4055;0.3127;200;726;-0.041884816753926704;-0.0389248047407593;0.05410122164048865;0.09598603839441536;-0.41452991452991456;-0.35071090047393366;0.04;0.135;-0.03616636528028933;-0.4040632054176072;0.020833333333333332;-0.1067193675889328;36;-0.15126050420168066;-0.37373737373737376;38;0.11627906976744186;0.09803921568627451;35;0.019230769230769232;-0.0967741935483871;91;-0.06818181818181818;-0.609375;45;-0.09032258064516129;-0.3706293706293706;26;-0.09259259259259259;-0.4117647058823529;76;0.004784688995215311;-0.25757575757575757;53;-0.03870967741935484;-0.632;0.18;0.285;0.225;0.19;0.13;0.13;0.175;0.21;0.38;0.455;0.535;0.3302752293577982;0.45599999999999996;0.34862385321100925;0.20800000000000002;0.3211009174311927;0.33599999999999997;0.18;0.005;0.01;0.11;0.05;0.025;0.385;0.08;0.155;57;0.6140350877192983;0.175;241.0;0.06639004149377593;0.008298755186721992;0.07468879668049792;0.024793388429752067;0.07873659;-0.42926533090467517;-0.37333333333333335;2.3561468184003846;-0.234375;-0.15517241379310345;2.458512599877074;0.07255726836229578;0.2733734281027884;0.17878622197922361;0.48933843630399126;0.05850191361399672;0.3318753417167851;1.3373990263735087;0.8746589632482747;2.393944257208581;0.2862033916439309;1.6236024180174395;1829.0;-0.0829875518672199;0.4937759336099585;0.3319559228650138;0.4813278008298755;0.293103448275862
Consumer Discretionary-09;2021;Netherlands;Consumer Discretionary;-0.3656;5.525744;0.0006499573465491;0.0079839767939774;-2.025000458554098;-0.5803810815096859;-1.3348165997243455;1.9737617381028407;-1.4445;0.2098;200;813;-0.03411131059245961;-0.02860846254085082;0.07360861759425494;0.10771992818671454;-0.4252336448598131;-0.37721518987341773;0.04;0.1;-0.02973977695167286;-0.41265822784810124;0.020618556701030927;-0.25874125874125875;37;-0.03937007874015748;-0.3170731707317073;57;0.1590909090909091;-0.10869565217391304;26;-0.028169014084507043;-0.36585365853658536;80;-0.14537444933920704;-0.6150234741784038;62;-0.05759162303664921;-0.44;26;0.018518518518518517;-0.3442622950819672;54;-0.04929577464788732;-0.36633663366336633;58;-0.011764705882352941;-0.5;0.185;0.385;0.31;0.285;0.225;0.13;0.13;0.155;0.27;0.4;0.605;0.30833333333333335;0.5032679738562091;0.475;0.29411764705882354;0.21666666666666667;0.20261437908496732;0.21;0.005;0.025;0.14;0.05;0.02;0.345;0.06;0.145;77;0.6493506493506493;0.25;291.0;0.044673539518900345;0.01718213058419244;0.061855670103092786;0.02214022140221402;0.06726698;-0.3959731543624161;-0.3466424682395644;2.048403004324406;-0.056818181818181816;0.0;1.5408320493066257;0.08964707507424546;0.3170731707317073;0.14679313459801266;0.43450767841011745;0.1016260162601626;0.4186991869918699;1.752065290638181;0.8111413382584173;2.4009783612449147;0.561559388025058;2.3136246786632393;2214.0;-0.0549828178694158;0.3883161512027491;0.3579335793357933;0.5257731958762887;0.4183006535947712
Consumer Discretionary-09;2022;Netherlands;Consumer Discretionary;-0.3169;5.803301;0.0009746826189721;0.0077858216090697;-1.7323025436059347;-0.4326040254086684;-1.2064605657687018;1.8297794171905648;-1.2996;0.2186;200;891;-0.016605166051660517;-0.013966366813631515;0.07195571955719557;0.08856088560885608;-0.3037037037037037;-0.2578947368421053;0.04;0.085;-0.0076045627376425855;-0.2978723404255319;0.018404907975460124;-0.13804713804713806;40;-0.034482758620689655;-0.3023255813953488;31;0.17142857142857143;-0.02127659574468085;32;0.05555555555555555;0.07317073170731707;97;-0.08270676691729323;-0.42857142857142855;64;-0.0446927374301676;-0.3787878787878788;15;0.13513513513513514;0.3142857142857143;59;-0.012195121951219513;-0.25773195876288657;62;-0.024691358024691357;-0.41843971631205673;0.2;0.345;0.32;0.155;0.135;0.075;0.16;0.195;0.295;0.485;0.545;0.3883495145631068;0.5111111111111111;0.30097087378640774;0.2;0.3106796116504854;0.28888888888888886;0.185;0.005;0.025;0.075;0.05;0.015;0.435;0.065;0.145;69;0.6521739130434783;0.225;320.0;0.08125;0.0375;0.11875;0.04264870931537598;0.12091968;-0.3410468319559229;-0.28894173602853745;1.8360022087244616;-0.10900473933649289;-0.07389162561576355;0.988752935360277;0.10047062621847487;0.3693554612118873;0.130451563103049;0.38595137012736397;0.11424160555769973;0.483597066769587;2.143481084955316;0.7570497457835913;2.239792147288732;0.6629784755974646;2.8064595605527805;2591.0;-0.003125;0.409375;0.3591470258136924;0.521875;0.3532934131736527
Consumer Discretionary-09;2023;Netherlands;Consumer Discretionary;-0.268;6.074313;0.0011531989503536;0.0078301659850853;-1.4384025838325216;-0.288311661937205;-1.1358973844017255;1.8620006592494447;-1.1501;0.3488;200;935;0.031746031746031744;0.03416396448851893;0.1128747795414462;0.08112874779541446;-0.31683168316831684;-0.25806451612903225;0.045;0.1;0.04119850187265917;-0.30434782608695654;0.07535641547861507;-0.11913357400722022;39;0.1134020618556701;-0.024390243902439025;29;0.20833333333333334;0.0;38;0.11650485436893204;0.1320754716981132;94;-0.06779661016949153;-0.5193798449612403;60;0.047619047619047616;-0.10204081632653061;15;-0.10810810810810811;-0.5185185185185185;59;0.05056179775280899;-0.1937984496124031;66;0.02717391304347826;-0.5284552845528455;0.195;0.32;0.3;0.145;0.105;0.075;0.19;0.17;0.295;0.47;0.5;0.36792452830188677;0.5378151260504203;0.27358490566037735;0.17647058823529413;0.3584905660377358;0.28571428571428575;0.205;0.005;0.025;0.085;0.045;0.02;0.415;0.035;0.165;64;0.59375;0.19;340.0;0.07647058823529412;0.052941176470588235;0.12941176470588237;0.04705882352941177;0.1310886;-0.2884097035040431;-0.22987164527421236;1.8836417073007814;-0.1013215859030837;-0.06422018348623854;1.0863005431502717;0.09965119076256916;0.3726950354609929;0.1375886524822695;0.374113475177305;0.11560283687943262;0.48829787234042554;2.263866451265482;0.8357565966612817;2.2724824986537424;0.7022078621432418;2.9660743134087237;2820.0;0.0558823529411764;0.4029411764705882;0.3636363636363636;0.5264705882352941;0.3743016759776536
Consumer Discretionary-09;2024;Netherlands;Consumer Discretionary;-0.2419;7.469993;0.0013148116389412;0.0077448392093444;-1.2815357341375098;0.4547770789667111;-1.0720158035526768;1.8000010339917747;-1.7363;-0.3003;200;1193;0.01971326164874552;0.026634773473158534;0.08781362007168458;0.06810035842293907;-0.21739130434782608;-0.1523545706371191;0.055;0.1;0.030592734225621414;-0.17647058823529413;0.04032258064516129;-0.09841269841269841;44;0.06779661016949153;0.11428571428571428;41;0.17647058823529413;0.25;37;0.030612244897959183;-0.13793103448275862;78;-0.09417040358744394;-0.5392670157068062;65;0.02127659574468085;0.017857142857142856;28;0.15584415584415584;0.0;49;-0.030534351145038167;-0.38823529411764707;58;-0.006172839506172839;-0.391304347826087;0.22;0.425;0.325;0.205;0.225;0.14;0.185;0.205;0.245;0.39;0.64;0.36065573770491804;0.49707602339181284;0.3360655737704918;0.2631578947368421;0.30327868852459017;0.23976608187134502;0.16;0.03;0.025;0.17;0.035;0.035;0.335;0.08;0.13;85;0.5411764705882353;0.23;500.0;0.078;0.04;0.118;0.04945515507124895;0.121212035;-0.24369052544476624;-0.13446969696969696;3.325591791785243;-0.23076923076923078;-0.0963855421686747;5.303584491587418;0.10653781332502021;0.38420107719928187;0.18918312387791741;0.2847845601436266;0.14183123877917414;0.526032315978456;2.869979212767384;1.413196539931603;2.127338563669282;1.0594783075169316;3.9294575202843154;4456.0;-0.024;0.308;0.4191114836546521;0.466;0.4892703862660944
Consumer Discretionary-09;2018;Netherlands;Consumer Discretionary;-0.0701;6.709803;0.0043897613453691;0.0036749176311565;-0.2489792292485049;0.0500362859856926;0.143437326981406;-1.1572607456151984;-0.2991;-0.9495;200;605;0.12738853503184713;0.12430021767909866;0.16560509554140126;0.03821656050955414;-0.05217391304347826;-0.026785714285714284;0.01;0.03;0.12633832976445397;-0.04424778761061947;0.12638580931263857;0.019801980198019802;58;0.16891891891891891;0.23076923076923078;51;0.18253968253968253;0.012987012987012988;46;0.0970873786407767;-0.16279069767441862;45;0.02127659574468085;-0.4666666666666667;68;0.14450867052023122;0.22077922077922077;19;0.24489795918367346;-0.125;48;0.04504504504504504;-0.42857142857142855;65;0.13043478260869565;0.034482758620689655;0.29;0.37;0.34;0.255;0.165;0.095;0.23;0.16;0.24;0.225;0.605;0.3741935483870968;0.5323741007194244;0.3290322580645162;0.23741007194244604;0.29677419354838713;0.23021582733812948;0.18;0.02;0.095;0.195;0.04;0.02;0.3;0.085;0.065;74;0.6216216216216216;0.23;254.0;0.03937007874015748;0.0;0.03937007874015748;0.01652892561983471;0.042997226;-0.12176165803108809;-0.060941828254847646;1.3706140350877192;0.1870967741935484;0.21052631578947367;0.2760397497239603;0.22953451043338685;0.44537346711259757;0.21125975473801561;0.21962095875139354;0.12374581939799331;0.5691192865105908;2.988368178928077;1.4175113139095636;1.473613344803082;0.8303100572240716;3.8186782361521487;1794.0;0.1062992125984252;0.4251968503937008;0.4198347107438016;0.4330708661417323;0.4818181818181818
Consumer Discretionary-09;2019;Netherlands;Consumer Discretionary;-0.0731;5.86109;0.0047141440577401;0.0040186868940573;-0.267009901627242;-0.4018359730986144;0.2716579552467471;-0.9074732048358742;0.1347;-0.4549;200;766;0.09072164948453608;0.0908208473441527;0.13402061855670103;0.04329896907216495;-0.11607142857142858;-0.07476635514018691;0.02;0.04;0.1031578947368421;-0.08133971291866028;0.11572052401746726;0.0;52;0.12080536912751678;0.0;53;0.11971830985915492;-0.1111111111111111;48;0.02830188679245283;-0.08695652173913043;47;0.06818181818181818;-0.3684210526315789;66;0.1276595744680851;-0.02564102564102564;23;0.1206896551724138;0.0625;40;0.03409090909090909;-0.22727272727272727;71;0.06622516556291391;-0.22857142857142856;0.26;0.36;0.33;0.265;0.195;0.115;0.24;0.165;0.2;0.235;0.625;0.33986928104575165;0.5;0.3464052287581699;0.27083333333333337;0.3137254901960784;0.22916666666666669;0.165;0.0;0.105;0.18;0.04;0.025;0.35;0.045;0.09;72;0.5;0.18;285.0;0.03859649122807018;0.007017543859649123;0.0456140350877193;0.016971279373368148;0.050772354;-0.1232876712328767;-0.0743801652892562;1.1320517389572546;0.18974358974358974;0.2275132275132275;0.49916805324459235;0.20126923527737312;0.42813455657492355;0.2054026503567788;0.2650356778797146;0.10142711518858308;0.5295616717635067;2.5093353248693053;1.2038834951456312;1.5533980582524272;0.5944734876773712;3.1038088125466765;1962.0;0.1508771929824561;0.431578947368421;0.3720626631853786;0.4912280701754385;0.4428571428571428
Industrials-06;2018;Netherlands;Industrials;0.0789;7.964919;0.0032369217917928;0.0051139995738333;0.6465441655620986;0.7182858619116641;-0.3122522218488419;-0.1116037360038383;-0.0715;0.0289;76;76;0.19724770642201836;0.20412275331829666;0.21100917431192662;0.013761467889908258;-0.1079136690647482;0.024793388429752067;0.039473684210526314;0.09210526315789473;0.20673076923076922;-0.03225806451612903;0.20418848167539266;0.1276595744680851;7;;;22;0.3880597014925373;0.14285714285714285;28;0.06172839506172839;-0.5161290322580645;19;0.09090909090909091;-0.2;8;;;8;;;38;0.10434782608695652;-0.26582278481012656;22;0.25;-0.07692307692307693;0.09210526315789473;0.19736842105263158;0.10526315789473684;0.2894736842105263;0.19736842105263158;0.10526315789473684;0.3684210526315789;0.3157894736842105;0.5;0.25;0.5131578947368421;0.12280701754385964;0.2777777777777778;0.3859649122807018;0.2777777777777778;0.49122807017543857;0.4444444444444444;0.02631578947368421;0.039473684210526314;0.0;0.2236842105263158;0.07894736842105263;0.0;0.4473684210526316;0.10526315789473684;0.07894736842105263;15;0.6;0.11842105263157894;14.0;0.0;0.0;0.0;0.0;0.00047642845;-0.1079136690647482;0.024793388429752067;3.8371349392453635;0.3707865168539326;0.5061728395061729;1.7039403620873268;0.5002130833155763;0.04044943820224719;0.15955056179775282;0.6831460674157304;0.11685393258426967;0.15730337078651685;0.3221764811168784;1.2708072310721317;5.44120279219617;0.9307320565598712;1.2529085376767497;445.0;0.3571428571428571;0.1428571428571428;0.1842105263157894;0.5;0.8571428571428571
Industrials-06;2019;Netherlands;Industrials;0.0929;8.459215;0.0023740437879187;0.0042422601317808;0.7306873033295379;0.9814592198976224;-0.6533269941891457;-0.7450217722564272;-0.251;-0.2969;76;76;0.2;0.1989750352016715;0.20930232558139536;0.009302325581395349;0.01639344262295082;0.21568627450980393;0.06578947368421052;0.13157894736842105;0.2182741116751269;0.15151515151515152;0.2254335260115607;0.5;3;;;23;0.359375;0.3684210526315789;34;0.11827956989247312;-0.4339622641509434;16;0.11538461538461539;0.1111111111111111;4;;;6;;;47;0.1366906474820144;-0.2647058823529412;19;0.32075471698113206;0.2857142857142857;0.039473684210526314;0.09210526315789473;0.05263157894736842;0.3026315789473684;0.25;0.07894736842105263;0.4473684210526316;0.25;0.618421052631579;0.21052631578947367;0.40789473684210525;0.049999999999999996;0.15555555555555556;0.3833333333333333;0.4222222222222223;0.5666666666666667;0.4222222222222223;0.02631578947368421;0.013157894736842105;0.0;0.18421052631578946;0.07894736842105263;0.013157894736842105;0.5789473684210527;0.06578947368421052;0.039473684210526314;7;0.8571428571428571;0.07894736842105263;8.0;0.0;0.0;0.0;0.0;0.0008805543;0.01639344262295082;0.21568627450980393;4.371584699453552;0.1518987341772152;0.2638888888888889;2.152521525215252;0.587056593555375;0.026785714285714284;0.16964285714285715;0.6910714285714286;0.1125;0.1392857142857143;0.2265861027190332;1.4350453172205435;5.8459214501510575;0.9516616314199396;1.1782477341389728;560.0;0.625;0.25;0.1052631578947368;0.5;0.5
Industrials-06;2020;Netherlands;Industrials;0.0969;7.73957;0.0049087549087549;0.0059364796675571;0.7547281998345204;0.5983054189204648;0.3485829103467755;0.486021770760793;0.1567;0.2254;157;157;0.1462882096069869;0.1466485235888885;0.18340611353711792;0.03711790393013101;-0.019455252918287938;0.0815450643776824;0.05732484076433121;0.08917197452229299;0.1596244131455399;0.07142857142857142;0.16296296296296298;0.21649484536082475;10;0.16666666666666666;-0.5;47;0.3472222222222222;0.38596491228070173;47;0.06299212598425197;-0.2753623188405797;53;0.03067484662576687;-0.37037037037037035;11;0.1724137931034483;-0.5789473684210527;20;0.32786885245901637;0.5510204081632653;81;0.1111111111111111;-0.08943089430894309;45;0.12;-0.15151515151515152;0.06369426751592357;0.14012738853503184;0.07006369426751592;0.29936305732484075;0.21019108280254778;0.12738853503184713;0.29936305732484075;0.24203821656050956;0.5159235668789809;0.3375796178343949;0.4267515923566879;0.09615384615384616;0.2365591397849462;0.4519230769230769;0.3548387096774193;0.4519230769230769;0.4086021505376343;0.03184713375796178;0.0;0.006369426751592357;0.1910828025477707;0.044585987261146494;0.025477707006369428;0.5923566878980892;0.08917197452229299;0.01910828025477707;22;0.45454545454545453;0.06369426751592357;23.0;0.043478260869565216;0.0;0.043478260869565216;0.006369426751592357;0.0373;-0.019455252918287938;0.0815450643776824;2.3458117486071743;0.31851851851851853;0.3798449612403101;0.9071666162685212;0.3926387652122291;0.046094750320102434;0.20358514724711907;0.6414852752880922;0.1088348271446863;0.15492957746478872;0.356753542760876;1.5756614805272025;4.964820136755525;0.8423347537409573;1.1990882965018335;781.0;0.0434782608695652;0.1304347826086956;0.1464968152866242;0.391304347826087;0.7777777777777778
Industrials-06;2021;Netherlands;Industrials;-0.0051;6.165502;0.0054117468967605;0.0054127725856697;0.141685338957463;-0.2397607625947431;0.5474034585908658;0.105488901214807;0.3812;0.1602;200;298;0.15922619047619047;0.15679017702738443;0.18452380952380953;0.025297619047619048;0.01694915254237288;0.10429447852760736;0.035;0.075;0.17054263565891473;0.08978328173374613;0.1766612641815235;0.26865671641791045;8;;;48;0.2857142857142857;0.5596330275229358;69;0.11983471074380166;-0.14925373134328357;75;0.10084033613445378;-0.3939393939393939;24;0.1728395061728395;0.09523809523809523;27;0.32558139534883723;0.5172413793103449;90;0.10126582278481013;-0.125;59;0.1746031746031746;-0.0851063829787234;0.04;0.195;0.12;0.24;0.29;0.135;0.345;0.335;0.45;0.375;0.545;0.064;0.23780487804878048;0.384;0.3536585365853658;0.5519999999999999;0.40853658536585363;0.025;0.0;0.0;0.19;0.05;0.01;0.58;0.045;0.1;39;0.41025641025641024;0.08;56.0;0.03571428571428571;0.0;0.03571428571428571;0.006711409395973154;0.03790695;0.01761252446183953;0.09014675052410902;1.533673147187514;-0.16666666666666666;-0.03225806451612903;2.848191398461976;0.13672118380062306;0.06885593220338983;0.19597457627118645;0.5942796610169492;0.1408898305084746;0.2097457627118644;0.424531382666057;1.2082816275880086;3.664032395010124;0.868656521455163;1.29318790412122;944.0;0.1964285714285714;0.2857142857142857;0.1879194630872483;0.5178571428571429;0.6206896551724138
Industrials-06;2022;Netherlands;Industrials;0.0285;7.608377;0.0052130629267144;0.0046654132720562;0.3436288695993172;0.5284555671024211;0.4688684982060963;-0.43755279905466;-0.185;-0.6382;200;360;0.11885895404120443;0.1175920997293173;0.14580031695721077;0.02694136291600634;-0.04081632653061224;0.04059040590405904;0.03;0.045;0.12091503267973856;0.03345724907063197;0.12562814070351758;0.11475409836065574;25;0.09090909090909091;0.21052631578947367;47;0.2706766917293233;0.41025641025641024;70;0.084070796460177;-0.2549019607843137;58;0.06358381502890173;-0.34210526315789475;40;0.14285714285714285;0.4117647058823529;25;0.29411764705882354;0.6666666666666666;90;0.056338028169014086;-0.3684210526315789;45;0.11475409836065574;-0.25806451612903225;0.125;0.3;0.2;0.235;0.31;0.125;0.35;0.335;0.45;0.29;0.64;0.17605633802816903;0.31746031746031744;0.33098591549295775;0.328042328042328;0.49295774647887325;0.3544973544973545;0.095;0.005;0.005;0.18;0.06;0.025;0.5;0.06;0.07;60;0.5;0.15;101.0;0.07920792079207921;0.0297029702970297;0.10891089108910891;0.030555555555555555;0.10126404;0.026156941649899398;0.11353711790393013;1.6081147946561107;0.04;0.08333333333333333;0.894854586129754;0.1556298307917276;0.18966846569005397;0.17964533538936006;0.4772552043176561;0.15343099460292983;0.3430994602929838;1.4430691617293363;1.3668094092802252;3.631137443538453;1.1673608259517805;2.610429987681117;1297.0;0.0396039603960396;0.2673267326732673;0.2805555555555555;0.5247524752475248;0.6415094339622641
Industrials-06;2023;Netherlands;Industrials;-0.0021;8.336147;0.0069070373588184;0.0050788921243312;0.1597160113362;0.9159352852094684;1.138455555920084;-0.1371132984358094;-0.7563;-1.3941;200;551;0.13523131672597866;0.13531306799620496;0.17437722419928825;0.03914590747330961;-0.0033003300330033004;0.16602316602316602;0.1;0.105;0.15217391304347827;0.20833333333333334;0.15674603174603174;0.2554112554112554;29;0.045454545454545456;-0.1;52;0.22;0.10112359550561797;52;0.0958904109589041;0.1111111111111111;67;0.1404494382022472;-0.13725490196078433;51;0.0949367088607595;0.07936507936507936;25;0.2222222222222222;-0.16129032258064516;57;0.06962025316455696;-0.17525773195876287;67;0.19393939393939394;0.25925925925925924;0.145;0.345;0.255;0.26;0.28;0.125;0.26;0.24;0.285;0.335;0.6;0.21804511278195485;0.3988439306358381;0.39097744360902253;0.323699421965318;0.39097744360902253;0.2774566473988439;0.145;0.0;0.01;0.175;0.085;0.02;0.375;0.075;0.115;69;0.42028985507246375;0.145;184.0;0.09239130434782608;0.021739130434782608;0.11413043478260869;0.038112522686025406;0.11649274;0.025367156208277702;0.1583710407239819;2.531496526551278;-0.10880829015544041;0.01775147928994083;2.3235550392099915;0.2331550077876346;0.30468046804680465;0.15166516651665166;0.32223222322232226;0.22142214221422143;0.5261026102610261;2.539861189270306;1.2643031326205214;2.6861752016507223;1.8458075407991;4.385668730069406;2222.0;0.0815217391304347;0.375;0.3339382940108893;0.3641304347826087;0.4925373134328358
Industrials-06;2024;Netherlands;Industrials;0.0769;8.068182;0.0061434628363762;0.0056684071239539;0.6345237173096073;0.7732652072142845;0.8366330442352996;0.2912365219224761;-0.1386;-0.4113;200;705;0.1465076660988075;0.14904236671668708;0.17035775127768313;0.02385008517887564;0.22408026755852842;0.34558823529411764;0.055;0.055;0.14909090909090908;0.38996138996138996;0.14909090909090908;0.38996138996138996;36;0.08181818181818182;0.21951219512195122;53;0.24277456647398843;0.46296296296296297;48;0.07432432432432433;0.03333333333333333;63;0.15384615384615385;0.06666666666666667;63;0.12154696132596685;0.2;21;0.2804878048780488;0.5416666666666666;57;0.10588235294117647;0.043478260869565216;59;0.14935064935064934;0.25842696629213485;0.18;0.355;0.315;0.265;0.245;0.105;0.24;0.23;0.285;0.315;0.58;0.2627737226277372;0.42771084337349397;0.3868613138686131;0.29518072289156627;0.3503649635036496;0.27710843373493976;0.17;0.005;0.005;0.205;0.065;0.0;0.415;0.035;0.1;71;0.38028169014084506;0.135;246.0;0.07723577235772358;0.036585365853658534;0.11382113821138212;0.03971631205673759;0.11619138;0.09056956115779645;0.2294736842105263;2.64209446033583;0.0;0.15853658536585366;2.567394094993581;0.1810850439882698;0.31504818383988137;0.15196441808747221;0.29466271312083026;0.23832468495181616;0.5533728687916976;2.5418660287081343;1.2260765550239234;2.377392344497608;1.9228468899521527;4.464712918660287;2698.0;-0.0121951219512195;0.2845528455284553;0.3489361702127659;0.3292682926829268;0.5679012345679012
